GPRD;date
230,04;01.01.1985
115,68;02.01.1985
97,43;03.01.1985
157,37;04.01.1985
81,36;05.01.1985
167,30;06.01.1985
105,31;07.01.1985
87,40;08.01.1985
121,40;09.01.1985
140,63;10.01.1985
94,85;11.01.1985
95,55;12.01.1985
91,78;13.01.1985
211,64;14.01.1985
97,17;15.01.1985
106,33;16.01.1985
54,69;17.01.1985
111,21;18.01.1985
51,60;19.01.1985
77,84;20.01.1985
138,41;21.01.1985
51,76;22.01.1985
124,85;23.01.1985
83,65;24.01.1985
70,18;25.01.1985
54,13;26.01.1985
63,70;27.01.1985
101,50;28.01.1985
76,81;29.01.1985
16,16;30.01.1985
111,48;31.01.1985
106,61;01.02.1985
119,37;02.02.1985
112,16;03.02.1985
80,36;04.02.1985
174,89;05.02.1985
124,22;06.02.1985
130,96;07.02.1985
147,88;08.02.1985
123,83;09.02.1985
133,99;10.02.1985
139,18;11.02.1985
153,86;12.02.1985
109,64;13.02.1985
80,21;14.02.1985
83,96;15.02.1985
63,10;16.02.1985
68,30;17.02.1985
128,76;18.02.1985
100,11;19.02.1985
64,59;20.02.1985
85,60;21.02.1985
157,74;22.02.1985
200,44;23.02.1985
91,59;24.02.1985
100,13;25.02.1985
125,18;26.02.1985
120,73;27.02.1985
144,72;28.02.1985
146,57;01.03.1985
149,53;02.03.1985
77,76;03.03.1985
82,61;04.03.1985
137,31;05.03.1985
179,06;06.03.1985
132,50;07.03.1985
91,80;08.03.1985
90,14;09.03.1985
119,37;10.03.1985
129,74;11.03.1985
232,91;12.03.1985
183,18;13.03.1985
177,46;14.03.1985
138,34;15.03.1985
194,86;16.03.1985
42,65;17.03.1985
124,33;18.03.1985
139,11;19.03.1985
136,23;20.03.1985
118,59;21.03.1985
102,78;22.03.1985
98,72;23.03.1985
79,82;24.03.1985
75,63;25.03.1985
95,39;26.03.1985
135,94;27.03.1985
145,02;28.03.1985
87,00;29.03.1985
142,70;30.03.1985
70,31;31.03.1985
90,26;01.04.1985
79,06;02.04.1985
88,79;03.04.1985
155,72;04.04.1985
95,55;05.04.1985
179,06;06.04.1985
57,54;07.04.1985
149,37;08.04.1985
96,72;09.04.1985
92,44;10.04.1985
115,98;11.04.1985
81,25;12.04.1985
29,23;13.04.1985
53,43;14.04.1985
45,75;15.04.1985
135,51;16.04.1985
91,43;17.04.1985
77,53;18.04.1985
37,08;19.04.1985
105,83;20.04.1985
38,25;21.04.1985
50,96;22.04.1985
135,04;23.04.1985
96,34;24.04.1985
136,23;25.04.1985
53,62;26.04.1985
71,57;27.04.1985
41,84;28.04.1985
74,16;29.04.1985
101,56;30.04.1985
88,73;01.05.1985
164,91;02.05.1985
106,86;03.05.1985
110,42;04.05.1985
110,64;05.05.1985
110,70;06.05.1985
130,76;07.05.1985
98,46;08.05.1985
106,86;09.05.1985
87,50;10.05.1985
48,71;11.05.1985
85,30;12.05.1985
97,69;13.05.1985
108,10;14.05.1985
88,43;15.05.1985
96,11;16.05.1985
142,41;17.05.1985
92,30;18.05.1985
95,19;19.05.1985
108,75;20.05.1985
110,16;21.05.1985
139,31;22.05.1985
115,87;23.05.1985
92,94;24.05.1985
71,79;25.05.1985
83,96;26.05.1985
97,43;27.05.1985
121,72;28.05.1985
54,87;29.05.1985
86,30;30.05.1985
107,06;31.05.1985
72,01;01.06.1985
85,85;02.06.1985
120,02;03.06.1985
77,94;04.06.1985
103,98;05.06.1985
99,95;06.06.1985
114,46;07.06.1985
84,40;08.06.1985
71,09;09.06.1985
148,19;10.06.1985
106,12;11.06.1985
120,84;12.06.1985
128,89;13.06.1985
112,63;14.06.1985
114,95;15.06.1985
125,14;16.06.1985
133,57;17.06.1985
258,32;18.06.1985
165,63;19.06.1985
246,39;20.06.1985
213,71;21.06.1985
158,21;22.06.1985
147,05;23.06.1985
230,51;24.06.1985
205,66;25.06.1985
170,89;26.06.1985
204,30;27.06.1985
198,24;28.06.1985
188,69;29.06.1985
182,41;30.06.1985
255,47;01.07.1985
222,37;02.07.1985
142,72;03.07.1985
180,03;04.07.1985
139,39;05.07.1985
123,52;06.07.1985
75,86;07.07.1985
112,29;08.07.1985
153,03;09.07.1985
197,09;10.07.1985
150,91;11.07.1985
174,69;12.07.1985
165,08;13.07.1985
108,73;14.07.1985
136,80;15.07.1985
108,47;16.07.1985
90,34;17.07.1985
122,97;18.07.1985
104,27;19.07.1985
63,22;20.07.1985
53,29;21.07.1985
133,74;22.07.1985
167,20;23.07.1985
145,21;24.07.1985
81,19;25.07.1985
82,40;26.07.1985
107,63;27.07.1985
125,00;28.07.1985
120,96;29.07.1985
124,10;30.07.1985
106,54;31.07.1985
140,76;01.08.1985
75,10;02.08.1985
57,11;03.08.1985
60,37;04.08.1985
62,50;05.08.1985
116,64;06.08.1985
95,39;07.08.1985
42,04;08.08.1985
95,79;09.08.1985
64,53;10.08.1985
44,87;11.08.1985
120,63;12.08.1985
76,64;13.08.1985
101,09;14.08.1985
53,31;15.08.1985
59,29;16.08.1985
79,58;17.08.1985
72,80;18.08.1985
104,41;19.08.1985
83,44;20.08.1985
167,72;21.08.1985
108,10;22.08.1985
72,01;23.08.1985
63,70;24.08.1985
22,08;25.08.1985
70,29;26.08.1985
112,29;27.08.1985
77,76;28.08.1985
131,63;29.08.1985
65,11;30.08.1985
56,15;31.08.1985
63,40;01.09.1985
84,32;02.09.1985
84,94;03.09.1985
66,42;04.09.1985
59,82;05.09.1985
89,34;06.09.1985
114,89;07.09.1985
67,19;08.09.1985
84,94;09.09.1985
120,02;10.09.1985
151,95;11.09.1985
73,61;12.09.1985
103,30;13.09.1985
120,26;14.09.1985
78,70;15.09.1985
95,33;16.09.1985
124,86;17.09.1985
126,49;18.09.1985
126,59;19.09.1985
104,39;20.09.1985
52,08;21.09.1985
69,89;22.09.1985
115,36;23.09.1985
110,66;24.09.1985
120,84;25.09.1985
174,71;26.09.1985
144,02;27.09.1985
129,71;28.09.1985
79,18;29.09.1985
104,06;30.09.1985
154,24;01.10.1985
184,03;02.10.1985
100,99;03.10.1985
159,82;04.10.1985
103,20;05.10.1985
92,57;06.10.1985
88,44;07.10.1985
134,72;08.10.1985
162,45;09.10.1985
102,24;10.10.1985
82,13;11.10.1985
146,14;12.10.1985
67,19;13.10.1985
138,44;14.10.1985
190,47;15.10.1985
106,61;16.10.1985
122,39;17.10.1985
118,31;18.10.1985
81,01;19.10.1985
82,99;20.10.1985
129,90;21.10.1985
75,67;22.10.1985
102,60;23.10.1985
71,09;24.10.1985
85,30;25.10.1985
106,57;26.10.1985
68,73;27.10.1985
41,41;28.10.1985
47,32;29.10.1985
35,24;30.10.1985
109,45;31.10.1985
100,15;01.11.1985
120,82;02.11.1985
93,69;03.11.1985
155,56;04.11.1985
107,39;05.11.1985
63,30;06.11.1985
92,02;07.11.1985
70,03;08.11.1985
84,46;09.11.1985
77,19;10.11.1985
59,76;11.11.1985
88,57;12.11.1985
79,91;13.11.1985
97,02;14.11.1985
86,79;15.11.1985
45,13;16.11.1985
86,26;17.11.1985
132,86;18.11.1985
97,19;19.11.1985
103,25;20.11.1985
73,32;21.11.1985
138,02;22.11.1985
89,53;23.11.1985
80,79;24.11.1985
151,79;25.11.1985
54,95;26.11.1985
89,73;27.11.1985
132,50;28.11.1985
93,21;29.11.1985
132,91;30.11.1985
78,58;01.12.1985
77,04;02.12.1985
15,52;03.12.1985
90,76;04.12.1985
62,50;05.12.1985
84,94;06.12.1985
99,38;07.12.1985
96,59;08.12.1985
98,39;09.12.1985
92,72;10.12.1985
84,76;11.12.1985
76,68;12.12.1985
42,93;13.12.1985
76,03;14.12.1985
72,41;15.12.1985
67,60;16.12.1985
73,61;17.12.1985
74,61;18.12.1985
90,28;19.12.1985
126,06;20.12.1985
90,76;21.12.1985
40,32;22.12.1985
87,87;23.12.1985
96,02;24.12.1985
156,09;25.12.1985
165,17;26.12.1985
109,86;27.12.1985
307,86;28.12.1985
62,50;29.12.1985
263,38;30.12.1985
220,17;31.12.1985
269,63;01.01.1986
150,57;02.01.1986
166,88;03.01.1986
126,08;04.01.1986
115,63;05.01.1986
147,69;06.01.1986
174,35;07.01.1986
131,84;08.01.1986
146,14;09.01.1986
204,48;10.01.1986
120,26;11.01.1986
115,47;12.01.1986
147,64;13.01.1986
120,14;14.01.1986
129,27;15.01.1986
195,32;16.01.1986
155,28;17.01.1986
204,35;18.01.1986
73,61;19.01.1986
163,36;20.01.1986
54,45;21.01.1986
116,23;22.01.1986
94,20;23.01.1986
87,17;24.01.1986
227,03;25.01.1986
70,48;26.01.1986
140,11;27.01.1986
142,86;28.01.1986
145,36;29.01.1986
54,95;30.01.1986
96,77;31.01.1986
55,58;01.02.1986
78,36;02.02.1986
86,94;03.02.1986
71,43;04.02.1986
134,40;05.02.1986
109,90;06.02.1986
40,20;07.02.1986
86,04;08.02.1986
47,42;09.02.1986
84,22;10.02.1986
88,81;11.02.1986
116,52;12.02.1986
83,19;13.02.1986
38,70;14.02.1986
127,41;15.02.1986
97,02;16.02.1986
110,42;17.02.1986
101,22;18.02.1986
78,87;19.02.1986
124,85;20.02.1986
131,88;21.02.1986
148,64;22.02.1986
106,64;23.02.1986
158,16;24.02.1986
133,50;25.02.1986
107,85;26.02.1986
99,73;27.02.1986
119,37;28.02.1986
75,29;01.03.1986
98,59;02.03.1986
125,18;03.03.1986
25,42;04.03.1986
74,72;05.03.1986
94,87;06.03.1986
74,11;07.03.1986
69,74;08.03.1986
68,02;09.03.1986
75,93;10.03.1986
81,68;11.03.1986
78,87;12.03.1986
73,98;13.03.1986
85,34;14.03.1986
109,69;15.03.1986
39,59;16.03.1986
104,71;17.03.1986
57,78;18.03.1986
62,80;19.03.1986
38,88;20.03.1986
97,21;21.03.1986
117,88;22.03.1986
96,11;23.03.1986
120,14;24.03.1986
155,40;25.03.1986
220,31;26.03.1986
175,15;27.03.1986
131,63;28.03.1986
182,01;29.03.1986
142,93;30.03.1986
100,08;31.03.1986
70,29;01.04.1986
111,56;02.04.1986
142,93;03.04.1986
66,85;04.04.1986
98,52;05.04.1986
94,26;06.04.1986
127,08;07.04.1986
172,53;08.04.1986
122,69;09.04.1986
130,36;10.04.1986
190,82;11.04.1986
156,68;12.04.1986
92,21;13.04.1986
154,07;14.04.1986
289,13;15.04.1986
340,54;16.04.1986
166,01;17.04.1986
222,89;18.04.1986
143,07;19.04.1986
151,56;20.04.1986
117,41;21.04.1986
132,17;22.04.1986
164,45;23.04.1986
154,79;24.04.1986
101,26;25.04.1986
146,97;26.04.1986
125,98;27.04.1986
152,74;28.04.1986
171,96;29.04.1986
114,72;30.04.1986
95,48;01.05.1986
80,44;02.05.1986
117,54;03.05.1986
97,24;04.05.1986
155,43;05.05.1986
136,25;06.05.1986
94,20;07.05.1986
94,02;08.05.1986
66,25;09.05.1986
114,62;10.05.1986
47,91;11.05.1986
97,43;12.05.1986
113,62;13.05.1986
138,02;14.05.1986
111,48;15.05.1986
101,48;16.05.1986
81,36;17.05.1986
77,36;18.05.1986
93,58;19.05.1986
244,68;20.05.1986
160,80;21.05.1986
159,19;22.05.1986
81,70;23.05.1986
176,83;24.05.1986
195,74;25.05.1986
196,30;26.05.1986
169,39;27.05.1986
144,02;28.05.1986
96,72;29.05.1986
72,96;30.05.1986
98,07;31.05.1986
104,54;01.06.1986
94,11;02.06.1986
67,78;03.06.1986
118,59;04.06.1986
73,78;05.06.1986
100,38;06.06.1986
166,18;07.06.1986
56,90;08.06.1986
62,67;09.06.1986
101,66;10.06.1986
98,39;11.06.1986
134,29;12.06.1986
164,88;13.06.1986
92,02;14.06.1986
77,69;15.06.1986
79,50;16.06.1986
68,83;17.06.1986
72,01;18.06.1986
50,30;19.06.1986
142,17;20.06.1986
135,21;21.06.1986
38,34;22.06.1986
86,17;23.06.1986
80,58;24.06.1986
119,91;25.06.1986
114,23;26.06.1986
123,71;27.06.1986
88,04;28.06.1986
81,79;29.06.1986
93,31;30.06.1986
89,53;01.07.1986
66,42;02.07.1986
84,15;03.07.1986
75,04;04.07.1986
71,49;05.07.1986
80,99;06.07.1986
108,77;07.07.1986
101,78;08.07.1986
151,79;09.07.1986
117,19;10.07.1986
67,09;11.07.1986
81,08;12.07.1986
100,38;13.07.1986
130,89;14.07.1986
133,21;15.07.1986
82,61;16.07.1986
141,49;17.07.1986
77,94;18.07.1986
137,55;19.07.1986
102,05;20.07.1986
95,74;21.07.1986
71,24;22.07.1986
105,29;23.07.1986
97,19;24.07.1986
38,70;25.07.1986
88,34;26.07.1986
43,78;27.07.1986
96,58;28.07.1986
109,51;29.07.1986
95,79;30.07.1986
104,33;31.07.1986
77,40;01.08.1986
105,35;02.08.1986
96,99;03.08.1986
146,57;04.08.1986
66,63;05.08.1986
124,53;06.08.1986
80,21;07.08.1986
48,01;08.08.1986
178,74;09.08.1986
115,72;10.08.1986
158,69;11.08.1986
190,28;12.08.1986
202,81;13.08.1986
144,37;14.08.1986
88,34;15.08.1986
46,33;16.08.1986
57,74;17.08.1986
142,86;18.08.1986
99,02;19.08.1986
73,43;20.08.1986
58,63;21.08.1986
65,76;22.08.1986
119,59;23.08.1986
61,47;24.08.1986
121,72;25.08.1986
153,86;26.08.1986
87,38;27.08.1986
80,21;28.08.1986
88,02;29.08.1986
111,66;30.08.1986
64,81;31.08.1986
89,18;01.09.1986
88,20;02.09.1986
59,76;03.09.1986
72,54;04.09.1986
84,54;05.09.1986
256,69;06.09.1986
127,65;07.09.1986
133,57;08.09.1986
151,34;09.09.1986
88,23;10.09.1986
138,02;11.09.1986
67,45;12.09.1986
93,64;13.09.1986
106,45;14.09.1986
70,86;15.09.1986
102,29;16.09.1986
115,72;17.09.1986
99,95;18.09.1986
129,06;19.09.1986
124,79;20.09.1986
108,09;21.09.1986
188,75;22.09.1986
167,22;23.09.1986
163,03;24.09.1986
85,12;25.09.1986
184,85;26.09.1986
141,46;27.09.1986
77,34;28.09.1986
105,72;29.09.1986
121,19;30.09.1986
109,64;01.10.1986
102,15;02.10.1986
109,93;03.10.1986
131,19;04.10.1986
114,85;05.10.1986
125,68;06.10.1986
132,83;07.10.1986
39,34;08.10.1986
72,44;09.10.1986
83,38;10.10.1986
71,35;11.10.1986
79,66;12.10.1986
125,34;13.10.1986
149,37;14.10.1986
68,38;15.10.1986
96,02;16.10.1986
104,69;17.10.1986
62,11;18.10.1986
104,39;19.10.1986
79,93;20.10.1986
40,69;21.10.1986
73,94;22.10.1986
91,82;23.10.1986
66,70;24.10.1986
77,29;25.10.1986
99,49;26.10.1986
117,66;27.10.1986
140,78;28.10.1986
120,60;29.10.1986
62,76;30.10.1986
137,72;31.10.1986
77,29;01.11.1986
53,00;02.11.1986
81,68;03.11.1986
81,99;04.11.1986
197,09;05.11.1986
134,77;06.11.1986
126,55;07.11.1986
75,53;08.11.1986
109,41;09.11.1986
156,50;10.11.1986
160,41;11.11.1986
146,50;12.11.1986
117,00;13.11.1986
57,24;14.11.1986
152,05;15.11.1986
81,56;16.11.1986
141,14;17.11.1986
166,88;18.11.1986
102,53;19.11.1986
96,02;20.11.1986
109,73;21.11.1986
139,82;22.11.1986
59,04;23.11.1986
111,85;24.11.1986
108,47;25.11.1986
118,31;26.11.1986
82,36;27.11.1986
115,98;28.11.1986
89,53;29.11.1986
57,89;30.11.1986
85,60;01.12.1986
49,32;02.12.1986
93,09;03.12.1986
30,46;04.12.1986
85,12;05.12.1986
139,36;06.12.1986
60,78;07.12.1986
151,79;08.12.1986
127,70;09.12.1986
112,42;10.12.1986
116,46;11.12.1986
121,37;12.12.1986
106,86;13.12.1986
109,77;14.12.1986
112,44;15.12.1986
85,34;16.12.1986
73,94;17.12.1986
54,64;18.12.1986
55,44;19.12.1986
92,59;20.12.1986
99,95;21.12.1986
78,66;22.12.1986
66,09;23.12.1986
49,59;24.12.1986
93,31;25.12.1986
73,41;26.12.1986
175,89;27.12.1986
77,40;28.12.1986
73,38;29.12.1986
80,36;30.12.1986
86,72;31.12.1986
76,86;01.01.1987
54,75;02.01.1987
97,72;03.01.1987
73,36;04.01.1987
56,42;05.01.1987
112,05;06.01.1987
71,31;07.01.1987
65,42;08.01.1987
70,48;09.01.1987
158,14;10.01.1987
59,44;11.01.1987
90,55;12.01.1987
142,34;13.01.1987
120,57;14.01.1987
117,71;15.01.1987
127,64;16.01.1987
135,55;17.01.1987
96,37;18.01.1987
82,25;19.01.1987
89,90;20.01.1987
82,81;21.01.1987
80,10;22.01.1987
90,67;23.01.1987
113,39;24.01.1987
62,93;25.01.1987
104,39;26.01.1987
134,03;27.01.1987
98,70;28.01.1987
115,91;29.01.1987
133,72;30.01.1987
96,95;31.01.1987
76,08;01.02.1987
128,50;02.02.1987
117,42;03.02.1987
141,68;04.02.1987
78,44;05.02.1987
135,81;06.02.1987
163,90;07.02.1987
95,80;08.02.1987
125,14;09.02.1987
148,42;10.02.1987
69,41;11.02.1987
98,39;12.02.1987
96,93;13.02.1987
123,91;14.02.1987
155,62;15.02.1987
100,94;16.02.1987
78,03;17.02.1987
86,52;18.02.1987
82,68;19.02.1987
115,42;20.02.1987
82,20;21.02.1987
77,94;22.02.1987
117,00;23.02.1987
53,21;24.02.1987
116,12;25.02.1987
53,86;26.02.1987
63,40;27.02.1987
40,69;28.02.1987
76,15;01.03.1987
120,07;02.03.1987
146,80;03.03.1987
96,11;04.03.1987
94,49;05.03.1987
113,44;06.03.1987
133,21;07.03.1987
74,08;08.03.1987
115,22;09.03.1987
70,75;10.03.1987
41,93;11.03.1987
103,36;12.03.1987
62,82;13.03.1987
52,72;14.03.1987
71,57;15.03.1987
74,11;16.03.1987
26,29;17.03.1987
85,44;18.03.1987
86,87;19.03.1987
102,27;20.03.1987
130,07;21.03.1987
84,13;22.03.1987
142,07;23.03.1987
73,61;24.03.1987
74,30;25.03.1987
64,38;26.03.1987
69,57;27.03.1987
162,47;28.03.1987
55,55;29.03.1987
110,17;30.03.1987
115,55;31.03.1987
162,50;01.04.1987
114,79;02.04.1987
117,86;03.04.1987
65,92;04.04.1987
63,52;05.04.1987
112,29;06.04.1987
111,73;07.04.1987
110,01;08.04.1987
65,49;09.04.1987
110,62;10.04.1987
181,28;11.04.1987
91,17;12.04.1987
155,28;13.04.1987
122,93;14.04.1987
130,14;15.04.1987
82,96;16.04.1987
153,25;17.04.1987
131,10;18.04.1987
129,35;19.04.1987
134,18;20.04.1987
118,31;21.04.1987
135,34;22.04.1987
119,67;23.04.1987
83,93;24.04.1987
160,03;25.04.1987
95,10;26.04.1987
136,53;27.04.1987
183,67;28.04.1987
70,48;29.04.1987
81,22;30.04.1987
87,90;01.05.1987
66,42;02.05.1987
127,41;03.05.1987
92,61;04.05.1987
149,64;05.05.1987
108,30;06.05.1987
99,71;07.05.1987
92,34;08.05.1987
91,32;09.05.1987
84,36;10.05.1987
52,11;11.05.1987
78,10;12.05.1987
90,93;13.05.1987
67,26;14.05.1987
84,36;15.05.1987
102,53;16.05.1987
95,36;17.05.1987
133,09;18.05.1987
185,88;19.05.1987
106,86;20.05.1987
77,52;21.05.1987
132,50;22.05.1987
125,16;23.05.1987
104,67;24.05.1987
87,69;25.05.1987
82,44;26.05.1987
134,11;27.05.1987
134,37;28.05.1987
141,97;29.05.1987
94,87;30.05.1987
61,14;31.05.1987
128,57;01.06.1987
112,63;02.06.1987
128,11;03.06.1987
130,91;04.06.1987
91,54;05.06.1987
127,41;06.06.1987
104,01;07.06.1987
160,80;08.06.1987
102,32;09.06.1987
68,36;10.06.1987
90,14;11.06.1987
100,89;12.06.1987
70,29;13.06.1987
59,26;14.06.1987
85,74;15.06.1987
71,03;16.06.1987
61,12;17.06.1987
101,47;18.06.1987
60,63;19.06.1987
124,22;20.06.1987
97,97;21.06.1987
158,12;22.06.1987
93,69;23.06.1987
123,83;24.06.1987
67,95;25.06.1987
61,86;26.06.1987
152,11;27.06.1987
56,92;28.06.1987
92,02;29.06.1987
58,69;30.06.1987
100,58;01.07.1987
84,94;02.07.1987
94,11;03.07.1987
87,43;04.07.1987
103,32;05.07.1987
94,64;06.07.1987
99,09;07.07.1987
80,14;08.07.1987
99,49;09.07.1987
111,66;10.07.1987
93,91;11.07.1987
70,11;12.07.1987
82,81;13.07.1987
46,75;14.07.1987
98,15;15.07.1987
52,03;16.07.1987
178,89;17.07.1987
171,50;18.07.1987
63,15;19.07.1987
90,19;20.07.1987
96,22;21.07.1987
179,60;22.07.1987
102,72;23.07.1987
176,91;24.07.1987
104,06;25.07.1987
51,94;26.07.1987
90,42;27.07.1987
172,17;28.07.1987
102,95;29.07.1987
58,94;30.07.1987
111,72;31.07.1987
121,09;01.08.1987
84,08;02.08.1987
142,31;03.08.1987
128,78;04.08.1987
165,63;05.08.1987
119,20;06.08.1987
122,23;07.08.1987
111,85;08.08.1987
55,67;09.08.1987
77,58;10.08.1987
146,76;11.08.1987
115,40;12.08.1987
35,62;13.08.1987
88,89;14.08.1987
75,29;15.08.1987
128,76;16.08.1987
61,20;17.08.1987
79,98;18.08.1987
51,16;19.08.1987
36,87;20.08.1987
73,48;21.08.1987
99,63;22.08.1987
98,28;23.08.1987
101,09;24.08.1987
115,22;25.08.1987
105,50;26.08.1987
138,02;27.08.1987
136,78;28.08.1987
172,53;29.08.1987
114,82;30.08.1987
103,52;31.08.1987
108,83;01.09.1987
124,14;02.09.1987
87,02;03.09.1987
111,59;04.09.1987
119,53;05.09.1987
102,63;06.09.1987
172,91;07.09.1987
77,36;08.09.1987
103,32;09.09.1987
101,75;10.09.1987
87,46;11.09.1987
167,72;12.09.1987
64,66;13.09.1987
106,17;14.09.1987
101,53;15.09.1987
138,27;16.09.1987
128,16;17.09.1987
122,69;18.09.1987
219,15;19.09.1987
77,76;20.09.1987
143,70;21.09.1987
135,71;22.09.1987
161,31;23.09.1987
143,79;24.09.1987
147,88;25.09.1987
222,02;26.09.1987
143,10;27.09.1987
92,02;28.09.1987
166,27;29.09.1987
137,76;30.09.1987
99,12;01.10.1987
81,08;02.10.1987
125,34;03.10.1987
81,79;04.10.1987
43,68;05.10.1987
89,18;06.10.1987
109,77;07.10.1987
92,62;08.10.1987
76,30;09.10.1987
175,67;10.10.1987
88,34;11.10.1987
144,36;12.10.1987
98,05;13.10.1987
106,25;14.10.1987
85,90;15.10.1987
95,15;16.10.1987
141,29;17.10.1987
104,61;18.10.1987
120,84;19.10.1987
135,46;20.10.1987
79,89;21.10.1987
135,32;22.10.1987
128,92;23.10.1987
129,90;24.10.1987
86,17;25.10.1987
64,39;26.10.1987
94,64;27.10.1987
95,67;28.10.1987
101,35;29.10.1987
65,06;30.10.1987
92,23;31.10.1987
97,29;01.11.1987
80,63;02.11.1987
97,24;03.11.1987
81,36;04.11.1987
111,84;05.11.1987
73,73;06.11.1987
110,68;07.11.1987
68,60;08.11.1987
97,22;09.11.1987
89,53;10.11.1987
104,87;11.11.1987
77,42;12.11.1987
113,61;13.11.1987
146,50;14.11.1987
52,20;15.11.1987
103,09;16.11.1987
106,05;17.11.1987
90,02;18.11.1987
83,34;19.11.1987
102,01;20.11.1987
118,00;21.11.1987
63,70;22.11.1987
64,67;23.11.1987
99,58;24.11.1987
104,09;25.11.1987
132,50;26.11.1987
117,05;27.11.1987
133,21;28.11.1987
96,53;29.11.1987
123,55;30.11.1987
117,37;01.12.1987
120,77;02.12.1987
133,57;03.12.1987
177,65;04.12.1987
90,87;05.12.1987
105,83;06.12.1987
133,84;07.12.1987
197,03;08.12.1987
126,25;09.12.1987
77,15;10.12.1987
97,11;11.12.1987
143,70;12.12.1987
75,29;13.12.1987
105,27;14.12.1987
145,61;15.12.1987
148,68;16.12.1987
102,17;17.12.1987
62,90;18.12.1987
57,83;19.12.1987
76,78;20.12.1987
118,31;21.12.1987
112,63;22.12.1987
115,06;23.12.1987
88,67;24.12.1987
154,59;25.12.1987
169,01;26.12.1987
62,38;27.12.1987
72,96;28.12.1987
102,53;29.12.1987
104,17;30.12.1987
85,27;31.12.1987
55,67;01.01.1988
75,50;02.01.1988
118,88;03.01.1988
83,96;04.01.1988
116,83;05.01.1988
73,75;06.01.1988
82,40;07.01.1988
90,34;08.01.1988
88,87;09.01.1988
64,22;10.01.1988
92,61;11.01.1988
102,66;12.01.1988
85,72;13.01.1988
87,99;14.01.1988
96,26;15.01.1988
116,23;16.01.1988
55,86;17.01.1988
93,62;18.01.1988
60,23;19.01.1988
100,20;20.01.1988
159,58;21.01.1988
73,61;22.01.1988
88,23;23.01.1988
82,27;24.01.1988
99,95;25.01.1988
87,17;26.01.1988
74,72;27.01.1988
54,93;28.01.1988
41,78;29.01.1988
127,41;30.01.1988
61,86;31.01.1988
69,45;01.02.1988
64,32;02.02.1988
110,21;03.02.1988
75,65;04.02.1988
99,49;05.02.1988
90,64;06.02.1988
53,43;07.02.1988
85,85;08.02.1988
96,30;09.02.1988
60,56;10.02.1988
59,25;11.02.1988
37,77;12.02.1988
80,40;13.02.1988
44,63;14.02.1988
89,09;15.02.1988
124,74;16.02.1988
116,72;17.02.1988
108,79;18.02.1988
115,27;19.02.1988
113,11;20.02.1988
98,50;21.02.1988
100,79;22.02.1988
121,50;23.02.1988
93,81;24.02.1988
100,54;25.02.1988
80,79;26.02.1988
94,64;27.02.1988
58,39;28.02.1988
93,31;29.02.1988
92,53;01.03.1988
95,19;02.03.1988
103,35;03.03.1988
134,98;04.03.1988
129,40;05.03.1988
78,13;06.03.1988
115,63;07.03.1988
136,60;08.03.1988
116,43;09.03.1988
121,06;10.03.1988
112,10;11.03.1988
153,03;12.03.1988
60,87;13.03.1988
72,30;14.03.1988
87,01;15.03.1988
144,53;16.03.1988
146,62;17.03.1988
118,51;18.03.1988
174,35;19.03.1988
69,95;20.03.1988
123,77;21.03.1988
127,87;22.03.1988
105,72;23.03.1988
110,75;24.03.1988
93,39;25.03.1988
177,91;26.03.1988
111,12;27.03.1988
56,50;28.03.1988
100,79;29.03.1988
113,81;30.03.1988
97,58;31.03.1988
80,51;01.04.1988
88,57;02.04.1988
119,86;03.04.1988
155,79;04.04.1988
92,81;05.04.1988
123,14;06.04.1988
150,83;07.04.1988
96,72;08.04.1988
101,15;09.04.1988
94,50;10.04.1988
127,70;11.04.1988
150,87;12.04.1988
69,14;13.04.1988
143,07;14.04.1988
88,63;15.04.1988
166,77;16.04.1988
78,06;17.04.1988
167,37;18.04.1988
229,33;19.04.1988
151,43;20.04.1988
82,43;21.04.1988
93,70;22.04.1988
118,31;23.04.1988
77,28;24.04.1988
99,09;25.04.1988
124,88;26.04.1988
115,91;27.04.1988
89,10;28.04.1988
187,09;29.04.1988
149,50;30.04.1988
125,40;01.05.1988
94,44;02.05.1988
121,97;03.05.1988
91,17;04.05.1988
118,86;05.05.1988
97,43;06.05.1988
89,09;07.05.1988
68,35;08.05.1988
67,15;09.05.1988
103,52;10.05.1988
91,86;11.05.1988
118,50;12.05.1988
104,98;13.05.1988
150,21;14.05.1988
99,63;15.05.1988
173,96;16.05.1988
151,72;17.05.1988
117,42;18.05.1988
132,10;19.05.1988
72,99;20.05.1988
105,64;21.05.1988
57,66;22.05.1988
118,81;23.05.1988
98,78;24.05.1988
154,22;25.05.1988
109,03;26.05.1988
124,79;27.05.1988
150,95;28.05.1988
76,53;29.05.1988
69,19;30.05.1988
90,66;31.05.1988
44,59;01.06.1988
90,54;02.06.1988
63,81;03.06.1988
87,17;04.06.1988
65,38;05.06.1988
80,44;06.06.1988
62,62;07.06.1988
111,99;08.06.1988
54,39;09.06.1988
94,49;10.06.1988
86,14;11.06.1988
70,27;12.06.1988
88,61;13.06.1988
115,33;14.06.1988
87,94;15.06.1988
94,35;16.06.1988
76,63;17.06.1988
112,84;18.06.1988
65,06;19.06.1988
103,95;20.06.1988
143,73;21.06.1988
75,82;22.06.1988
54,13;23.06.1988
50,02;24.06.1988
129,90;25.06.1988
101,58;26.06.1988
93,41;27.06.1988
57,00;28.06.1988
69,27;29.06.1988
72,35;30.06.1988
50,67;01.07.1988
125,18;02.07.1988
66,13;03.07.1988
52,92;04.07.1988
120,73;05.07.1988
104,39;06.07.1988
92,02;07.07.1988
49,17;08.07.1988
86,26;09.07.1988
78,07;10.07.1988
106,33;11.07.1988
41,84;12.07.1988
64,95;13.07.1988
104,20;14.07.1988
74,02;15.07.1988
68,83;16.07.1988
103,52;17.07.1988
42,29;18.07.1988
152,89;19.07.1988
91,47;20.07.1988
88,89;21.07.1988
126,25;22.07.1988
123,01;23.07.1988
70,25;24.07.1988
52,11;25.07.1988
65,24;26.07.1988
104,13;27.07.1988
96,26;28.07.1988
93,40;29.07.1988
63,36;30.07.1988
77,81;31.07.1988
80,01;01.08.1988
103,09;02.08.1988
122,69;03.08.1988
137,07;04.08.1988
69,49;05.08.1988
96,91;06.08.1988
93,02;07.08.1988
56,15;08.08.1988
101,48;09.08.1988
91,43;10.08.1988
63,70;11.08.1988
124,53;12.08.1988
125,68;13.08.1988
48,09;14.08.1988
93,31;15.08.1988
79,56;16.08.1988
83,94;17.08.1988
76,03;18.08.1988
85,25;19.08.1988
71,62;20.08.1988
76,28;21.08.1988
134,60;22.08.1988
99,92;23.08.1988
72,96;24.08.1988
83,11;25.08.1988
82,18;26.08.1988
52,30;27.08.1988
86,18;28.08.1988
79,56;29.08.1988
89,16;30.08.1988
75,72;31.08.1988
109,65;01.09.1988
65,54;02.09.1988
106,23;03.09.1988
55,86;04.09.1988
48,01;05.09.1988
59,29;06.09.1988
86,47;07.09.1988
88,93;08.09.1988
110,60;09.09.1988
104,06;10.09.1988
46,07;11.09.1988
85,54;12.09.1988
104,75;13.09.1988
85,23;14.09.1988
116,23;15.09.1988
79,68;16.09.1988
25,03;17.09.1988
64,95;18.09.1988
87,35;19.09.1988
92,20;20.09.1988
53,33;21.09.1988
69,95;22.09.1988
69,79;23.09.1988
67,09;24.09.1988
43,40;25.09.1988
63,16;26.09.1988
114,02;27.09.1988
92,50;28.09.1988
67,39;29.09.1988
80,66;30.09.1988
83,65;01.10.1988
62,41;02.10.1988
108,17;03.10.1988
88,34;04.10.1988
87,63;05.10.1988
83,86;06.10.1988
79,28;07.10.1988
76,05;08.10.1988
62,50;09.10.1988
109,21;10.10.1988
87,71;11.10.1988
65,42;12.10.1988
37,34;13.10.1988
72,50;14.10.1988
51,76;15.10.1988
50,50;16.10.1988
66,55;17.10.1988
62,50;18.10.1988
75,43;19.10.1988
88,34;20.10.1988
43,37;21.10.1988
59,30;22.10.1988
103,20;23.10.1988
104,45;24.10.1988
114,67;25.10.1988
77,34;26.10.1988
55,58;27.10.1988
67,95;28.10.1988
94,64;29.10.1988
46,59;30.10.1988
62,11;31.10.1988
19,92;01.11.1988
61,23;02.11.1988
71,65;03.11.1988
66,81;04.11.1988
91,55;05.11.1988
50,11;06.11.1988
96,22;07.11.1988
58,23;08.11.1988
86,20;09.11.1988
71,30;10.11.1988
63,15;11.11.1988
117,98;12.11.1988
57,20;13.11.1988
71,70;14.11.1988
73,32;15.11.1988
81,87;16.11.1988
44,46;17.11.1988
56,05;18.11.1988
49,44;19.11.1988
69,30;20.11.1988
43,02;21.11.1988
39,99;22.11.1988
44,51;23.11.1988
63,58;24.11.1988
97,43;25.11.1988
147,88;26.11.1988
63,40;27.11.1988
81,88;28.11.1988
122,69;29.11.1988
89,88;30.11.1988
59,15;01.12.1988
45,85;02.12.1988
87,40;03.12.1988
81,03;04.12.1988
119,91;05.12.1988
105,79;06.12.1988
147,08;07.12.1988
115,31;08.12.1988
66,36;09.12.1988
53,14;10.12.1988
30,53;11.12.1988
71,24;12.12.1988
84,94;13.12.1988
98,33;14.12.1988
87,72;15.12.1988
116,03;16.12.1988
129,90;17.12.1988
151,04;18.12.1988
159,19;19.12.1988
74,98;20.12.1988
67,06;21.12.1988
66,03;22.12.1988
109,84;23.12.1988
148,77;24.12.1988
90,51;25.12.1988
51,89;26.12.1988
101,48;27.12.1988
79,31;28.12.1988
72,01;29.12.1988
82,43;30.12.1988
96,58;31.12.1988
63,55;01.01.1989
170,06;02.01.1989
90,91;03.01.1989
78,87;04.01.1989
139,05;05.01.1989
107,00;06.01.1989
116,77;07.01.1989
80,26;08.01.1989
75,29;09.01.1989
112,46;10.01.1989
98,22;11.01.1989
68,07;12.01.1989
90,76;13.01.1989
98,80;14.01.1989
60,09;15.01.1989
117,88;16.01.1989
113,85;17.01.1989
74,23;18.01.1989
60,81;19.01.1989
97,93;20.01.1989
84,63;21.01.1989
69,01;22.01.1989
65,38;23.01.1989
93,75;24.01.1989
160,21;25.01.1989
108,18;26.01.1989
92,48;27.01.1989
59,47;28.01.1989
51,93;29.01.1989
98,28;30.01.1989
70,27;31.01.1989
69,49;01.02.1989
113,15;02.02.1989
101,05;03.02.1989
81,65;04.02.1989
72,39;05.02.1989
125,34;06.02.1989
109,90;07.02.1989
140,65;08.02.1989
85,51;09.02.1989
141,71;10.02.1989
89,05;11.02.1989
110,05;12.02.1989
89,53;13.02.1989
107,02;14.02.1989
167,90;15.02.1989
86,89;16.02.1989
135,63;17.02.1989
138,26;18.02.1989
85,12;19.02.1989
84,94;20.02.1989
66,92;21.02.1989
59,24;22.02.1989
62,57;23.02.1989
66,58;24.02.1989
111,00;25.02.1989
52,19;26.02.1989
29,84;27.02.1989
84,94;28.02.1989
104,86;01.03.1989
48,12;02.03.1989
84,83;03.03.1989
86,68;04.03.1989
62,03;05.03.1989
84,65;06.03.1989
97,72;07.03.1989
52,43;08.03.1989
68,12;09.03.1989
77,04;10.03.1989
85,56;11.03.1989
97,52;12.03.1989
99,38;13.03.1989
127,60;14.03.1989
115,02;15.03.1989
110,05;16.03.1989
62,34;17.03.1989
140,05;18.03.1989
77,04;19.03.1989
150,57;20.03.1989
75,90;21.03.1989
98,53;22.03.1989
87,17;23.03.1989
97,18;24.03.1989
131,75;25.03.1989
98,28;26.03.1989
93,15;27.03.1989
92,30;28.03.1989
80,68;29.03.1989
65,09;30.03.1989
87,28;31.03.1989
52,12;01.04.1989
66,99;02.04.1989
90,14;03.04.1989
82,30;04.04.1989
73,41;05.04.1989
88,39;06.04.1989
129,17;07.04.1989
150,83;08.04.1989
79,50;09.04.1989
176,75;10.04.1989
124,44;11.04.1989
67,02;12.04.1989
52,17;13.04.1989
74,44;14.04.1989
87,33;15.04.1989
54,98;16.04.1989
54,13;17.04.1989
91,03;18.04.1989
77,71;19.04.1989
89,03;20.04.1989
64,36;21.04.1989
110,03;22.04.1989
42,47;23.04.1989
147,98;24.04.1989
104,92;25.04.1989
69,79;26.04.1989
94,75;27.04.1989
84,84;28.04.1989
100,02;29.04.1989
68,54;30.04.1989
120,56;01.05.1989
136,28;02.05.1989
103,06;03.05.1989
77,12;04.05.1989
103,39;05.05.1989
128,98;06.05.1989
63,26;07.05.1989
106,67;08.05.1989
102,34;09.05.1989
131,72;10.05.1989
98,83;11.05.1989
168,15;12.05.1989
115,02;13.05.1989
91,83;14.05.1989
98,56;15.05.1989
104,45;16.05.1989
69,01;17.05.1989
83,72;18.05.1989
104,90;19.05.1989
179,38;20.05.1989
114,93;21.05.1989
141,32;22.05.1989
98,81;23.05.1989
130,82;24.05.1989
121,89;25.05.1989
77,13;26.05.1989
112,59;27.05.1989
78,70;28.05.1989
108,02;29.05.1989
87,94;30.05.1989
74,94;31.05.1989
64,80;01.06.1989
64,32;02.06.1989
69,86;03.06.1989
99,65;04.06.1989
142,05;05.06.1989
155,59;06.06.1989
139,18;07.06.1989
97,21;08.06.1989
82,61;09.06.1989
119,73;10.06.1989
89,43;11.06.1989
109,08;12.06.1989
159,40;13.06.1989
74,34;14.06.1989
81,79;15.06.1989
87,17;16.06.1989
80,24;17.06.1989
63,34;18.06.1989
100,74;19.06.1989
80,67;20.06.1989
100,09;21.06.1989
70,56;22.06.1989
66,67;23.06.1989
74,89;24.06.1989
63,91;25.06.1989
82,96;26.06.1989
143,79;27.06.1989
92,66;28.06.1989
48,77;29.06.1989
83,65;30.06.1989
92,02;01.07.1989
99,78;02.07.1989
51,46;03.07.1989
100,95;04.07.1989
89,69;05.07.1989
73,61;06.07.1989
130,09;07.07.1989
86,26;08.07.1989
66,85;09.07.1989
88,17;10.07.1989
106,32;11.07.1989
77,04;12.07.1989
85,34;13.07.1989
99,02;14.07.1989
54,11;15.07.1989
94,86;16.07.1989
109,46;17.07.1989
142,83;18.07.1989
124,72;19.07.1989
83,38;20.07.1989
106,41;21.07.1989
113,00;22.07.1989
62,50;23.07.1989
47,15;24.07.1989
49,77;25.07.1989
82,30;26.07.1989
58,25;27.07.1989
55,85;28.07.1989
124,07;29.07.1989
69,25;30.07.1989
120,24;31.07.1989
200,60;01.08.1989
190,38;02.08.1989
138,19;03.08.1989
178,33;04.08.1989
192,38;05.08.1989
117,65;06.08.1989
200,58;07.08.1989
158,75;08.08.1989
93,02;09.08.1989
82,72;10.08.1989
86,69;11.08.1989
170,69;12.08.1989
91,21;13.08.1989
81,41;14.08.1989
139,97;15.08.1989
107,85;16.08.1989
76,20;17.08.1989
76,41;18.08.1989
104,79;19.08.1989
68,07;20.08.1989
80,04;21.08.1989
85,21;22.08.1989
76,33;23.08.1989
76,75;24.08.1989
64,20;25.08.1989
111,20;26.08.1989
77,21;27.08.1989
103,33;28.08.1989
110,42;29.08.1989
73,38;30.08.1989
74,36;31.08.1989
115,85;01.09.1989
63,70;02.09.1989
83,77;03.09.1989
130,36;04.09.1989
106,86;05.09.1989
110,58;06.09.1989
88,18;07.09.1989
100,51;08.09.1989
78,73;09.09.1989
81,21;10.09.1989
119,32;11.09.1989
60,87;12.09.1989
54,83;13.09.1989
75,12;14.09.1989
43,80;15.09.1989
56,34;16.09.1989
73,46;17.09.1989
89,83;18.09.1989
59,33;19.09.1989
123,67;20.09.1989
89,81;21.09.1989
121,19;22.09.1989
99,67;23.09.1989
79,66;24.09.1989
119,12;25.09.1989
120,37;26.09.1989
109,11;27.09.1989
73,53;28.09.1989
84,08;29.09.1989
61,14;30.09.1989
60,05;01.10.1989
57,81;02.10.1989
64,14;03.10.1989
109,96;04.10.1989
84,49;05.10.1989
100,51;06.10.1989
61,97;07.10.1989
32,16;08.10.1989
99,88;09.10.1989
90,68;10.10.1989
72,75;11.10.1989
53,83;12.10.1989
90,49;13.10.1989
68,90;14.10.1989
43,99;15.10.1989
53,95;16.10.1989
63,14;17.10.1989
70,76;18.10.1989
82,99;19.10.1989
55,67;20.10.1989
60,03;21.10.1989
36,26;22.10.1989
80,79;23.10.1989
97,43;24.10.1989
71,91;25.10.1989
67,45;26.10.1989
89,30;27.10.1989
84,08;28.10.1989
73,24;29.10.1989
78,44;30.10.1989
102,24;31.10.1989
147,33;01.11.1989
99,20;02.11.1989
110,97;03.11.1989
60,43;04.11.1989
82,58;05.11.1989
51,58;06.11.1989
106,69;07.11.1989
66,97;08.11.1989
77,45;09.11.1989
52,26;10.11.1989
49,85;11.11.1989
87,00;12.11.1989
161,45;13.11.1989
114,40;14.11.1989
81,01;15.11.1989
110,30;16.11.1989
60,16;17.11.1989
94,80;18.11.1989
50,86;19.11.1989
62,60;20.11.1989
131,72;21.11.1989
82,24;22.11.1989
78,67;23.11.1989
85,28;24.11.1989
76,74;25.11.1989
89,82;26.11.1989
138,02;27.11.1989
177,37;28.11.1989
123,19;29.11.1989
116,49;30.11.1989
130,29;01.12.1989
167,36;02.12.1989
115,82;03.12.1989
150,33;04.12.1989
148,32;05.12.1989
102,35;06.12.1989
68,16;07.12.1989
100,27;08.12.1989
92,82;09.12.1989
94,93;10.12.1989
105,66;11.12.1989
125,48;12.12.1989
72,66;13.12.1989
115,38;14.12.1989
124,27;15.12.1989
142,14;16.12.1989
115,75;17.12.1989
73,99;18.12.1989
143,80;19.12.1989
137,26;20.12.1989
164,35;21.12.1989
116,52;22.12.1989
103,72;23.12.1989
102,22;24.12.1989
91,59;25.12.1989
79,60;26.12.1989
80,10;27.12.1989
90,93;28.12.1989
103,52;29.12.1989
134,71;30.12.1989
53,06;31.12.1989
116,91;01.01.1990
71,49;02.01.1990
75,41;03.01.1990
56,09;04.01.1990
63,85;05.01.1990
67,35;06.01.1990
44,08;07.01.1990
102,84;08.01.1990
138,44;09.01.1990
103,52;10.01.1990
77,21;11.01.1990
69,95;12.01.1990
67,15;13.01.1990
74,11;14.01.1990
101,84;15.01.1990
78,40;16.01.1990
86,17;17.01.1990
65,60;18.01.1990
96,37;19.01.1990
81,72;20.01.1990
76,87;21.01.1990
69,12;22.01.1990
121,31;23.01.1990
72,01;24.01.1990
88,19;25.01.1990
77,42;26.01.1990
91,22;27.01.1990
53,83;28.01.1990
117,31;29.01.1990
83,92;30.01.1990
128,32;31.01.1990
77,21;01.02.1990
104,90;02.02.1990
115,36;03.02.1990
59,69;04.02.1990
115,42;05.02.1990
149,44;06.02.1990
93,50;07.02.1990
76,87;08.02.1990
69,70;09.02.1990
99,54;10.02.1990
54,99;11.02.1990
110,77;12.02.1990
82,30;13.02.1990
63,88;14.02.1990
69,24;15.02.1990
48,95;16.02.1990
69,98;17.02.1990
75,76;18.02.1990
98,77;19.02.1990
59,15;20.02.1990
62,67;21.02.1990
57,80;22.02.1990
41,51;23.02.1990
72,69;24.02.1990
51,38;25.02.1990
65,27;26.02.1990
127,22;27.02.1990
80,14;28.02.1990
57,67;01.03.1990
84,64;02.03.1990
34,15;03.03.1990
47,71;04.03.1990
74,20;05.03.1990
67,97;06.03.1990
77,89;07.03.1990
67,03;08.03.1990
59,96;09.03.1990
105,91;10.03.1990
44,49;11.03.1990
50,34;12.03.1990
72,12;13.03.1990
90,26;14.03.1990
59,09;15.03.1990
71,67;16.03.1990
84,17;17.03.1990
56,63;18.03.1990
62,39;19.03.1990
79,22;20.03.1990
67,79;21.03.1990
75,78;22.03.1990
35,58;23.03.1990
73,61;24.03.1990
71,73;25.03.1990
76,91;26.03.1990
75,17;27.03.1990
89,02;28.03.1990
82,46;29.03.1990
73,18;30.03.1990
110,05;31.03.1990
68,27;01.04.1990
132,06;02.04.1990
100,80;03.04.1990
86,15;04.04.1990
65,84;05.04.1990
92,57;06.04.1990
66,03;07.04.1990
40,51;08.04.1990
92,56;09.04.1990
89,53;10.04.1990
100,52;11.04.1990
74,69;12.04.1990
79,47;13.04.1990
100,56;14.04.1990
58,50;15.04.1990
90,29;16.04.1990
76,09;17.04.1990
97,16;18.04.1990
81,24;19.04.1990
131,39;20.04.1990
95,15;21.04.1990
86,87;22.04.1990
126,77;23.04.1990
77,71;24.04.1990
82,45;25.04.1990
92,81;26.04.1990
78,46;27.04.1990
85,08;28.04.1990
46,57;29.04.1990
44,61;30.04.1990
120,37;01.05.1990
151,62;02.05.1990
82,55;03.05.1990
97,07;04.05.1990
125,87;05.05.1990
52,68;06.05.1990
72,01;07.05.1990
64,08;08.05.1990
82,81;09.05.1990
66,04;10.05.1990
61,70;11.05.1990
29,52;12.05.1990
81,66;13.05.1990
95,12;14.05.1990
75,06;15.05.1990
110,85;16.05.1990
80,11;17.05.1990
70,23;18.05.1990
74,76;19.05.1990
74,19;20.05.1990
121,46;21.05.1990
91,48;22.05.1990
85,75;23.05.1990
99,41;24.05.1990
100,38;25.05.1990
94,48;26.05.1990
78,03;27.05.1990
140,36;28.05.1990
145,38;29.05.1990
93,31;30.05.1990
110,66;31.05.1990
84,84;01.06.1990
98,65;02.06.1990
80,47;03.06.1990
129,20;04.06.1990
99,24;05.06.1990
97,43;06.06.1990
80,44;07.06.1990
100,02;08.06.1990
87,33;09.06.1990
56,69;10.06.1990
38,26;11.06.1990
64,66;12.06.1990
74,65;13.06.1990
72,17;14.06.1990
73,79;15.06.1990
120,02;16.06.1990
56,93;17.06.1990
78,60;18.06.1990
65,85;19.06.1990
89,66;20.06.1990
66,55;21.06.1990
86,65;22.06.1990
118,31;23.06.1990
45,76;24.06.1990
53,05;25.06.1990
49,08;26.06.1990
101,08;27.06.1990
64,67;28.06.1990
97,19;29.06.1990
52,40;30.06.1990
89,82;01.07.1990
100,89;02.07.1990
127,22;03.07.1990
107,43;04.07.1990
85,46;05.07.1990
89,53;06.07.1990
143,25;07.07.1990
80,51;08.07.1990
55,96;09.07.1990
91,22;10.07.1990
61,61;11.07.1990
51,30;12.07.1990
75,86;13.07.1990
67,48;14.07.1990
62,78;15.07.1990
66,65;16.07.1990
39,67;17.07.1990
85,67;18.07.1990
82,25;19.07.1990
90,64;20.07.1990
105,35;21.07.1990
55,01;22.07.1990
107,77;23.07.1990
133,89;24.07.1990
122,69;25.07.1990
85,67;26.07.1990
79,76;27.07.1990
155,74;28.07.1990
57,51;29.07.1990
63,26;30.07.1990
130,76;31.07.1990
137,23;01.08.1990
108,86;02.08.1990
250,39;03.08.1990
213,33;04.08.1990
154,40;05.08.1990
257,97;06.08.1990
299,68;07.08.1990
324,48;08.08.1990
223,93;09.08.1990
216,13;10.08.1990
274,65;11.08.1990
210,50;12.08.1990
343,07;13.08.1990
379,88;14.08.1990
269,12;15.08.1990
192,85;16.08.1990
236,61;17.08.1990
249,20;18.08.1990
163,58;19.08.1990
234,89;20.08.1990
317,22;21.08.1990
344,55;22.08.1990
294,80;23.08.1990
270,33;24.08.1990
336,24;25.08.1990
209,75;26.08.1990
245,15;27.08.1990
266,15;28.08.1990
292,72;29.08.1990
186,42;30.08.1990
263,64;31.08.1990
261,36;01.09.1990
181,36;02.09.1990
259,24;03.09.1990
292,61;04.09.1990
275,64;05.09.1990
179,06;06.09.1990
211,11;07.09.1990
250,01;08.09.1990
134,60;09.09.1990
198,42;10.09.1990
187,15;11.09.1990
145,51;12.09.1990
130,04;13.09.1990
196,90;14.09.1990
276,54;15.09.1990
130,47;16.09.1990
184,62;17.09.1990
175,53;18.09.1990
206,75;19.09.1990
143,72;20.09.1990
172,69;21.09.1990
149,79;22.09.1990
132,37;23.09.1990
199,94;24.09.1990
280,19;25.09.1990
192,84;26.09.1990
153,66;27.09.1990
148,15;28.09.1990
165,94;29.09.1990
114,46;30.09.1990
213,21;01.10.1990
177,70;02.10.1990
129,12;03.10.1990
140,66;04.10.1990
179,60;05.10.1990
167,36;06.10.1990
112,78;07.10.1990
159,05;08.10.1990
146,36;09.10.1990
160,44;10.10.1990
104,30;11.10.1990
146,78;12.10.1990
170,65;13.10.1990
100,63;14.10.1990
167,20;15.10.1990
156,12;16.10.1990
132,32;17.10.1990
125,93;18.10.1990
159,45;19.10.1990
154,33;20.10.1990
123,93;21.10.1990
167,99;22.10.1990
144,02;23.10.1990
167,02;24.10.1990
115,72;25.10.1990
156,07;26.10.1990
118,31;27.10.1990
105,05;28.10.1990
147,35;29.10.1990
89,66;30.10.1990
173,36;31.10.1990
93,12;01.11.1990
124,02;02.11.1990
85,82;03.11.1990
99,80;04.11.1990
140,50;05.11.1990
230,65;06.11.1990
124,92;07.11.1990
117,44;08.11.1990
154,90;09.11.1990
196,51;10.11.1990
98,25;11.11.1990
160,70;12.11.1990
149,04;13.11.1990
199,94;14.11.1990
157,06;15.11.1990
160,54;16.11.1990
155,10;17.11.1990
117,03;18.11.1990
147,46;19.11.1990
164,66;20.11.1990
223,49;21.11.1990
114,81;22.11.1990
138,75;23.11.1990
230,96;24.11.1990
120,20;25.11.1990
174,96;26.11.1990
229,97;27.11.1990
191,56;28.11.1990
189,89;29.11.1990
161,98;30.11.1990
222,40;01.12.1990
104,04;02.12.1990
228,83;03.12.1990
206,74;04.12.1990
219,86;05.12.1990
172,61;06.12.1990
199,22;07.12.1990
189,13;08.12.1990
100,71;09.12.1990
150,05;10.12.1990
171,26;11.12.1990
117,66;12.12.1990
126,71;13.12.1990
135,04;14.12.1990
164,68;15.12.1990
106,37;16.12.1990
182,19;17.12.1990
177,99;18.12.1990
120,90;19.12.1990
131,51;20.12.1990
84,72;21.12.1990
207,80;22.12.1990
100,38;23.12.1990
103,90;24.12.1990
163,48;25.12.1990
216,18;26.12.1990
192,49;27.12.1990
107,81;28.12.1990
150,27;29.12.1990
99,13;30.12.1990
193,08;31.12.1990
179,96;01.01.1991
167,07;02.01.1991
161,91;03.01.1991
179,54;04.01.1991
252,91;05.01.1991
92,32;06.01.1991
244,94;07.01.1991
364,64;08.01.1991
300,28;09.01.1991
292,17;10.01.1991
376,15;11.01.1991
355,52;12.01.1991
233,96;13.01.1991
351,93;14.01.1991
572,30;15.01.1991
477,96;16.01.1991
565,65;17.01.1991
552,74;18.01.1991
391,99;19.01.1991
270,90;20.01.1991
460,97;21.01.1991
503,78;22.01.1991
437,26;23.01.1991
407,59;24.01.1991
414,07;25.01.1991
427,06;26.01.1991
275,46;27.01.1991
338,67;28.01.1991
447,91;29.01.1991
489,92;30.01.1991
338,40;31.01.1991
319,81;01.02.1991
323,61;02.02.1991
306,05;03.02.1991
312,30;04.02.1991
388,54;05.02.1991
384,49;06.02.1991
248,98;07.02.1991
362,51;08.02.1991
292,29;09.02.1991
203,85;10.02.1991
355,52;11.02.1991
279,66;12.02.1991
264,64;13.02.1991
294,45;14.02.1991
235,74;15.02.1991
284,27;16.02.1991
223,97;17.02.1991
367,28;18.02.1991
273,72;19.02.1991
286,21;20.02.1991
290,70;21.02.1991
324,60;22.02.1991
427,80;23.02.1991
277,76;24.02.1991
510,52;25.02.1991
369,17;26.02.1991
435,50;27.02.1991
242,75;28.02.1991
194,16;01.03.1991
210,32;02.03.1991
181,89;03.03.1991
225,07;04.03.1991
199,85;05.03.1991
194,86;06.03.1991
198,91;07.03.1991
113,65;08.03.1991
163,74;09.03.1991
158,26;10.03.1991
192,20;11.03.1991
197,61;12.03.1991
121,96;13.03.1991
80,51;14.03.1991
111,94;15.03.1991
166,52;16.03.1991
155,76;17.03.1991
212,67;18.03.1991
168,79;19.03.1991
133,61;20.03.1991
95,17;21.03.1991
125,07;22.03.1991
145,96;23.03.1991
85,21;24.03.1991
124,44;25.03.1991
105,56;26.03.1991
127,93;27.03.1991
103,40;28.03.1991
79,40;29.03.1991
100,38;30.03.1991
69,33;31.03.1991
78,30;01.04.1991
157,98;02.04.1991
151,22;03.04.1991
97,20;04.04.1991
108,99;05.04.1991
130,84;06.04.1991
82,73;07.04.1991
101,10;08.04.1991
98,15;09.04.1991
85,38;10.04.1991
88,61;11.04.1991
107,79;12.04.1991
61,59;13.04.1991
58,63;14.04.1991
134,71;15.04.1991
87,87;16.04.1991
125,79;17.04.1991
83,82;18.04.1991
100,12;19.04.1991
133,14;20.04.1991
66,96;21.04.1991
70,78;22.04.1991
64,78;23.04.1991
123,75;24.04.1991
48,24;25.04.1991
100,95;26.04.1991
87,33;27.04.1991
57,52;28.04.1991
99,33;29.04.1991
97,04;30.04.1991
120,08;01.05.1991
42,33;02.05.1991
70,01;03.05.1991
61,34;04.05.1991
64,55;05.05.1991
201,26;06.05.1991
123,67;07.05.1991
122,84;08.05.1991
71,49;09.05.1991
109,81;10.05.1991
88,54;11.05.1991
56,87;12.05.1991
105,66;13.05.1991
101,18;14.05.1991
94,41;15.05.1991
75,99;16.05.1991
63,10;17.05.1991
93,60;18.05.1991
53,54;19.05.1991
132,30;20.05.1991
70,67;21.05.1991
102,06;22.05.1991
108,83;23.05.1991
65,67;24.05.1991
74,56;25.05.1991
89,53;26.05.1991
109,35;27.05.1991
107,02;28.05.1991
56,29;29.05.1991
66,39;30.05.1991
118,82;31.05.1991
104,29;01.06.1991
68,09;02.06.1991
41,02;03.06.1991
118,00;04.06.1991
108,06;05.06.1991
61,41;06.06.1991
76,59;07.06.1991
121,51;08.06.1991
68,38;09.06.1991
105,88;10.06.1991
92,51;11.06.1991
93,71;12.06.1991
84,25;13.06.1991
89,63;14.06.1991
52,00;15.06.1991
58,25;16.06.1991
71,02;17.06.1991
90,14;18.06.1991
93,31;19.06.1991
58,36;20.06.1991
91,17;21.06.1991
43,80;22.06.1991
71,04;23.06.1991
54,96;24.06.1991
114,23;25.06.1991
74,98;26.06.1991
131,09;27.06.1991
135,04;28.06.1991
124,90;29.06.1991
85,24;30.06.1991
161,06;01.07.1991
115,49;02.07.1991
168,74;03.07.1991
172,75;04.07.1991
123,03;05.07.1991
151,10;06.07.1991
135,70;07.07.1991
179,36;08.07.1991
105,09;09.07.1991
130,15;10.07.1991
97,53;11.07.1991
103,39;12.07.1991
108,81;13.07.1991
109,51;14.07.1991
164,11;15.07.1991
126,05;16.07.1991
86,54;17.07.1991
90,24;18.07.1991
104,85;19.07.1991
66,58;20.07.1991
66,25;21.07.1991
104,01;22.07.1991
69,69;23.07.1991
85,05;24.07.1991
99,34;25.07.1991
102,62;26.07.1991
96,95;27.07.1991
68,46;28.07.1991
105,33;29.07.1991
104,14;30.07.1991
125,34;31.07.1991
96,55;01.08.1991
92,13;02.08.1991
94,96;03.08.1991
67,15;04.08.1991
63,50;05.08.1991
102,45;06.08.1991
113,41;07.08.1991
94,64;08.08.1991
135,12;09.08.1991
105,78;10.08.1991
73,01;11.08.1991
137,34;12.08.1991
85,58;13.08.1991
53,43;14.08.1991
66,55;15.08.1991
61,26;16.08.1991
97,77;17.08.1991
42,97;18.08.1991
59,35;19.08.1991
265,38;20.08.1991
196,87;21.08.1991
146,47;22.08.1991
155,15;23.08.1991
61,24;24.08.1991
66,64;25.08.1991
136,43;26.08.1991
132,86;27.08.1991
164,45;28.08.1991
134,85;29.08.1991
174,55;30.08.1991
88,48;31.08.1991
61,34;01.09.1991
127,16;02.09.1991
84,18;03.09.1991
97,16;04.09.1991
90,31;05.09.1991
129,16;06.09.1991
72,35;07.09.1991
96,66;08.09.1991
76,80;09.09.1991
113,60;10.09.1991
88,66;11.09.1991
114,23;12.09.1991
103,87;13.09.1991
149,40;14.09.1991
87,82;15.09.1991
157,29;16.09.1991
105,35;17.09.1991
95,14;18.09.1991
110,77;19.09.1991
133,69;20.09.1991
114,05;21.09.1991
84,35;22.09.1991
190,02;23.09.1991
150,57;24.09.1991
142,61;25.09.1991
162,52;26.09.1991
139,75;27.09.1991
172,53;28.09.1991
103,63;29.09.1991
133,49;30.09.1991
180,61;01.10.1991
107,41;02.10.1991
134,79;03.10.1991
140,96;04.10.1991
117,30;05.10.1991
79,86;06.10.1991
120,02;07.10.1991
157,74;08.10.1991
118,31;09.10.1991
59,27;10.10.1991
96,27;11.10.1991
113,50;12.10.1991
90,56;13.10.1991
36,35;14.10.1991
132,69;15.10.1991
80,33;16.10.1991
84,67;17.10.1991
68,34;18.10.1991
76,15;19.10.1991
81,84;20.10.1991
79,96;21.10.1991
103,66;22.10.1991
63,06;23.10.1991
76,11;24.10.1991
120,18;25.10.1991
79,43;26.10.1991
91,62;27.10.1991
83,68;28.10.1991
120,21;29.10.1991
112,56;30.10.1991
105,38;31.10.1991
64,40;01.11.1991
55,21;02.11.1991
81,88;03.11.1991
152,08;04.11.1991
113,16;05.11.1991
87,88;06.11.1991
53,64;07.11.1991
83,48;08.11.1991
107,76;09.11.1991
128,21;10.11.1991
126,68;11.11.1991
86,94;12.11.1991
92,35;13.11.1991
60,60;14.11.1991
95,17;15.11.1991
69,59;16.11.1991
59,84;17.11.1991
99,48;18.11.1991
121,72;19.11.1991
71,19;20.11.1991
122,57;21.11.1991
124,18;22.11.1991
128,20;23.11.1991
74,16;24.11.1991
96,02;25.11.1991
139,29;26.11.1991
93,67;27.11.1991
112,36;28.11.1991
136,35;29.11.1991
100,84;30.11.1991
77,38;01.12.1991
125,79;02.12.1991
120,86;03.12.1991
101,36;04.12.1991
71,35;05.12.1991
91,00;06.12.1991
90,76;07.12.1991
69,62;08.12.1991
100,52;09.12.1991
171,05;10.12.1991
106,86;11.12.1991
99,89;12.12.1991
104,57;13.12.1991
112,99;14.12.1991
107,10;15.12.1991
160,76;16.12.1991
97,69;17.12.1991
77,04;18.12.1991
88,15;19.12.1991
109,04;20.12.1991
105,24;21.12.1991
101,80;22.12.1991
93,46;23.12.1991
105,33;24.12.1991
86,55;25.12.1991
86,41;26.12.1991
92,56;27.12.1991
121,83;28.12.1991
85,25;29.12.1991
95,61;30.12.1991
141,17;31.12.1991
120,77;01.01.1992
103,37;02.01.1992
114,39;03.01.1992
130,68;04.01.1992
64,95;05.01.1992
114,77;06.01.1992
131,34;07.01.1992
108,11;08.01.1992
99,48;09.01.1992
94,43;10.01.1992
145,29;11.01.1992
91,91;12.01.1992
84,56;13.01.1992
124,33;14.01.1992
89,53;15.01.1992
55,04;16.01.1992
72,59;17.01.1992
100,53;18.01.1992
71,44;19.01.1992
131,96;20.01.1992
115,18;21.01.1992
80,60;22.01.1992
74,09;23.01.1992
113,01;24.01.1992
101,50;25.01.1992
65,96;26.01.1992
85,18;27.01.1992
97,95;28.01.1992
107,00;29.01.1992
146,85;30.01.1992
129,61;31.01.1992
91,35;01.02.1992
91,70;02.02.1992
105,16;03.02.1992
70,57;04.02.1992
97,43;05.02.1992
75,76;06.02.1992
99,71;07.02.1992
87,17;08.02.1992
95,15;09.02.1992
64,50;10.02.1992
74,29;11.02.1992
93,79;12.02.1992
77,43;13.02.1992
96,99;14.02.1992
86,81;15.02.1992
75,04;16.02.1992
43,88;17.02.1992
97,43;18.02.1992
119,04;19.02.1992
68,49;20.02.1992
78,96;21.02.1992
135,60;22.02.1992
92,22;23.02.1992
76,70;24.02.1992
93,50;25.02.1992
63,10;26.02.1992
37,53;27.02.1992
84,75;28.02.1992
87,29;29.02.1992
71,44;01.03.1992
51,83;02.03.1992
88,50;03.03.1992
65,63;04.03.1992
60,35;05.03.1992
58,18;06.03.1992
94,51;07.03.1992
49,60;08.03.1992
100,66;09.03.1992
88,45;10.03.1992
97,67;11.03.1992
72,16;12.03.1992
106,51;13.03.1992
68,30;14.03.1992
60,17;15.03.1992
82,58;16.03.1992
78,46;17.03.1992
75,02;18.03.1992
101,77;19.03.1992
129,25;20.03.1992
80,10;21.03.1992
73,21;22.03.1992
103,96;23.03.1992
75,00;24.03.1992
58,56;25.03.1992
91,56;26.03.1992
118,73;27.03.1992
93,84;28.03.1992
73,76;29.03.1992
134,23;30.03.1992
86,49;31.03.1992
118,74;01.04.1992
88,25;02.04.1992
67,46;03.04.1992
85,98;04.04.1992
70,12;05.04.1992
86,22;06.04.1992
96,32;07.04.1992
108,02;08.04.1992
75,29;09.04.1992
105,33;10.04.1992
85,42;11.04.1992
88,34;12.04.1992
80,67;13.04.1992
95,29;14.04.1992
108,88;15.04.1992
87,53;16.04.1992
117,05;17.04.1992
91,42;18.04.1992
54,43;19.04.1992
143,36;20.04.1992
116,39;21.04.1992
72,01;22.04.1992
57,94;23.04.1992
49,05;24.04.1992
103,66;25.04.1992
38,97;26.04.1992
88,65;27.04.1992
71,14;28.04.1992
64,56;29.04.1992
76,88;30.04.1992
52,52;01.05.1992
61,92;02.05.1992
70,41;03.05.1992
92,56;04.05.1992
60,54;05.05.1992
92,02;06.05.1992
85,38;07.05.1992
44,81;08.05.1992
76,33;09.05.1992
48,99;10.05.1992
67,42;11.05.1992
113,03;12.05.1992
55,08;13.05.1992
40,28;14.05.1992
50,30;15.05.1992
68,10;16.05.1992
53,37;17.05.1992
111,71;18.05.1992
85,93;19.05.1992
94,77;20.05.1992
73,24;21.05.1992
80,61;22.05.1992
89,27;23.05.1992
70,07;24.05.1992
149,44;25.05.1992
138,22;26.05.1992
80,30;27.05.1992
92,88;28.05.1992
68,41;29.05.1992
90,04;30.05.1992
85,70;31.05.1992
86,24;01.06.1992
56,22;02.06.1992
163,27;03.06.1992
117,32;04.06.1992
138,91;05.06.1992
104,47;06.06.1992
73,04;07.06.1992
63,99;08.06.1992
139,48;09.06.1992
83,23;10.06.1992
92,59;11.06.1992
70,32;12.06.1992
120,29;13.06.1992
63,92;14.06.1992
107,01;15.06.1992
126,02;16.06.1992
90,34;17.06.1992
98,10;18.06.1992
88,53;19.06.1992
85,18;20.06.1992
93,51;21.06.1992
75,17;22.06.1992
80,69;23.06.1992
116,82;24.06.1992
47,61;25.06.1992
43,83;26.06.1992
95,19;27.06.1992
79,50;28.06.1992
98,39;29.06.1992
56,29;30.06.1992
77,51;01.07.1992
53,37;02.07.1992
113,67;03.07.1992
72,24;04.07.1992
102,37;05.07.1992
74,80;06.07.1992
101,55;07.07.1992
132,86;08.07.1992
79,39;09.07.1992
63,56;10.07.1992
70,16;11.07.1992
19,65;12.07.1992
54,30;13.07.1992
97,43;14.07.1992
28,98;15.07.1992
78,79;16.07.1992
57,71;17.07.1992
50,65;18.07.1992
51,63;19.07.1992
69,23;20.07.1992
66,08;21.07.1992
76,75;22.07.1992
112,72;23.07.1992
106,40;24.07.1992
93,80;25.07.1992
73,37;26.07.1992
86,67;27.07.1992
94,64;28.07.1992
62,19;29.07.1992
30,96;30.07.1992
73,13;31.07.1992
67,82;01.08.1992
57,84;02.08.1992
66,92;03.08.1992
84,22;04.08.1992
66,41;05.08.1992
49,60;06.08.1992
89,63;07.08.1992
66,25;08.08.1992
54,60;09.08.1992
128,39;10.08.1992
144,65;11.08.1992
80,07;12.08.1992
61,08;13.08.1992
102,10;14.08.1992
69,23;15.08.1992
64,79;16.08.1992
124,16;17.08.1992
62,42;18.08.1992
76,25;19.08.1992
101,12;20.08.1992
52,40;21.08.1992
56,15;22.08.1992
23,14;23.08.1992
65,35;24.08.1992
118,82;25.08.1992
83,03;26.08.1992
143,86;27.08.1992
77,64;28.08.1992
101,77;29.08.1992
70,48;30.08.1992
108,97;31.08.1992
75,89;01.09.1992
72,48;02.09.1992
78,87;03.09.1992
98,39;04.09.1992
95,22;05.09.1992
57,91;06.09.1992
80,19;07.09.1992
86,92;08.09.1992
94,16;09.09.1992
52,75;10.09.1992
56,56;11.09.1992
75,61;12.09.1992
65,77;13.09.1992
93,10;14.09.1992
93,91;15.09.1992
86,83;16.09.1992
56,83;17.09.1992
99,27;18.09.1992
75,18;19.09.1992
66,18;20.09.1992
83,86;21.09.1992
104,61;22.09.1992
45,23;23.09.1992
64,26;24.09.1992
46,96;25.09.1992
96,72;26.09.1992
24,99;27.09.1992
99,33;28.09.1992
75,49;29.09.1992
90,34;30.09.1992
56,99;01.10.1992
74,64;02.10.1992
92,42;03.10.1992
55,67;04.10.1992
54,90;05.10.1992
34,51;06.10.1992
50,45;07.10.1992
74,64;08.10.1992
67,53;09.10.1992
47,94;10.10.1992
64,62;11.10.1992
126,68;12.10.1992
78,66;13.10.1992
58,04;14.10.1992
56,56;15.10.1992
83,07;16.10.1992
53,29;17.10.1992
69,59;18.10.1992
74,44;19.10.1992
66,17;20.10.1992
61,96;21.10.1992
82,81;22.10.1992
90,31;23.10.1992
61,87;24.10.1992
34,19;25.10.1992
72,96;26.10.1992
74,69;27.10.1992
89,07;28.10.1992
55,21;29.10.1992
50,68;30.10.1992
90,82;31.10.1992
52,69;01.11.1992
76,59;02.11.1992
79,93;03.11.1992
58,80;04.11.1992
54,64;05.11.1992
93,01;06.11.1992
69,79;07.11.1992
97,43;08.11.1992
163,46;09.11.1992
140,87;10.11.1992
130,76;11.11.1992
55,15;12.11.1992
86,28;13.11.1992
84,22;14.11.1992
61,34;15.11.1992
132,31;16.11.1992
99,63;17.11.1992
84,29;18.11.1992
89,44;19.11.1992
81,61;20.11.1992
84,34;21.11.1992
57,23;22.11.1992
148,77;23.11.1992
116,70;24.11.1992
96,69;25.11.1992
93,09;26.11.1992
54,30;27.11.1992
106,20;28.11.1992
92,81;29.11.1992
147,79;30.11.1992
143,22;01.12.1992
86,94;02.12.1992
60,66;03.12.1992
105,35;04.12.1992
112,93;05.12.1992
50,52;06.12.1992
76,92;07.12.1992
128,95;08.12.1992
84,29;09.12.1992
31,38;10.12.1992
61,14;11.12.1992
61,17;12.12.1992
67,53;13.12.1992
80,55;14.12.1992
49,37;15.12.1992
89,64;16.12.1992
88,29;17.12.1992
54,37;18.12.1992
95,84;19.12.1992
71,68;20.12.1992
72,46;21.12.1992
121,31;22.12.1992
122,02;23.12.1992
85,28;24.12.1992
84,94;25.12.1992
16,77;26.12.1992
71,07;27.12.1992
99,71;28.12.1992
106,86;29.12.1992
143,07;30.12.1992
88,65;31.12.1992
128,39;01.01.1993
111,39;02.01.1993
71,55;03.01.1993
122,35;04.01.1993
119,93;05.01.1993
84,32;06.01.1993
154,16;07.01.1993
131,09;08.01.1993
152,11;09.01.1993
67,68;10.01.1993
149,13;11.01.1993
160,48;12.01.1993
129,98;13.01.1993
257,90;14.01.1993
184,59;15.01.1993
132,33;16.01.1993
103,04;17.01.1993
172,31;18.01.1993
172,45;19.01.1993
96,48;20.01.1993
96,80;21.01.1993
113,76;22.01.1993
120,93;23.01.1993
71,60;24.01.1993
183,15;25.01.1993
140,72;26.01.1993
81,06;27.01.1993
113,42;28.01.1993
112,97;29.01.1993
111,21;30.01.1993
125,21;31.01.1993
133,13;01.02.1993
154,07;02.02.1993
139,80;03.02.1993
98,10;04.02.1993
99,52;05.02.1993
93,31;06.02.1993
61,60;07.02.1993
69,44;08.02.1993
100,62;09.02.1993
83,38;10.02.1993
111,80;11.02.1993
107,98;12.02.1993
45,55;13.02.1993
76,19;14.02.1993
81,73;15.02.1993
82,52;16.02.1993
57,71;17.02.1993
101,57;18.02.1993
90,80;19.02.1993
46,18;20.02.1993
55,67;21.02.1993
72,20;22.02.1993
85,84;23.02.1993
97,32;24.02.1993
118,08;25.02.1993
92,30;26.02.1993
86,45;27.02.1993
67,80;28.02.1993
104,47;01.03.1993
86,96;02.03.1993
60,02;03.03.1993
55,41;04.03.1993
66,99;05.03.1993
81,39;06.03.1993
69,45;07.03.1993
96,44;08.03.1993
130,66;09.03.1993
72,26;10.03.1993
87,69;11.03.1993
127,54;12.03.1993
100,38;13.03.1993
65,17;14.03.1993
58,53;15.03.1993
100,26;16.03.1993
138,65;17.03.1993
88,12;18.03.1993
114,81;19.03.1993
69,27;20.03.1993
65,60;21.03.1993
113,62;22.03.1993
134,66;23.03.1993
77,13;24.03.1993
104,48;25.03.1993
152,01;26.03.1993
114,65;27.03.1993
60,95;28.03.1993
83,34;29.03.1993
129,16;30.03.1993
90,38;31.03.1993
109,31;01.04.1993
102,48;02.04.1993
111,08;03.04.1993
98,02;04.04.1993
116,50;05.04.1993
80,51;06.04.1993
121,42;07.04.1993
151,32;08.04.1993
114,69;09.04.1993
70,20;10.04.1993
88,93;11.04.1993
140,86;12.04.1993
134,46;13.04.1993
138,53;14.04.1993
139,88;15.04.1993
111,40;16.04.1993
133,84;17.04.1993
86,44;18.04.1993
146,08;19.04.1993
123,94;20.04.1993
89,21;21.04.1993
101,22;22.04.1993
86,91;23.04.1993
108,88;24.04.1993
98,88;25.04.1993
123,28;26.04.1993
132,65;27.04.1993
110,42;28.04.1993
108,97;29.04.1993
133,03;30.04.1993
100,38;01.05.1993
93,58;02.05.1993
143,44;03.05.1993
159,30;04.05.1993
106,49;05.05.1993
127,52;06.05.1993
190,49;07.05.1993
116,82;08.05.1993
82,25;09.05.1993
119,22;10.05.1993
101,64;11.05.1993
113,31;12.05.1993
104,21;13.05.1993
123,55;14.05.1993
92,13;15.05.1993
75,29;16.05.1993
174,13;17.05.1993
140,96;18.05.1993
102,45;19.05.1993
67,67;20.05.1993
71,38;21.05.1993
117,41;22.05.1993
72,88;23.05.1993
128,33;24.05.1993
128,54;25.05.1993
133,88;26.05.1993
67,54;27.05.1993
65,73;28.05.1993
68,84;29.05.1993
91,03;30.05.1993
137,83;31.05.1993
152,11;01.06.1993
42,67;02.06.1993
62,25;03.06.1993
101,83;04.06.1993
152,89;05.06.1993
64,73;06.06.1993
106,86;07.06.1993
92,84;08.06.1993
92,11;09.06.1993
66,57;10.06.1993
80,48;11.06.1993
117,49;12.06.1993
56,37;13.06.1993
69,19;14.06.1993
95,17;15.06.1993
127,41;16.06.1993
99,63;17.06.1993
104,33;18.06.1993
89,97;19.06.1993
70,78;20.06.1993
93,86;21.06.1993
139,15;22.06.1993
146,47;23.06.1993
104,64;24.06.1993
124,61;25.06.1993
153,12;26.06.1993
68,56;27.06.1993
190,78;28.06.1993
169,50;29.06.1993
117,78;30.06.1993
105,79;01.07.1993
136,23;02.07.1993
155,98;03.07.1993
102,45;04.07.1993
143,56;05.07.1993
143,46;06.07.1993
155,54;07.07.1993
100,48;08.07.1993
101,23;09.07.1993
136,92;10.07.1993
133,26;11.07.1993
175,73;12.07.1993
136,68;13.07.1993
132,20;14.07.1993
133,17;15.07.1993
128,21;16.07.1993
162,42;17.07.1993
72,01;18.07.1993
141,84;19.07.1993
145,96;20.07.1993
115,22;21.07.1993
97,43;22.07.1993
112,77;23.07.1993
112,64;24.07.1993
55,33;25.07.1993
132,50;26.07.1993
118,60;27.07.1993
159,41;28.07.1993
118,43;29.07.1993
88,29;30.07.1993
118,62;31.07.1993
72,59;01.08.1993
113,91;02.08.1993
115,94;03.08.1993
101,44;04.08.1993
87,45;05.08.1993
73,53;06.08.1993
91,77;07.08.1993
53,99;08.08.1993
69,79;09.08.1993
116,96;10.08.1993
75,10;11.08.1993
87,00;12.08.1993
91,73;13.08.1993
95,64;14.08.1993
38,61;15.08.1993
114,54;16.08.1993
89,31;17.08.1993
107,24;18.08.1993
91,14;19.08.1993
95,06;20.08.1993
116,86;21.08.1993
68,07;22.08.1993
118,31;23.08.1993
82,30;24.08.1993
139,39;25.08.1993
153,99;26.08.1993
152,34;27.08.1993
120,21;28.08.1993
97,43;29.08.1993
99,46;30.08.1993
48,92;31.08.1993
68,65;01.09.1993
67,26;02.09.1993
105,47;03.09.1993
83,03;04.09.1993
83,67;05.09.1993
80,55;06.09.1993
111,91;07.09.1993
60,01;08.09.1993
103,31;09.09.1993
103,92;10.09.1993
91,90;11.09.1993
66,05;12.09.1993
78,48;13.09.1993
95,08;14.09.1993
64,80;15.09.1993
122,81;16.09.1993
77,66;17.09.1993
83,31;18.09.1993
98,39;19.09.1993
103,00;20.09.1993
89,92;21.09.1993
109,09;22.09.1993
95,87;23.09.1993
74,70;24.09.1993
76,38;25.09.1993
46,10;26.09.1993
84,63;27.09.1993
153,64;28.09.1993
80,71;29.09.1993
81,95;30.09.1993
161,27;01.10.1993
94,18;02.10.1993
55,87;03.10.1993
122,84;04.10.1993
128,97;05.10.1993
89,72;06.10.1993
84,46;07.10.1993
99,35;08.10.1993
106,60;09.10.1993
64,51;10.10.1993
66,17;11.10.1993
129,54;12.10.1993
136,94;13.10.1993
113,22;14.10.1993
98,55;15.10.1993
96,86;16.10.1993
92,11;17.10.1993
117,88;18.10.1993
149,08;19.10.1993
140,80;20.10.1993
87,33;21.10.1993
122,21;22.10.1993
89,53;23.10.1993
99,84;24.10.1993
160,56;25.10.1993
142,75;26.10.1993
101,15;27.10.1993
92,38;28.10.1993
106,75;29.10.1993
76,57;30.10.1993
53,52;31.10.1993
107,79;01.11.1993
77,31;02.11.1993
111,66;03.11.1993
76,34;04.11.1993
65,53;05.11.1993
115,05;06.11.1993
101,26;07.11.1993
92,35;08.11.1993
81,98;09.11.1993
63,78;10.11.1993
96,64;11.11.1993
60,29;12.11.1993
70,23;13.11.1993
53,13;14.11.1993
68,84;15.11.1993
72,63;16.11.1993
121,70;17.11.1993
91,40;18.11.1993
107,98;19.11.1993
62,28;20.11.1993
68,71;21.11.1993
73,79;22.11.1993
93,36;23.11.1993
77,20;24.11.1993
67,24;25.11.1993
72,09;26.11.1993
112,08;27.11.1993
54,30;28.11.1993
80,79;29.11.1993
109,36;30.11.1993
91,24;01.12.1993
47,07;02.12.1993
77,62;03.12.1993
92,44;04.12.1993
57,24;05.12.1993
63,34;06.12.1993
66,19;07.12.1993
125,89;08.12.1993
85,87;09.12.1993
103,42;10.12.1993
65,12;11.12.1993
50,87;12.12.1993
58,87;13.12.1993
108,23;14.12.1993
80,14;15.12.1993
82,18;16.12.1993
104,54;17.12.1993
74,12;18.12.1993
43,22;19.12.1993
91,29;20.12.1993
100,76;21.12.1993
53,76;22.12.1993
75,52;23.12.1993
96,93;24.12.1993
105,50;25.12.1993
90,96;26.12.1993
110,25;27.12.1993
112,29;28.12.1993
73,10;29.12.1993
28,25;30.12.1993
119,33;31.12.1993
82,30;01.01.1994
57,70;02.01.1994
81,35;03.01.1994
108,88;04.01.1994
98,52;05.01.1994
118,06;06.01.1994
109,06;07.01.1994
115,46;08.01.1994
64,77;09.01.1994
81,29;10.01.1994
114,77;11.01.1994
113,44;12.01.1994
84,27;13.01.1994
92,11;14.01.1994
96,13;15.01.1994
62,80;16.01.1994
75,29;17.01.1994
99,01;18.01.1994
81,74;19.01.1994
33,09;20.01.1994
60,16;21.01.1994
72,71;22.01.1994
43,22;23.01.1994
103,89;24.01.1994
100,03;25.01.1994
81,52;26.01.1994
86,82;27.01.1994
94,15;28.01.1994
51,82;29.01.1994
45,50;30.01.1994
91,67;31.01.1994
73,16;01.02.1994
88,66;02.02.1994
87,17;03.02.1994
101,30;04.02.1994
89,30;05.02.1994
98,22;06.02.1994
118,46;07.02.1994
182,71;08.02.1994
133,26;09.02.1994
124,56;10.02.1994
128,04;11.02.1994
96,84;12.02.1994
81,01;13.02.1994
168,30;14.02.1994
147,74;15.02.1994
193,41;16.02.1994
157,13;17.02.1994
112,70;18.02.1994
166,99;19.02.1994
134,17;20.02.1994
161,13;21.02.1994
140,56;22.02.1994
109,29;23.02.1994
114,67;24.02.1994
81,75;25.02.1994
106,48;26.02.1994
78,08;27.02.1994
88,62;28.02.1994
94,43;01.03.1994
112,29;02.03.1994
93,31;03.03.1994
130,89;04.03.1994
107,76;05.03.1994
45,05;06.03.1994
109,61;07.03.1994
105,76;08.03.1994
106,63;09.03.1994
128,32;10.03.1994
112,81;11.03.1994
48,18;12.03.1994
60,56;13.03.1994
71,58;14.03.1994
63,70;15.03.1994
100,49;16.03.1994
85,96;17.03.1994
111,96;18.03.1994
75,38;19.03.1994
127,26;20.03.1994
117,29;21.03.1994
136,33;22.03.1994
112,67;23.03.1994
91,92;24.03.1994
72,23;25.03.1994
68,30;26.03.1994
66,32;27.03.1994
120,77;28.03.1994
53,61;29.03.1994
64,03;30.03.1994
100,27;31.03.1994
94,64;01.04.1994
76,10;02.04.1994
68,40;03.04.1994
68,04;04.04.1994
85,64;05.04.1994
65,03;06.04.1994
65,92;07.04.1994
98,73;08.04.1994
53,56;09.04.1994
60,45;10.04.1994
103,78;11.04.1994
100,15;12.04.1994
87,56;13.04.1994
77,04;14.04.1994
138,91;15.04.1994
80,89;16.04.1994
61,27;17.04.1994
129,40;18.04.1994
107,10;19.04.1994
156,44;20.04.1994
105,41;21.04.1994
156,93;22.04.1994
115,19;23.04.1994
84,94;24.04.1994
129,59;25.04.1994
104,92;26.04.1994
104,08;27.04.1994
87,92;28.04.1994
98,78;29.04.1994
74,16;30.04.1994
65,01;01.05.1994
107,27;02.05.1994
128,86;03.05.1994
129,16;04.05.1994
90,25;05.05.1994
163,79;06.05.1994
91,79;07.05.1994
116,03;08.05.1994
141,31;09.05.1994
120,05;10.05.1994
80,79;11.05.1994
97,52;12.05.1994
137,19;13.05.1994
86,09;14.05.1994
84,40;15.05.1994
106,59;16.05.1994
96,63;17.05.1994
93,17;18.05.1994
69,74;19.05.1994
86,67;20.05.1994
85,78;21.05.1994
87,09;22.05.1994
107,83;23.05.1994
131,77;24.05.1994
125,45;25.05.1994
126,07;26.05.1994
145,64;27.05.1994
88,12;28.05.1994
66,01;29.05.1994
103,84;30.05.1994
107,93;31.05.1994
147,67;01.06.1994
80,71;02.06.1994
132,11;03.06.1994
141,74;04.06.1994
99,91;05.06.1994
87,94;06.06.1994
96,52;07.06.1994
99,16;08.06.1994
115,48;09.06.1994
155,38;10.06.1994
126,62;11.06.1994
98,48;12.06.1994
204,32;13.06.1994
132,06;14.06.1994
159,33;15.06.1994
122,93;16.06.1994
120,09;17.06.1994
148,92;18.06.1994
76,54;19.06.1994
163,99;20.06.1994
140,30;21.06.1994
95,41;22.06.1994
113,68;23.06.1994
159,52;24.06.1994
105,29;25.06.1994
63,70;26.06.1994
149,02;27.06.1994
118,69;28.06.1994
103,07;29.06.1994
73,68;30.06.1994
55,50;01.07.1994
96,91;02.07.1994
69,27;03.07.1994
107,85;04.07.1994
121,60;05.07.1994
149,14;06.07.1994
121,11;07.07.1994
131,05;08.07.1994
97,31;09.07.1994
97,43;10.07.1994
131,63;11.07.1994
72,01;12.07.1994
113,39;13.07.1994
99,89;14.07.1994
77,61;15.07.1994
124,93;16.07.1994
40,86;17.07.1994
110,00;18.07.1994
88,80;19.07.1994
82,91;20.07.1994
72,51;21.07.1994
104,33;22.07.1994
103,52;23.07.1994
59,45;24.07.1994
72,41;25.07.1994
99,02;26.07.1994
128,02;27.07.1994
125,97;28.07.1994
143,70;29.07.1994
137,85;30.07.1994
110,74;31.07.1994
178,69;01.08.1994
119,04;02.08.1994
87,07;03.08.1994
113,22;04.08.1994
143,87;05.08.1994
126,47;06.08.1994
84,44;07.08.1994
134,11;08.08.1994
124,22;09.08.1994
107,11;10.08.1994
90,37;11.08.1994
99,31;12.08.1994
123,00;13.08.1994
79,12;14.08.1994
101,64;15.08.1994
91,10;16.08.1994
79,37;17.08.1994
69,30;18.08.1994
85,12;19.08.1994
111,13;20.08.1994
90,07;21.08.1994
89,02;22.08.1994
58,26;23.08.1994
94,53;24.08.1994
96,45;25.08.1994
85,85;26.08.1994
71,28;27.08.1994
65,92;28.08.1994
122,53;29.08.1994
83,96;30.08.1994
122,69;31.08.1994
92,28;01.09.1994
124,68;02.09.1994
56,63;03.09.1994
78,33;04.09.1994
91,59;05.09.1994
87,52;06.09.1994
75,29;07.09.1994
97,79;08.09.1994
63,32;09.09.1994
74,13;10.09.1994
45,25;11.09.1994
109,58;12.09.1994
114,71;13.09.1994
83,72;14.09.1994
121,86;15.09.1994
92,29;16.09.1994
105,03;17.09.1994
81,79;18.09.1994
143,47;19.09.1994
152,55;20.09.1994
98,21;21.09.1994
107,81;22.09.1994
101,47;23.09.1994
80,50;24.09.1994
77,80;25.09.1994
86,04;26.09.1994
161,85;27.09.1994
123,38;28.09.1994
103,82;29.09.1994
101,27;30.09.1994
51,02;01.10.1994
43,86;02.10.1994
100,89;03.10.1994
68,14;04.10.1994
80,44;05.10.1994
69,08;06.10.1994
59,69;07.10.1994
122,08;08.10.1994
71,24;09.10.1994
159,86;10.10.1994
237,17;11.10.1994
146,67;12.10.1994
103,92;13.10.1994
127,28;14.10.1994
125,79;15.10.1994
72,01;16.10.1994
126,59;17.10.1994
142,17;18.10.1994
122,41;19.10.1994
116,73;20.10.1994
105,79;21.10.1994
85,84;22.10.1994
89,36;23.10.1994
96,91;24.10.1994
81,92;25.10.1994
42,15;26.10.1994
98,74;27.10.1994
81,91;28.10.1994
62,58;29.10.1994
63,53;30.10.1994
74,69;31.10.1994
70,80;01.11.1994
70,64;02.11.1994
44,34;03.11.1994
83,06;04.11.1994
55,14;05.11.1994
56,75;06.11.1994
85,93;07.11.1994
51,64;08.11.1994
60,07;09.11.1994
51,06;10.11.1994
134,99;11.11.1994
143,16;12.11.1994
90,97;13.11.1994
98,81;14.11.1994
137,07;15.11.1994
106,86;16.11.1994
107,29;17.11.1994
91,83;18.11.1994
87,47;19.11.1994
43,30;20.11.1994
118,46;21.11.1994
93,36;22.11.1994
81,84;23.11.1994
90,88;24.11.1994
90,76;25.11.1994
101,49;26.11.1994
72,15;27.11.1994
107,87;28.11.1994
154,16;29.11.1994
95,55;30.11.1994
103,07;01.12.1994
148,38;02.12.1994
119,33;03.12.1994
96,86;04.12.1994
116,61;05.12.1994
119,21;06.12.1994
88,29;07.12.1994
75,35;08.12.1994
77,32;09.12.1994
61,14;10.12.1994
58,66;11.12.1994
109,69;12.12.1994
141,37;13.12.1994
56,32;14.12.1994
95,08;15.12.1994
107,95;16.12.1994
114,09;17.12.1994
49,25;18.12.1994
111,91;19.12.1994
125,56;20.12.1994
100,27;21.12.1994
72,56;22.12.1994
61,20;23.12.1994
93,18;24.12.1994
64,61;25.12.1994
151,00;26.12.1994
140,53;27.12.1994
130,52;28.12.1994
59,37;29.12.1994
92,57;30.12.1994
131,19;31.12.1994
77,21;01.01.1995
69,98;02.01.1995
112,21;03.01.1995
87,29;04.01.1995
98,66;05.01.1995
88,59;06.01.1995
109,74;07.01.1995
38,64;08.01.1995
134,84;09.01.1995
83,41;10.01.1995
101,56;11.01.1995
81,46;12.01.1995
76,55;13.01.1995
71,32;14.01.1995
46,25;15.01.1995
100,65;16.01.1995
69,87;17.01.1995
96,95;18.01.1995
75,29;19.01.1995
68,49;20.01.1995
89,42;21.01.1995
37,26;22.01.1995
84,26;23.01.1995
90,19;24.01.1995
88,39;25.01.1995
47,64;26.01.1995
56,32;27.01.1995
48,12;28.01.1995
39,05;29.01.1995
131,10;30.01.1995
124,62;31.01.1995
76,84;01.02.1995
54,07;02.02.1995
47,48;03.02.1995
38,70;04.02.1995
72,09;05.02.1995
88,22;06.02.1995
83,34;07.02.1995
62,06;08.02.1995
86,70;09.02.1995
102,74;10.02.1995
89,63;11.02.1995
65,09;12.02.1995
82,36;13.02.1995
73,61;14.02.1995
96,86;15.02.1995
78,28;16.02.1995
84,67;17.02.1995
80,60;18.02.1995
90,51;19.02.1995
100,54;20.02.1995
120,23;21.02.1995
94,20;22.02.1995
75,94;23.02.1995
100,27;24.02.1995
72,19;25.02.1995
31,62;26.02.1995
49,63;27.02.1995
65,63;28.02.1995
81,84;01.03.1995
46,45;02.03.1995
54,01;03.03.1995
66,49;04.03.1995
49,81;05.03.1995
112,77;06.03.1995
65,35;07.03.1995
81,49;08.03.1995
92,81;09.03.1995
71,86;10.03.1995
70,56;11.03.1995
49,02;12.03.1995
88,73;13.03.1995
80,24;14.03.1995
99,11;15.03.1995
44,49;16.03.1995
50,68;17.03.1995
69,33;18.03.1995
31,42;19.03.1995
108,46;20.03.1995
138,02;21.03.1995
119,88;22.03.1995
150,57;23.03.1995
136,03;24.03.1995
52,84;25.03.1995
76,96;26.03.1995
91,26;27.03.1995
117,01;28.03.1995
106,12;29.03.1995
80,62;30.03.1995
93,56;31.03.1995
69,01;01.04.1995
55,59;02.04.1995
71,24;03.04.1995
94,41;04.04.1995
119,78;05.04.1995
110,54;06.04.1995
101,70;07.04.1995
86,41;08.04.1995
61,09;09.04.1995
92,13;10.04.1995
67,60;11.04.1995
101,52;12.04.1995
92,11;13.04.1995
99,68;14.04.1995
88,62;15.04.1995
87,57;16.04.1995
142,70;17.04.1995
108,47;18.04.1995
107,89;19.04.1995
166,90;20.04.1995
212,90;21.04.1995
90,08;22.04.1995
106,96;23.04.1995
94,77;24.04.1995
88,63;25.04.1995
92,91;26.04.1995
62,96;27.04.1995
75,37;28.04.1995
128,85;29.04.1995
73,07;30.04.1995
169,67;01.05.1995
124,42;02.05.1995
152,65;03.05.1995
82,28;04.05.1995
88,59;05.05.1995
67,35;06.05.1995
67,88;07.05.1995
104,86;08.05.1995
85,04;09.05.1995
81,24;10.05.1995
91,33;11.05.1995
88,28;12.05.1995
51,82;13.05.1995
53,31;14.05.1995
69,20;15.05.1995
59,72;16.05.1995
76,24;17.05.1995
76,53;18.05.1995
94,64;19.05.1995
60,08;20.05.1995
49,28;21.05.1995
76,10;22.05.1995
89,53;23.05.1995
90,24;24.05.1995
71,16;25.05.1995
74,32;26.05.1995
78,77;27.05.1995
53,03;28.05.1995
102,34;29.05.1995
148,53;30.05.1995
134,88;31.05.1995
159,03;01.06.1995
128,57;02.06.1995
88,96;03.06.1995
80,08;04.06.1995
140,09;05.06.1995
85,44;06.06.1995
111,26;07.06.1995
76,19;08.06.1995
134,63;09.06.1995
100,62;10.06.1995
65,70;11.06.1995
77,24;12.06.1995
103,15;13.06.1995
154,51;14.06.1995
151,89;15.06.1995
136,60;16.06.1995
138,37;17.06.1995
110,30;18.06.1995
138,41;19.06.1995
124,12;20.06.1995
120,73;21.06.1995
136,24;22.06.1995
83,91;23.06.1995
62,03;24.06.1995
79,82;25.06.1995
83,51;26.06.1995
67,68;27.06.1995
58,05;28.06.1995
118,04;29.06.1995
80,70;30.06.1995
91,65;01.07.1995
77,31;02.07.1995
37,95;03.07.1995
118,66;04.07.1995
59,64;05.07.1995
78,18;06.07.1995
87,47;07.07.1995
77,74;08.07.1995
49,10;09.07.1995
104,08;10.07.1995
78,77;11.07.1995
121,60;12.07.1995
89,63;13.07.1995
91,07;14.07.1995
112,14;15.07.1995
103,75;16.07.1995
185,39;17.07.1995
97,43;18.07.1995
134,66;19.07.1995
119,44;20.07.1995
109,91;21.07.1995
110,13;22.07.1995
60,71;23.07.1995
159,64;24.07.1995
141,05;25.07.1995
172,40;26.07.1995
161,79;27.07.1995
134,03;28.07.1995
158,39;29.07.1995
89,34;30.07.1995
158,60;31.07.1995
105,16;01.08.1995
116,30;02.08.1995
103,65;03.08.1995
130,51;04.08.1995
115,22;05.08.1995
96,23;06.08.1995
140,04;07.08.1995
119,41;08.08.1995
126,93;09.08.1995
111,10;10.08.1995
122,54;11.08.1995
99,08;12.08.1995
95,52;13.08.1995
171,95;14.08.1995
119,57;15.08.1995
113,53;16.08.1995
106,22;17.08.1995
164,36;18.08.1995
128,89;19.08.1995
77,99;20.08.1995
96,44;21.08.1995
82,38;22.08.1995
114,96;23.08.1995
71,84;24.08.1995
82,62;25.08.1995
84,94;26.08.1995
74,11;27.08.1995
88,99;28.08.1995
87,66;29.08.1995
116,16;30.08.1995
106,35;31.08.1995
70,09;01.09.1995
66,25;02.09.1995
59,22;03.09.1995
114,98;04.09.1995
105,09;05.09.1995
66,80;06.09.1995
104,33;07.09.1995
80,97;08.09.1995
118,60;09.09.1995
56,66;10.09.1995
101,86;11.09.1995
70,30;12.09.1995
87,65;13.09.1995
75,11;14.09.1995
49,55;15.09.1995
73,13;16.09.1995
42,97;17.09.1995
86,69;18.09.1995
57,11;19.09.1995
91,91;20.09.1995
55,15;21.09.1995
60,67;22.09.1995
81,39;23.09.1995
44,49;24.09.1995
39,18;25.09.1995
89,42;26.09.1995
37,26;27.09.1995
67,97;28.09.1995
60,29;29.09.1995
66,84;30.09.1995
72,21;01.10.1995
80,98;02.10.1995
58,18;03.10.1995
96,72;04.10.1995
48,21;05.10.1995
41,57;06.10.1995
90,14;07.10.1995
61,19;08.10.1995
64,56;09.10.1995
92,32;10.10.1995
73,46;11.10.1995
60,97;12.10.1995
63,70;13.10.1995
92,88;14.10.1995
91,85;15.10.1995
109,47;16.10.1995
60,49;17.10.1995
106,11;18.10.1995
80,56;19.10.1995
63,70;20.10.1995
52,23;21.10.1995
59,46;22.10.1995
23,63;23.10.1995
44,67;24.10.1995
48,01;25.10.1995
66,77;26.10.1995
63,22;27.10.1995
46,49;28.10.1995
58,82;29.10.1995
114,23;30.10.1995
44,67;31.10.1995
49,56;01.11.1995
87,08;02.11.1995
79,90;03.11.1995
23,83;04.11.1995
59,91;05.11.1995
101,72;06.11.1995
94,98;07.11.1995
87,94;08.11.1995
61,95;09.11.1995
72,80;10.11.1995
60,52;11.11.1995
65,60;12.11.1995
141,45;13.11.1995
126,96;14.11.1995
63,56;15.11.1995
45,91;16.11.1995
81,40;17.11.1995
86,14;18.11.1995
61,41;19.11.1995
53,86;20.11.1995
91,32;21.11.1995
105,16;22.11.1995
117,34;23.11.1995
122,98;24.11.1995
79,47;25.11.1995
54,62;26.11.1995
44,11;27.11.1995
70,66;28.11.1995
53,09;29.11.1995
59,82;30.11.1995
76,23;01.12.1995
23,72;02.12.1995
56,08;03.12.1995
78,65;04.12.1995
67,91;05.12.1995
74,19;06.12.1995
65,03;07.12.1995
74,93;08.12.1995
80,55;09.12.1995
72,33;10.12.1995
54,57;11.12.1995
89,21;12.12.1995
58,63;13.12.1995
65,31;14.12.1995
88,76;15.12.1995
95,84;16.12.1995
65,03;17.12.1995
68,92;18.12.1995
75,86;19.12.1995
53,80;20.12.1995
34,87;21.12.1995
32,40;22.12.1995
55,60;23.12.1995
34,81;24.12.1995
29,93;25.12.1995
65,99;26.12.1995
83,04;27.12.1995
67,24;28.12.1995
81,42;29.12.1995
57,28;30.12.1995
69,53;31.12.1995
102,15;01.01.1996
74,25;02.01.1996
40,15;03.01.1996
93,18;04.01.1996
92,53;05.01.1996
65,64;06.01.1996
73,61;07.01.1996
121,07;08.01.1996
73,00;09.01.1996
87,41;10.01.1996
100,76;11.01.1996
90,23;12.01.1996
65,23;13.01.1996
116,74;14.01.1996
138,24;15.01.1996
128,23;16.01.1996
99,83;17.01.1996
161,17;18.01.1996
94,51;19.01.1996
73,51;20.01.1996
70,63;21.01.1996
92,88;22.01.1996
59,73;23.01.1996
67,15;24.01.1996
83,55;25.01.1996
45,44;26.01.1996
69,74;27.01.1996
41,84;28.01.1996
97,43;29.01.1996
102,91;30.01.1996
50,70;31.01.1996
82,92;01.02.1996
122,86;02.02.1996
63,70;03.02.1996
58,89;04.02.1996
67,95;05.02.1996
57,96;06.02.1996
123,03;07.02.1996
106,71;08.02.1996
87,54;09.02.1996
96,86;10.02.1996
85,61;11.02.1996
68,79;12.02.1996
137,39;13.02.1996
92,63;14.02.1996
113,50;15.02.1996
98,52;16.02.1996
66,97;17.02.1996
60,35;18.02.1996
85,82;19.02.1996
107,38;20.02.1996
96,53;21.02.1996
81,95;22.02.1996
132,33;23.02.1996
43,53;24.02.1996
57,73;25.02.1996
118,69;26.02.1996
147,02;27.02.1996
173,26;28.02.1996
124,11;29.02.1996
85,17;01.03.1996
61,26;02.03.1996
67,60;03.03.1996
141,19;04.03.1996
170,94;05.03.1996
162,34;06.03.1996
126,93;07.03.1996
149,44;08.03.1996
120,46;09.03.1996
59,63;10.03.1996
122,69;11.03.1996
148,12;12.03.1996
119,01;13.03.1996
143,27;14.03.1996
136,47;15.03.1996
49,92;16.03.1996
66,12;17.03.1996
61,25;18.03.1996
59,89;19.03.1996
94,52;20.03.1996
58,48;21.03.1996
71,37;22.03.1996
74,53;23.03.1996
51,16;24.03.1996
137,36;25.03.1996
33,61;26.03.1996
76,00;27.03.1996
88,98;28.03.1996
99,25;29.03.1996
36,35;30.03.1996
43,83;31.03.1996
152,65;01.04.1996
88,34;02.04.1996
81,84;03.04.1996
77,04;04.04.1996
73,71;05.04.1996
73,71;06.04.1996
40,81;07.04.1996
133,67;08.04.1996
76,80;09.04.1996
73,31;10.04.1996
111,13;11.04.1996
98,08;12.04.1996
95,64;13.04.1996
94,83;14.04.1996
96,33;15.04.1996
79,54;16.04.1996
149,34;17.04.1996
139,08;18.04.1996
112,36;19.04.1996
116,00;20.04.1996
53,43;21.04.1996
135,08;22.04.1996
137,31;23.04.1996
94,80;24.04.1996
95,88;25.04.1996
129,20;26.04.1996
94,81;27.04.1996
47,61;28.04.1996
97,24;29.04.1996
125,37;30.04.1996
92,88;01.05.1996
61,67;02.05.1996
41,46;03.05.1996
42,41;04.05.1996
27,90;05.05.1996
106,68;06.05.1996
50,54;07.05.1996
66,16;08.05.1996
99,72;09.05.1996
56,66;10.05.1996
80,58;11.05.1996
58,63;12.05.1996
89,53;13.05.1996
57,53;14.05.1996
65,81;15.05.1996
95,89;16.05.1996
71,14;17.05.1996
72,21;18.05.1996
33,53;19.05.1996
106,86;20.05.1996
136,56;21.05.1996
76,44;22.05.1996
107,55;23.05.1996
100,12;24.05.1996
88,28;25.05.1996
56,36;26.05.1996
100,76;27.05.1996
78,64;28.05.1996
61,43;29.05.1996
61,43;30.05.1996
115,88;31.05.1996
56,85;01.06.1996
64,95;02.06.1996
64,23;03.06.1996
59,37;04.06.1996
54,24;05.06.1996
53,99;06.06.1996
75,46;07.06.1996
37,60;08.06.1996
26,55;09.06.1996
129,54;10.06.1996
65,43;11.06.1996
62,78;12.06.1996
83,54;13.06.1996
77,94;14.06.1996
80,14;15.06.1996
58,37;16.06.1996
91,77;17.06.1996
62,58;18.06.1996
115,96;19.06.1996
69,33;20.06.1996
118,17;21.06.1996
63,17;22.06.1996
71,17;23.06.1996
45,94;24.06.1996
125,00;25.06.1996
80,79;26.06.1996
181,72;27.06.1996
112,04;28.06.1996
105,60;29.06.1996
96,62;30.06.1996
107,65;01.07.1996
96,48;02.07.1996
59,02;03.07.1996
52,86;04.07.1996
86,60;05.07.1996
36,36;06.07.1996
65,38;07.07.1996
93,38;08.07.1996
126,49;09.07.1996
89,75;10.07.1996
117,63;11.07.1996
59,51;12.07.1996
59,65;13.07.1996
42,55;14.07.1996
84,34;15.07.1996
80,50;16.07.1996
101,12;17.07.1996
101,81;18.07.1996
101,93;19.07.1996
101,93;20.07.1996
122,36;21.07.1996
117,73;22.07.1996
83,34;23.07.1996
120,46;24.07.1996
94,64;25.07.1996
105,28;26.07.1996
105,67;27.07.1996
49,08;28.07.1996
134,42;29.07.1996
141,31;30.07.1996
131,23;31.07.1996
102,40;01.08.1996
61,06;02.08.1996
73,36;03.08.1996
102,83;04.08.1996
136,34;05.08.1996
134,84;06.08.1996
157,74;07.08.1996
160,07;08.08.1996
116,91;09.08.1996
75,29;10.08.1996
96,55;11.08.1996
65,78;12.08.1996
134,84;13.08.1996
68,04;14.08.1996
97,43;15.08.1996
54,93;16.08.1996
85,88;17.08.1996
45,38;18.08.1996
101,15;19.08.1996
89,53;20.08.1996
100,25;21.08.1996
104,17;22.08.1996
76,64;23.08.1996
61,80;24.08.1996
54,87;25.08.1996
82,94;26.08.1996
51,03;27.08.1996
63,62;28.08.1996
91,90;29.08.1996
120,39;30.08.1996
124,27;31.08.1996
97,81;01.09.1996
183,11;02.09.1996
191,76;03.09.1996
192,15;04.09.1996
140,02;05.09.1996
163,44;06.09.1996
80,70;07.09.1996
71,73;08.09.1996
101,18;09.09.1996
104,23;10.09.1996
131,96;11.09.1996
63,14;12.09.1996
98,95;13.09.1996
118,13;14.09.1996
71,39;15.09.1996
68,54;16.09.1996
103,21;17.09.1996
72,41;18.09.1996
66,42;19.09.1996
81,53;20.09.1996
49,67;21.09.1996
88,24;22.09.1996
57,36;23.09.1996
110,70;24.09.1996
72,71;25.09.1996
91,38;26.09.1996
103,41;27.09.1996
61,14;28.09.1996
53,00;29.09.1996
73,10;30.09.1996
76,20;01.10.1996
97,43;02.10.1996
67,17;03.10.1996
78,34;04.10.1996
42,74;05.10.1996
51,46;06.10.1996
60,78;07.10.1996
74,84;08.10.1996
104,52;09.10.1996
63,93;10.10.1996
58,70;11.10.1996
57,58;12.10.1996
25,00;13.10.1996
90,30;14.10.1996
62,98;15.10.1996
48,48;16.10.1996
72,59;17.10.1996
59,79;18.10.1996
40,58;19.10.1996
60,35;20.10.1996
75,49;21.10.1996
86,52;22.10.1996
58,12;23.10.1996
71,01;24.10.1996
49,27;25.10.1996
54,13;26.10.1996
33,60;27.10.1996
36,45;28.10.1996
81,84;29.10.1996
16,00;30.10.1996
76,87;31.10.1996
70,15;01.11.1996
71,93;02.11.1996
18,72;03.11.1996
100,67;04.11.1996
72,98;05.11.1996
66,70;06.11.1996
42,70;07.11.1996
55,77;08.11.1996
50,66;09.11.1996
77,04;10.11.1996
78,13;11.11.1996
93,91;12.11.1996
96,02;13.11.1996
61,34;14.11.1996
78,45;15.11.1996
67,52;16.11.1996
79,56;17.11.1996
80,22;18.11.1996
58,72;19.11.1996
65,96;20.11.1996
54,30;21.11.1996
32,16;22.11.1996
39,86;23.11.1996
57,55;24.11.1996
81,46;25.11.1996
89,42;26.11.1996
65,52;27.11.1996
75,38;28.11.1996
62,82;29.11.1996
30,99;30.11.1996
42,02;01.12.1996
84,56;02.12.1996
83,23;03.12.1996
91,64;04.12.1996
80,48;05.12.1996
91,84;06.12.1996
23,76;07.12.1996
47,38;08.12.1996
58,94;09.12.1996
106,86;10.12.1996
75,60;11.12.1996
71,86;12.12.1996
39,62;13.12.1996
62,64;14.12.1996
44,46;15.12.1996
87,59;16.12.1996
75,20;17.12.1996
57,24;18.12.1996
89,66;19.12.1996
122,00;20.12.1996
84,42;21.12.1996
79,45;22.12.1996
110,58;23.12.1996
57,40;24.12.1996
71,05;25.12.1996
75,29;26.12.1996
61,72;27.12.1996
53,43;28.12.1996
52,08;29.12.1996
137,61;30.12.1996
119,37;31.12.1996
97,59;01.01.1997
93,88;02.01.1997
57,44;03.01.1997
66,41;04.01.1997
74,50;05.01.1997
72,95;06.01.1997
76,11;07.01.1997
39,35;08.01.1997
34,83;09.01.1997
53,70;10.01.1997
55,27;11.01.1997
36,96;12.01.1997
33,89;13.01.1997
35,39;14.01.1997
52,41;15.01.1997
52,74;16.01.1997
40,55;17.01.1997
49,67;18.01.1997
51,47;19.01.1997
58,73;20.01.1997
48,06;21.01.1997
48,26;22.01.1997
50,96;23.01.1997
52,52;24.01.1997
17,83;25.01.1997
73,61;26.01.1997
56,90;27.01.1997
36,24;28.01.1997
59,57;29.01.1997
69,70;30.01.1997
34,90;31.01.1997
27,40;01.02.1997
24,21;02.02.1997
45,49;03.02.1997
49,08;04.02.1997
37,43;05.02.1997
52,27;06.02.1997
78,22;07.02.1997
37,84;08.02.1997
26,47;09.02.1997
69,18;10.02.1997
45,47;11.02.1997
63,46;12.02.1997
39,24;13.02.1997
38,01;14.02.1997
48,11;15.02.1997
38,32;16.02.1997
43,42;17.02.1997
57,32;18.02.1997
90,88;19.02.1997
66,72;20.02.1997
53,63;21.02.1997
35,10;22.02.1997
45,01;23.02.1997
43,07;24.02.1997
36,55;25.02.1997
56,20;26.02.1997
65,47;27.02.1997
52,05;28.02.1997
29,52;01.03.1997
42,63;02.03.1997
86,79;03.03.1997
67,95;04.03.1997
66,82;05.03.1997
70,05;06.03.1997
74,93;07.03.1997
62,05;08.03.1997
58,43;09.03.1997
71,41;10.03.1997
63,98;11.03.1997
76,22;12.03.1997
32,67;13.03.1997
60,54;14.03.1997
52,53;15.03.1997
29,69;16.03.1997
45,53;17.03.1997
47,42;18.03.1997
41,41;19.03.1997
49,86;20.03.1997
57,64;21.03.1997
71,45;22.03.1997
68,57;23.03.1997
78,40;24.03.1997
54,47;25.03.1997
50,86;26.03.1997
56,77;27.03.1997
59,28;28.03.1997
70,48;29.03.1997
47,73;30.03.1997
55,52;31.03.1997
56,81;01.04.1997
39,09;02.04.1997
42,14;03.04.1997
57,06;04.04.1997
38,00;05.04.1997
50,19;06.04.1997
71,19;07.04.1997
85,21;08.04.1997
98,20;09.04.1997
42,26;10.04.1997
60,69;11.04.1997
35,31;12.04.1997
21,82;13.04.1997
57,04;14.04.1997
76,63;15.04.1997
48,71;16.04.1997
76,42;17.04.1997
24,38;18.04.1997
38,56;19.04.1997
24,91;20.04.1997
78,50;21.04.1997
52,40;22.04.1997
159,29;23.04.1997
95,37;24.04.1997
84,86;25.04.1997
51,56;26.04.1997
57,04;27.04.1997
45,85;28.04.1997
105,38;29.04.1997
78,87;30.04.1997
62,07;01.05.1997
58,12;02.05.1997
39,55;03.05.1997
37,79;04.05.1997
72,10;05.05.1997
43,11;06.05.1997
21,79;07.05.1997
58,36;08.05.1997
59,21;09.05.1997
50,24;10.05.1997
56,29;11.05.1997
52,13;12.05.1997
60,04;13.05.1997
86,47;14.05.1997
80,87;15.05.1997
54,45;16.05.1997
29,75;17.05.1997
33,89;18.05.1997
60,74;19.05.1997
52,41;20.05.1997
48,62;21.05.1997
51,66;22.05.1997
59,85;23.05.1997
30,30;24.05.1997
35,29;25.05.1997
66,44;26.05.1997
95,10;27.05.1997
54,83;28.05.1997
69,01;29.05.1997
77,41;30.05.1997
37,18;31.05.1997
17,83;01.06.1997
40,45;02.06.1997
28,56;03.06.1997
50,57;04.06.1997
34,97;05.06.1997
40,55;06.06.1997
29,13;07.06.1997
30,84;08.06.1997
30,74;09.06.1997
31,38;10.06.1997
47,37;11.06.1997
38,48;12.06.1997
46,15;13.06.1997
26,69;14.06.1997
42,31;15.06.1997
62,82;16.06.1997
44,41;17.06.1997
45,47;18.06.1997
38,56;19.06.1997
50,43;20.06.1997
25,59;21.06.1997
39,86;22.06.1997
68,34;23.06.1997
43,81;24.06.1997
40,93;25.06.1997
48,05;26.06.1997
28,15;27.06.1997
45,28;28.06.1997
25,65;29.06.1997
29,88;30.06.1997
42,38;01.07.1997
36,15;02.07.1997
41,29;03.07.1997
29,22;04.07.1997
49,44;05.07.1997
53,27;06.07.1997
79,87;07.07.1997
48,01;08.07.1997
35,76;09.07.1997
52,41;10.07.1997
54,83;11.07.1997
42,42;12.07.1997
13,20;13.07.1997
46,28;14.07.1997
46,30;15.07.1997
63,03;16.07.1997
55,73;17.07.1997
63,51;18.07.1997
55,56;19.07.1997
30,47;20.07.1997
44,76;21.07.1997
69,01;22.07.1997
40,81;23.07.1997
34,76;24.07.1997
35,72;25.07.1997
55,56;26.07.1997
31,85;27.07.1997
52,71;28.07.1997
56,66;29.07.1997
47,42;30.07.1997
70,56;31.07.1997
60,97;01.08.1997
71,16;02.08.1997
39,38;03.08.1997
56,63;04.08.1997
74,98;05.08.1997
69,66;06.08.1997
44,41;07.08.1997
55,32;08.08.1997
67,37;09.08.1997
22,08;10.08.1997
55,21;11.08.1997
45,27;12.08.1997
49,08;13.08.1997
47,37;14.08.1997
36,73;15.08.1997
25,01;16.08.1997
30,15;17.08.1997
29,88;18.08.1997
56,59;19.08.1997
57,24;20.08.1997
44,81;21.08.1997
43,76;22.08.1997
51,41;23.08.1997
61,92;24.08.1997
34,15;25.08.1997
20,35;26.08.1997
39,52;27.08.1997
55,44;28.08.1997
63,53;29.08.1997
47,69;30.08.1997
44,46;31.08.1997
33,22;01.09.1997
30,78;02.09.1997
53,32;03.09.1997
40,52;04.09.1997
70,48;05.09.1997
54,78;06.09.1997
8,08;07.09.1997
40,52;08.09.1997
34,38;09.09.1997
43,18;10.09.1997
58,88;11.09.1997
59,34;12.09.1997
41,63;13.09.1997
31,82;14.09.1997
42,33;15.09.1997
45,09;16.09.1997
51,16;17.09.1997
40,90;18.09.1997
29,68;19.09.1997
29,14;20.09.1997
37,17;21.09.1997
33,99;22.09.1997
57,70;23.09.1997
43,88;24.09.1997
45,29;25.09.1997
30,59;26.09.1997
57,24;27.09.1997
24,15;28.09.1997
30,89;29.09.1997
69,59;30.09.1997
28,67;01.10.1997
38,87;02.10.1997
52,73;03.10.1997
32,48;04.10.1997
44,11;05.10.1997
47,80;06.10.1997
38,30;07.10.1997
33,13;08.10.1997
45,67;09.10.1997
43,36;10.10.1997
25,98;11.10.1997
36,67;12.10.1997
62,95;13.10.1997
35,62;14.10.1997
46,96;15.10.1997
62,90;16.10.1997
58,99;17.10.1997
62,81;18.10.1997
0,00;19.10.1997
52,01;20.10.1997
58,71;21.10.1997
62,38;22.10.1997
40,40;23.10.1997
85,56;24.10.1997
53,53;25.10.1997
43,33;26.10.1997
79,23;27.10.1997
73,19;28.10.1997
51,85;29.10.1997
58,99;30.10.1997
75,95;31.10.1997
58,40;01.11.1997
34,63;02.11.1997
51,41;03.11.1997
81,59;04.11.1997
63,43;05.11.1997
59,04;06.11.1997
39,60;07.11.1997
95,10;08.11.1997
32,04;09.11.1997
58,46;10.11.1997
69,77;11.11.1997
74,79;12.11.1997
70,81;13.11.1997
57,71;14.11.1997
56,88;15.11.1997
58,87;16.11.1997
71,86;17.11.1997
76,44;18.11.1997
63,88;19.11.1997
78,48;20.11.1997
92,94;21.11.1997
59,94;22.11.1997
65,10;23.11.1997
61,83;24.11.1997
63,70;25.11.1997
36,99;26.11.1997
27,03;27.11.1997
29,03;28.11.1997
56,93;29.11.1997
55,28;30.11.1997
72,01;01.12.1997
55,36;02.12.1997
51,87;03.12.1997
43,22;04.12.1997
47,76;05.12.1997
22,23;06.12.1997
32,44;07.12.1997
36,89;08.12.1997
36,51;09.12.1997
29,76;10.12.1997
40,25;11.12.1997
36,77;12.12.1997
38,60;13.12.1997
50,00;14.12.1997
41,56;15.12.1997
61,72;16.12.1997
49,12;17.12.1997
29,31;18.12.1997
45,84;19.12.1997
42,29;20.12.1997
29,77;21.12.1997
42,87;22.12.1997
70,41;23.12.1997
37,30;24.12.1997
72,96;25.12.1997
57,93;26.12.1997
46,92;27.12.1997
35,57;28.12.1997
28,14;29.12.1997
25,88;30.12.1997
58,73;31.12.1997
31,04;01.01.1998
60,01;02.01.1998
53,78;03.01.1998
45,78;04.01.1998
52,94;05.01.1998
47,32;06.01.1998
39,77;07.01.1998
65,38;08.01.1998
38,62;09.01.1998
60,29;10.01.1998
35,12;11.01.1998
54,25;12.01.1998
86,47;13.01.1998
78,20;14.01.1998
57,48;15.01.1998
73,88;16.01.1998
52,43;17.01.1998
40,30;18.01.1998
58,63;19.01.1998
77,61;20.01.1998
56,55;21.01.1998
43,62;22.01.1998
28,94;23.01.1998
52,14;24.01.1998
30,78;25.01.1998
62,90;26.01.1998
62,32;27.01.1998
56,05;28.01.1998
65,60;29.01.1998
41,34;30.01.1998
37,91;31.01.1998
40,85;01.02.1998
76,61;02.02.1998
73,68;03.02.1998
79,79;04.02.1998
77,37;05.02.1998
50,55;06.02.1998
53,72;07.02.1998
48,22;08.02.1998
82,72;09.02.1998
93,54;10.02.1998
95,98;11.02.1998
54,48;12.02.1998
69,07;13.02.1998
81,90;14.02.1998
58,94;15.02.1998
75,74;16.02.1998
101,82;17.02.1998
101,65;18.02.1998
92,90;19.02.1998
81,19;20.02.1998
76,96;21.02.1998
74,05;22.02.1998
110,17;23.02.1998
141,65;24.02.1998
89,92;25.02.1998
43,71;26.02.1998
92,50;27.02.1998
45,65;28.02.1998
61,70;01.03.1998
70,01;02.03.1998
76,34;03.03.1998
58,01;04.03.1998
64,95;05.03.1998
51,98;06.03.1998
73,27;07.03.1998
68,77;08.03.1998
72,01;09.03.1998
68,44;10.03.1998
38,73;11.03.1998
84,08;12.03.1998
80,39;13.03.1998
31,37;14.03.1998
21,67;15.03.1998
54,30;16.03.1998
58,22;17.03.1998
42,61;18.03.1998
53,38;19.03.1998
50,36;20.03.1998
39,98;21.03.1998
40,44;22.03.1998
73,15;23.03.1998
67,28;24.03.1998
64,21;25.03.1998
64,84;26.03.1998
49,52;27.03.1998
47,64;28.03.1998
31,93;29.03.1998
67,75;30.03.1998
56,04;31.03.1998
49,62;01.04.1998
67,78;02.04.1998
52,86;03.04.1998
57,29;04.04.1998
14,47;05.04.1998
44,51;06.04.1998
68,94;07.04.1998
23,96;08.04.1998
38,35;09.04.1998
54,25;10.04.1998
24,43;11.04.1998
16,14;12.04.1998
53,43;13.04.1998
69,81;14.04.1998
57,95;15.04.1998
40,08;16.04.1998
61,24;17.04.1998
42,61;18.04.1998
40,13;19.04.1998
30,71;20.04.1998
64,20;21.04.1998
48,76;22.04.1998
67,66;23.04.1998
75,15;24.04.1998
60,50;25.04.1998
36,81;26.04.1998
65,38;27.04.1998
72,84;28.04.1998
50,15;29.04.1998
56,65;30.04.1998
74,76;01.05.1998
43,50;02.05.1998
47,32;03.05.1998
88,39;04.05.1998
55,65;05.05.1998
54,95;06.05.1998
66,52;07.05.1998
63,02;08.05.1998
63,76;09.05.1998
44,98;10.05.1998
99,14;11.05.1998
150,18;12.05.1998
199,97;13.05.1998
167,04;14.05.1998
154,14;15.05.1998
139,14;16.05.1998
84,94;17.05.1998
112,93;18.05.1998
119,88;19.05.1998
96,74;20.05.1998
84,06;21.05.1998
78,94;22.05.1998
89,03;23.05.1998
46,75;24.05.1998
82,71;25.05.1998
90,61;26.05.1998
92,51;27.05.1998
78,23;28.05.1998
156,81;29.05.1998
100,79;30.05.1998
90,07;31.05.1998
113,19;01.06.1998
78,05;02.06.1998
80,25;03.06.1998
75,47;04.06.1998
79,52;05.06.1998
63,59;06.06.1998
68,56;07.06.1998
126,31;08.06.1998
70,48;09.06.1998
110,42;10.06.1998
94,78;11.06.1998
107,57;12.06.1998
93,88;13.06.1998
66,31;14.06.1998
94,83;15.06.1998
96,35;16.06.1998
56,24;17.06.1998
75,34;18.06.1998
98,71;19.06.1998
46,83;20.06.1998
56,95;21.06.1998
49,99;22.06.1998
69,90;23.06.1998
88,19;24.06.1998
73,03;25.06.1998
57,46;26.06.1998
38,45;27.06.1998
39,87;28.06.1998
52,80;29.06.1998
39,84;30.06.1998
69,14;01.07.1998
59,38;02.07.1998
70,32;03.07.1998
56,05;04.07.1998
35,54;05.07.1998
56,49;06.07.1998
56,38;07.07.1998
70,35;08.07.1998
51,84;09.07.1998
67,54;10.07.1998
45,69;11.07.1998
32,60;12.07.1998
53,99;13.07.1998
35,13;14.07.1998
75,00;15.07.1998
56,34;16.07.1998
33,86;17.07.1998
42,22;18.07.1998
43,02;19.07.1998
51,51;20.07.1998
56,21;21.07.1998
58,46;22.07.1998
48,82;23.07.1998
49,49;24.07.1998
48,01;25.07.1998
62,38;26.07.1998
66,49;27.07.1998
76,30;28.07.1998
39,73;29.07.1998
63,70;30.07.1998
52,00;31.07.1998
57,55;01.08.1998
56,88;02.08.1998
72,19;03.08.1998
112,17;04.08.1998
112,51;05.08.1998
91,76;06.08.1998
80,12;07.08.1998
84,44;08.08.1998
94,94;09.08.1998
98,03;10.08.1998
101,06;11.08.1998
86,41;12.08.1998
64,66;13.08.1998
57,06;14.08.1998
82,32;15.08.1998
62,94;16.08.1998
145,22;17.08.1998
94,86;18.08.1998
79,32;19.08.1998
62,95;20.08.1998
202,75;21.08.1998
214,46;22.08.1998
115,00;23.08.1998
143,31;24.08.1998
135,13;25.08.1998
144,61;26.08.1998
66,36;27.08.1998
85,60;28.08.1998
55,81;29.08.1998
64,89;30.08.1998
59,37;31.08.1998
83,82;01.09.1998
95,76;02.09.1998
68,16;03.09.1998
60,81;04.09.1998
55,26;05.09.1998
66,19;06.09.1998
45,10;07.09.1998
68,20;08.09.1998
53,86;09.09.1998
63,70;10.09.1998
67,89;11.09.1998
76,30;12.09.1998
25,31;13.09.1998
65,60;14.09.1998
71,10;15.09.1998
53,00;16.09.1998
63,41;17.09.1998
54,07;18.09.1998
56,40;19.09.1998
36,60;20.09.1998
56,56;21.09.1998
60,29;22.09.1998
65,48;23.09.1998
80,17;24.09.1998
85,16;25.09.1998
50,72;26.09.1998
39,51;27.09.1998
48,21;28.09.1998
87,75;29.09.1998
44,01;30.09.1998
62,72;01.10.1998
54,40;02.10.1998
27,15;03.10.1998
40,36;04.10.1998
58,56;05.10.1998
73,90;06.10.1998
68,12;07.10.1998
60,23;08.10.1998
74,66;09.10.1998
52,14;10.10.1998
50,19;11.10.1998
32,98;12.10.1998
60,97;13.10.1998
53,38;14.10.1998
67,95;15.10.1998
31,09;16.10.1998
60,45;17.10.1998
30,45;18.10.1998
73,69;19.10.1998
88,73;20.10.1998
57,27;21.10.1998
57,41;22.10.1998
81,20;23.10.1998
45,17;24.10.1998
18,68;25.10.1998
76,06;26.10.1998
64,64;27.10.1998
40,40;28.10.1998
43,02;29.10.1998
50,96;30.10.1998
31,06;31.10.1998
39,54;01.11.1998
73,69;02.11.1998
75,81;03.11.1998
64,02;04.11.1998
60,18;05.11.1998
46,99;06.11.1998
90,42;07.11.1998
48,01;08.11.1998
51,54;09.11.1998
51,31;10.11.1998
71,33;11.11.1998
77,10;12.11.1998
94,56;13.11.1998
109,43;14.11.1998
57,27;15.11.1998
137,29;16.11.1998
96,58;17.11.1998
81,43;18.11.1998
61,51;19.11.1998
50,57;20.11.1998
55,90;21.11.1998
64,49;22.11.1998
67,82;23.11.1998
67,53;24.11.1998
62,28;25.11.1998
41,03;26.11.1998
64,35;27.11.1998
38,41;28.11.1998
60,53;29.11.1998
50,91;30.11.1998
41,93;01.12.1998
67,72;02.12.1998
41,62;03.12.1998
39,65;04.12.1998
41,73;05.12.1998
51,19;06.12.1998
28,28;07.12.1998
67,60;08.12.1998
54,85;09.12.1998
72,01;10.12.1998
25,81;11.12.1998
24,70;12.12.1998
39,91;13.12.1998
45,71;14.12.1998
56,48;15.12.1998
86,94;16.12.1998
155,89;17.12.1998
208,01;18.12.1998
119,43;19.12.1998
94,83;20.12.1998
140,88;21.12.1998
116,30;22.12.1998
111,35;23.12.1998
53,26;24.12.1998
71,24;25.12.1998
94,07;26.12.1998
73,70;27.12.1998
61,92;28.12.1998
93,67;29.12.1998
92,24;30.12.1998
87,94;31.12.1998
61,52;01.01.1999
42,57;02.01.1999
43,35;03.01.1999
54,95;04.01.1999
60,68;05.01.1999
62,19;06.01.1999
68,03;07.01.1999
70,81;08.01.1999
58,17;09.01.1999
76,73;10.01.1999
71,62;11.01.1999
76,67;12.01.1999
76,02;13.01.1999
94,64;14.01.1999
75,98;15.01.1999
77,87;16.01.1999
63,70;17.01.1999
66,02;18.01.1999
69,47;19.01.1999
50,33;20.01.1999
26,96;21.01.1999
68,17;22.01.1999
70,35;23.01.1999
47,41;24.01.1999
100,27;25.01.1999
68,80;26.01.1999
50,64;27.01.1999
58,94;28.01.1999
71,37;29.01.1999
61,67;30.01.1999
44,42;31.01.1999
67,37;01.02.1999
58,24;02.02.1999
58,17;03.02.1999
32,51;04.02.1999
46,35;05.02.1999
45,32;06.02.1999
48,82;07.02.1999
38,30;08.02.1999
56,87;09.02.1999
72,60;10.02.1999
66,79;11.02.1999
63,81;12.02.1999
60,37;13.02.1999
39,16;14.02.1999
65,21;15.02.1999
85,61;16.02.1999
65,65;17.02.1999
52,09;18.02.1999
50,05;19.02.1999
49,91;20.02.1999
44,51;21.02.1999
110,30;22.02.1999
93,56;23.02.1999
57,22;24.02.1999
52,86;25.02.1999
78,44;26.02.1999
48,76;27.02.1999
41,29;28.02.1999
88,90;01.03.1999
86,09;02.03.1999
71,62;03.03.1999
62,39;04.03.1999
45,17;05.03.1999
47,59;06.03.1999
51,81;07.03.1999
72,26;08.03.1999
59,75;09.03.1999
61,97;10.03.1999
104,15;11.03.1999
68,95;12.03.1999
54,62;13.03.1999
43,11;14.03.1999
76,31;15.03.1999
107,53;16.03.1999
85,49;17.03.1999
73,81;18.03.1999
83,97;19.03.1999
73,00;20.03.1999
62,50;21.03.1999
74,94;22.03.1999
99,04;23.03.1999
131,06;24.03.1999
127,63;25.03.1999
108,91;26.03.1999
110,52;27.03.1999
93,01;28.03.1999
133,11;29.03.1999
105,31;30.03.1999
100,82;31.03.1999
121,05;01.04.1999
89,63;02.04.1999
131,88;03.04.1999
65,76;04.04.1999
131,88;05.04.1999
135,43;06.04.1999
119,26;07.04.1999
116,18;08.04.1999
110,03;09.04.1999
120,28;10.04.1999
69,33;11.04.1999
92,88;12.04.1999
142,84;13.04.1999
126,71;14.04.1999
145,27;15.04.1999
107,31;16.04.1999
83,59;17.04.1999
48,44;18.04.1999
120,92;19.04.1999
143,04;20.04.1999
87,33;21.04.1999
67,32;22.04.1999
78,87;23.04.1999
75,01;24.04.1999
67,77;25.04.1999
111,66;26.04.1999
102,79;27.04.1999
112,73;28.04.1999
126,86;29.04.1999
110,62;30.04.1999
63,22;01.05.1999
71,85;02.05.1999
60,37;03.05.1999
84,76;04.05.1999
87,69;05.05.1999
87,47;06.05.1999
116,54;07.05.1999
70,55;08.05.1999
79,63;09.05.1999
60,02;10.05.1999
82,03;11.05.1999
98,62;12.05.1999
116,23;13.05.1999
85,93;14.05.1999
78,22;15.05.1999
75,80;16.05.1999
78,25;17.05.1999
89,88;18.05.1999
56,00;19.05.1999
72,84;20.05.1999
96,51;21.05.1999
103,62;22.05.1999
41,74;23.05.1999
41,36;24.05.1999
109,62;25.05.1999
137,90;26.05.1999
108,93;27.05.1999
104,46;28.05.1999
69,27;29.05.1999
50,64;30.05.1999
108,84;31.05.1999
92,81;01.06.1999
94,24;02.06.1999
75,79;03.06.1999
88,10;04.06.1999
108,50;05.06.1999
89,11;06.06.1999
87,56;07.06.1999
111,89;08.06.1999
97,00;09.06.1999
84,43;10.06.1999
127,84;11.06.1999
79,25;12.06.1999
69,09;13.06.1999
98,05;14.06.1999
87,51;15.06.1999
88,03;16.06.1999
83,03;17.06.1999
88,02;18.06.1999
44,13;19.06.1999
48,94;20.06.1999
74,40;21.06.1999
58,00;22.06.1999
72,41;23.06.1999
80,30;24.06.1999
80,66;25.06.1999
82,81;26.06.1999
44,01;27.06.1999
66,18;28.06.1999
95,65;29.06.1999
31,17;30.06.1999
69,80;01.07.1999
77,98;02.07.1999
43,24;03.07.1999
38,72;04.07.1999
53,64;05.07.1999
44,81;06.07.1999
58,77;07.07.1999
54,55;08.07.1999
81,18;09.07.1999
60,78;10.07.1999
69,10;11.07.1999
94,64;12.07.1999
80,14;13.07.1999
77,32;14.07.1999
101,28;15.07.1999
75,42;16.07.1999
41,89;17.07.1999
40,55;18.07.1999
56,21;19.07.1999
77,61;20.07.1999
68,27;21.07.1999
57,88;22.07.1999
45,24;23.07.1999
51,07;24.07.1999
28,45;25.07.1999
76,29;26.07.1999
87,85;27.07.1999
49,35;28.07.1999
59,26;29.07.1999
38,74;30.07.1999
45,00;31.07.1999
36,40;01.08.1999
56,69;02.08.1999
90,02;03.08.1999
73,89;04.08.1999
39,12;05.08.1999
63,16;06.08.1999
55,37;07.08.1999
61,50;08.08.1999
94,41;09.08.1999
87,67;10.08.1999
79,38;11.08.1999
71,07;12.08.1999
84,46;13.08.1999
106,64;14.08.1999
24,27;15.08.1999
81,29;16.08.1999
68,26;17.08.1999
67,75;18.08.1999
48,92;19.08.1999
63,82;20.08.1999
51,49;21.08.1999
37,83;22.08.1999
56,15;23.08.1999
77,73;24.08.1999
66,19;25.08.1999
50,19;26.08.1999
60,23;27.08.1999
46,21;28.08.1999
32,04;29.08.1999
81,36;30.08.1999
55,67;31.08.1999
55,62;01.09.1999
67,72;02.09.1999
74,19;03.09.1999
41,28;04.09.1999
41,10;05.09.1999
108,61;06.09.1999
91,28;07.09.1999
73,61;08.09.1999
53,70;09.09.1999
66,92;10.09.1999
82,26;11.09.1999
53,12;12.09.1999
107,21;13.09.1999
95,82;14.09.1999
60,67;15.09.1999
39,84;16.09.1999
70,67;17.09.1999
96,76;18.09.1999
62,28;19.09.1999
110,30;20.09.1999
66,46;21.09.1999
77,76;22.09.1999
66,75;23.09.1999
62,18;24.09.1999
83,70;25.09.1999
76,50;26.09.1999
65,60;27.09.1999
75,29;28.09.1999
68,88;29.09.1999
37,58;30.09.1999
90,72;01.10.1999
93,72;02.10.1999
45,75;03.10.1999
50,74;04.10.1999
62,44;05.10.1999
79,08;06.10.1999
91,78;07.10.1999
72,01;08.10.1999
73,34;09.10.1999
44,29;10.10.1999
110,66;11.10.1999
64,89;12.10.1999
76,05;13.10.1999
103,61;14.10.1999
88,76;15.10.1999
98,43;16.10.1999
69,61;17.10.1999
77,12;18.10.1999
81,91;19.10.1999
48,62;20.10.1999
46,21;21.10.1999
70,42;22.10.1999
43,02;23.10.1999
52,34;24.10.1999
62,24;25.10.1999
120,31;26.10.1999
74,07;27.10.1999
78,48;28.10.1999
63,04;29.10.1999
61,12;30.10.1999
39,83;31.10.1999
78,87;01.11.1999
45,42;02.11.1999
52,71;03.11.1999
53,38;04.11.1999
37,58;05.11.1999
57,32;06.11.1999
26,96;07.11.1999
44,76;08.11.1999
50,34;09.11.1999
55,65;10.11.1999
65,29;11.11.1999
44,01;12.11.1999
59,04;13.11.1999
18,40;14.11.1999
79,05;15.11.1999
64,76;16.11.1999
44,24;17.11.1999
61,69;18.11.1999
54,82;19.11.1999
78,80;20.11.1999
38,40;21.11.1999
48,36;22.11.1999
90,53;23.11.1999
90,94;24.11.1999
61,52;25.11.1999
70,55;26.11.1999
54,70;27.11.1999
40,30;28.11.1999
75,61;29.11.1999
91,40;30.11.1999
30,88;01.12.1999
51,40;02.12.1999
50,11;03.12.1999
71,38;04.12.1999
67,28;05.12.1999
56,56;06.12.1999
77,11;07.12.1999
65,40;08.12.1999
80,59;09.12.1999
98,11;10.12.1999
108,23;11.12.1999
69,82;12.12.1999
82,28;13.12.1999
112,29;14.12.1999
103,08;15.12.1999
76,71;16.12.1999
61,40;17.12.1999
154,56;18.12.1999
74,82;19.12.1999
115,09;20.12.1999
91,41;21.12.1999
89,86;22.12.1999
70,55;23.12.1999
83,07;24.12.1999
140,53;25.12.1999
115,05;26.12.1999
119,67;27.12.1999
187,32;28.12.1999
121,98;29.12.1999
83,77;30.12.1999
68,73;31.12.1999
123,08;01.01.2000
50,32;02.01.2000
101,02;03.01.2000
93,75;04.01.2000
47,57;05.01.2000
52,01;06.01.2000
41,67;07.01.2000
77,94;08.01.2000
57,64;09.01.2000
65,60;10.01.2000
55,52;11.01.2000
50,75;12.01.2000
65,70;13.01.2000
59,25;14.01.2000
52,72;15.01.2000
51,45;16.01.2000
54,13;17.01.2000
66,32;18.01.2000
82,59;19.01.2000
61,09;20.01.2000
75,09;21.01.2000
74,16;22.01.2000
54,95;23.01.2000
90,76;24.01.2000
60,58;25.01.2000
74,38;26.01.2000
66,86;27.01.2000
48,63;28.01.2000
45,11;29.01.2000
59,94;30.01.2000
79,30;31.01.2000
84,94;01.02.2000
64,05;02.02.2000
53,70;03.02.2000
61,50;04.02.2000
62,11;05.02.2000
59,22;06.02.2000
79,91;07.02.2000
124,31;08.02.2000
76,97;09.02.2000
61,44;10.02.2000
92,17;11.02.2000
80,79;12.02.2000
62,80;13.02.2000
76,28;14.02.2000
79,74;15.02.2000
65,11;16.02.2000
65,01;17.02.2000
48,80;18.02.2000
55,06;19.02.2000
45,38;20.02.2000
41,15;21.02.2000
63,04;22.02.2000
54,13;23.02.2000
34,87;24.02.2000
64,51;25.02.2000
48,59;26.02.2000
35,07;27.02.2000
65,24;28.02.2000
46,96;29.02.2000
58,63;01.03.2000
29,39;02.03.2000
51,76;03.03.2000
45,38;04.03.2000
33,35;05.03.2000
55,85;06.03.2000
44,29;07.03.2000
47,05;08.03.2000
64,90;09.03.2000
39,40;10.03.2000
55,85;11.03.2000
45,85;12.03.2000
40,69;13.03.2000
55,81;14.03.2000
41,80;15.03.2000
68,68;16.03.2000
73,13;17.03.2000
43,13;18.03.2000
50,57;19.03.2000
67,39;20.03.2000
59,15;21.03.2000
63,20;22.03.2000
48,20;23.03.2000
54,71;24.03.2000
42,76;25.03.2000
38,70;26.03.2000
57,17;27.03.2000
77,34;28.03.2000
20,82;29.03.2000
48,79;30.03.2000
47,14;31.03.2000
33,80;01.04.2000
49,50;02.04.2000
33,94;03.04.2000
36,67;04.04.2000
24,16;05.04.2000
26,67;06.04.2000
44,92;07.04.2000
23,49;08.04.2000
57,18;09.04.2000
36,20;10.04.2000
65,56;11.04.2000
51,27;12.04.2000
44,20;13.04.2000
53,29;14.04.2000
60,97;15.04.2000
55,03;16.04.2000
51,46;17.04.2000
44,00;18.04.2000
63,81;19.04.2000
37,83;20.04.2000
32,90;21.04.2000
51,46;22.04.2000
54,24;23.04.2000
106,61;24.04.2000
76,36;25.04.2000
42,18;26.04.2000
51,80;27.04.2000
66,14;28.04.2000
63,16;29.04.2000
50,78;30.04.2000
64,53;01.05.2000
42,47;02.05.2000
76,36;03.05.2000
75,82;04.05.2000
90,94;05.05.2000
86,44;06.05.2000
43,48;07.05.2000
95,96;08.05.2000
102,91;09.05.2000
93,16;10.05.2000
93,49;11.05.2000
97,10;12.05.2000
89,29;13.05.2000
30,60;14.05.2000
76,79;15.05.2000
117,20;16.05.2000
31,42;17.05.2000
98,05;18.05.2000
104,29;19.05.2000
65,96;20.05.2000
73,38;21.05.2000
116,42;22.05.2000
86,82;23.05.2000
89,77;24.05.2000
46,99;25.05.2000
75,11;26.05.2000
61,51;27.05.2000
69,66;28.05.2000
112,73;29.05.2000
78,78;30.05.2000
82,67;31.05.2000
114,41;01.06.2000
64,73;02.06.2000
74,67;03.06.2000
74,84;04.06.2000
108,49;05.06.2000
89,44;06.06.2000
67,76;07.06.2000
49,02;08.06.2000
50,47;09.06.2000
91,93;10.06.2000
60,57;11.06.2000
52,92;12.06.2000
71,88;13.06.2000
40,83;14.06.2000
67,55;15.06.2000
77,17;16.06.2000
57,53;17.06.2000
57,71;18.06.2000
67,17;19.06.2000
49,30;20.06.2000
71,90;21.06.2000
44,55;22.06.2000
36,25;23.06.2000
55,47;24.06.2000
62,21;25.06.2000
42,51;26.06.2000
46,22;27.06.2000
61,60;28.06.2000
49,52;29.06.2000
65,17;30.06.2000
63,70;01.07.2000
37,22;02.07.2000
32,73;03.07.2000
67,83;04.07.2000
77,94;05.07.2000
73,67;06.07.2000
66,60;07.07.2000
31,05;08.07.2000
47,72;09.07.2000
64,32;10.07.2000
45,60;11.07.2000
34,06;12.07.2000
62,34;13.07.2000
64,84;14.07.2000
48,91;15.07.2000
23,75;16.07.2000
56,75;17.07.2000
31,97;18.07.2000
63,04;19.07.2000
65,57;20.07.2000
22,83;21.07.2000
62,56;22.07.2000
26,53;23.07.2000
57,74;24.07.2000
50,43;25.07.2000
39,00;26.07.2000
74,02;27.07.2000
38,83;28.07.2000
68,75;29.07.2000
36,97;30.07.2000
47,80;31.07.2000
55,65;01.08.2000
55,11;02.08.2000
45,49;03.08.2000
55,80;04.08.2000
34,19;05.08.2000
11,36;06.08.2000
35,53;07.08.2000
73,07;08.08.2000
59,21;09.08.2000
56,88;10.08.2000
38,31;11.08.2000
38,86;12.08.2000
34,51;13.08.2000
41,76;14.08.2000
67,06;15.08.2000
57,11;16.08.2000
39,47;17.08.2000
32,45;18.08.2000
33,80;19.08.2000
27,67;20.08.2000
46,71;21.08.2000
46,96;22.08.2000
45,92;23.08.2000
45,18;24.08.2000
50,92;25.08.2000
45,51;26.08.2000
47,38;27.08.2000
100,50;28.08.2000
50,46;29.08.2000
58,01;30.08.2000
42,07;31.08.2000
45,34;01.09.2000
63,76;02.09.2000
38,56;03.09.2000
52,45;04.09.2000
52,97;05.09.2000
54,75;06.09.2000
39,91;07.09.2000
36,84;08.09.2000
59,42;09.09.2000
38,56;10.09.2000
59,75;11.09.2000
69,61;12.09.2000
60,90;13.09.2000
53,63;14.09.2000
60,37;15.09.2000
74,41;16.09.2000
56,69;17.09.2000
95,46;18.09.2000
64,21;19.09.2000
60,27;20.09.2000
51,00;21.09.2000
59,46;22.09.2000
51,05;23.09.2000
38,68;24.09.2000
44,38;25.09.2000
55,26;26.09.2000
45,23;27.09.2000
21,76;28.09.2000
32,67;29.09.2000
45,38;30.09.2000
37,68;01.10.2000
39,24;02.10.2000
66,31;03.10.2000
71,06;04.10.2000
42,30;05.10.2000
82,25;06.10.2000
90,80;07.10.2000
65,24;08.10.2000
114,97;09.10.2000
103,62;10.10.2000
82,20;11.10.2000
28,65;12.10.2000
195,98;13.10.2000
117,47;14.10.2000
80,71;15.10.2000
110,09;16.10.2000
96,69;17.10.2000
77,66;18.10.2000
72,33;19.10.2000
57,73;20.10.2000
97,17;21.10.2000
48,66;22.10.2000
85,02;23.10.2000
65,13;24.10.2000
45,73;25.10.2000
64,76;26.10.2000
35,33;27.10.2000
59,15;28.10.2000
40,04;29.10.2000
59,75;30.10.2000
86,54;31.10.2000
50,88;01.11.2000
42,63;02.11.2000
75,16;03.11.2000
23,00;04.11.2000
20,49;05.11.2000
54,36;06.11.2000
45,07;07.11.2000
60,38;08.11.2000
44,27;09.11.2000
33,78;10.11.2000
35,78;11.11.2000
25,12;12.11.2000
43,06;13.11.2000
47,85;14.11.2000
32,48;15.11.2000
23,59;16.11.2000
29,72;17.11.2000
39,18;18.11.2000
48,46;19.11.2000
59,21;20.11.2000
54,06;21.11.2000
69,80;22.11.2000
56,48;23.11.2000
80,65;24.11.2000
47,05;25.11.2000
29,94;26.11.2000
37,72;27.11.2000
59,21;28.11.2000
47,68;29.11.2000
46,15;30.11.2000
25,29;01.12.2000
45,80;02.12.2000
47,43;03.12.2000
44,26;04.12.2000
27,78;05.12.2000
49,65;06.12.2000
26,46;07.12.2000
49,52;08.12.2000
30,50;09.12.2000
60,75;10.12.2000
59,51;11.12.2000
37,89;12.12.2000
50,15;13.12.2000
42,44;14.12.2000
58,41;15.12.2000
34,12;16.12.2000
39,48;17.12.2000
58,31;18.12.2000
46,42;19.12.2000
71,74;20.12.2000
75,59;21.12.2000
38,66;22.12.2000
21,51;23.12.2000
55,14;24.12.2000
34,33;25.12.2000
40,47;26.12.2000
60,89;27.12.2000
56,21;28.12.2000
53,20;29.12.2000
36,14;30.12.2000
48,33;31.12.2000
47,55;01.01.2001
48,01;02.01.2001
31,82;03.01.2001
55,39;04.01.2001
66,86;05.01.2001
53,28;06.01.2001
42,38;07.01.2001
57,61;08.01.2001
59,38;09.01.2001
45,01;10.01.2001
60,47;11.01.2001
55,77;12.01.2001
47,49;13.01.2001
57,74;14.01.2001
50,43;15.01.2001
64,82;16.01.2001
44,02;17.01.2001
44,70;18.01.2001
43,59;19.01.2001
71,06;20.01.2001
16,76;21.01.2001
28,43;22.01.2001
62,56;23.01.2001
52,95;24.01.2001
37,83;25.01.2001
36,53;26.01.2001
48,97;27.01.2001
37,03;28.01.2001
36,16;29.01.2001
15,29;30.01.2001
47,83;31.01.2001
45,34;01.02.2001
59,15;02.02.2001
23,87;03.02.2001
50,19;04.02.2001
44,61;05.02.2001
71,01;06.02.2001
28,58;07.02.2001
33,18;08.02.2001
36,68;09.02.2001
25,68;10.02.2001
41,36;11.02.2001
56,63;12.02.2001
48,01;13.02.2001
39,40;14.02.2001
55,21;15.02.2001
34,33;16.02.2001
121,37;17.02.2001
43,28;18.02.2001
153,40;19.02.2001
93,17;20.02.2001
80,58;21.02.2001
60,87;22.02.2001
69,07;23.02.2001
71,51;24.02.2001
34,65;25.02.2001
33,39;26.02.2001
52,83;27.02.2001
70,06;28.02.2001
43,49;01.03.2001
85,82;02.03.2001
51,80;03.03.2001
51,01;04.03.2001
61,99;05.03.2001
52,43;06.03.2001
62,61;07.03.2001
49,37;08.03.2001
48,48;09.03.2001
58,73;10.03.2001
45,00;11.03.2001
57,61;12.03.2001
82,98;13.03.2001
67,11;14.03.2001
55,61;15.03.2001
90,24;16.03.2001
79,33;17.03.2001
24,36;18.03.2001
59,47;19.03.2001
51,05;20.03.2001
66,87;21.03.2001
63,47;22.03.2001
62,29;23.03.2001
58,27;24.03.2001
69,59;25.03.2001
86,32;26.03.2001
79,71;27.03.2001
55,45;28.03.2001
62,45;29.03.2001
70,14;30.03.2001
60,33;31.03.2001
38,56;01.04.2001
42,06;02.04.2001
56,20;03.04.2001
56,50;04.04.2001
54,34;05.04.2001
50,75;06.04.2001
37,01;07.04.2001
32,55;08.04.2001
31,65;09.04.2001
45,87;10.04.2001
33,13;11.04.2001
45,03;12.04.2001
38,32;13.04.2001
42,51;14.04.2001
52,13;15.04.2001
81,27;16.04.2001
72,24;17.04.2001
61,34;18.04.2001
33,72;19.04.2001
47,03;20.04.2001
43,82;21.04.2001
35,09;22.04.2001
48,71;23.04.2001
45,29;24.04.2001
81,61;25.04.2001
56,41;26.04.2001
60,68;27.04.2001
42,61;28.04.2001
65,74;29.04.2001
38,64;30.04.2001
43,06;01.05.2001
84,64;02.05.2001
68,38;03.05.2001
86,78;04.05.2001
48,40;05.05.2001
48,92;06.05.2001
70,01;07.05.2001
85,38;08.05.2001
90,08;09.05.2001
42,89;10.05.2001
58,65;11.05.2001
47,28;12.05.2001
51,24;13.05.2001
49,76;14.05.2001
37,54;15.05.2001
52,26;16.05.2001
71,00;17.05.2001
64,62;18.05.2001
49,48;19.05.2001
56,09;20.05.2001
52,19;21.05.2001
59,10;22.05.2001
48,36;23.05.2001
50,72;24.05.2001
49,35;25.05.2001
70,55;26.05.2001
45,64;27.05.2001
83,34;28.05.2001
74,44;29.05.2001
60,61;30.05.2001
57,75;31.05.2001
72,94;01.06.2001
86,26;02.06.2001
69,09;03.06.2001
80,70;04.06.2001
83,13;05.06.2001
58,79;06.06.2001
63,36;07.06.2001
69,07;08.06.2001
63,13;09.06.2001
74,56;10.06.2001
96,34;11.06.2001
98,08;12.06.2001
89,29;13.06.2001
64,50;14.06.2001
64,15;15.06.2001
75,70;16.06.2001
42,32;17.06.2001
75,61;18.06.2001
83,23;19.06.2001
94,73;20.06.2001
86,53;21.06.2001
47,41;22.06.2001
102,69;23.06.2001
47,32;24.06.2001
62,23;25.06.2001
68,74;26.06.2001
70,61;27.06.2001
65,99;28.06.2001
41,78;29.06.2001
29,98;30.06.2001
35,12;01.07.2001
91,49;02.07.2001
77,12;03.07.2001
74,75;04.07.2001
86,00;05.07.2001
75,72;06.07.2001
49,49;07.07.2001
48,18;08.07.2001
26,20;09.07.2001
43,90;10.07.2001
50,34;11.07.2001
37,98;12.07.2001
61,94;13.07.2001
62,07;14.07.2001
59,87;15.07.2001
96,97;16.07.2001
58,72;17.07.2001
66,89;18.07.2001
62,91;19.07.2001
52,29;20.07.2001
43,55;21.07.2001
61,06;22.07.2001
60,78;23.07.2001
85,29;24.07.2001
78,70;25.07.2001
59,73;26.07.2001
63,01;27.07.2001
55,36;28.07.2001
36,05;29.07.2001
49,94;30.07.2001
48,12;31.07.2001
52,17;01.08.2001
70,18;02.08.2001
38,26;03.08.2001
52,79;04.08.2001
58,80;05.08.2001
51,63;06.08.2001
25,97;07.08.2001
56,26;08.08.2001
51,98;09.08.2001
85,26;10.08.2001
87,08;11.08.2001
67,45;12.08.2001
103,88;13.08.2001
101,15;14.08.2001
92,75;15.08.2001
66,20;16.08.2001
57,39;17.08.2001
46,05;18.08.2001
60,74;19.08.2001
42,87;20.08.2001
62,78;21.08.2001
66,63;22.08.2001
65,29;23.08.2001
86,67;24.08.2001
64,03;25.08.2001
52,82;26.08.2001
56,83;27.08.2001
79,14;28.08.2001
57,70;29.08.2001
55,77;30.08.2001
71,69;31.08.2001
46,52;01.09.2001
47,78;02.09.2001
78,77;03.09.2001
59,48;04.09.2001
39,15;05.09.2001
37,73;06.09.2001
70,12;07.09.2001
41,13;08.09.2001
20,60;09.09.2001
38,24;10.09.2001
154,07;11.09.2001
725,51;12.09.2001
633,48;13.09.2001
667,81;14.09.2001
577,85;15.09.2001
327,40;16.09.2001
744,77;17.09.2001
851,10;18.09.2001
755,60;19.09.2001
771,03;20.09.2001
870,98;21.09.2001
768,99;22.09.2001
482,63;23.09.2001
789,36;24.09.2001
1.045,60;25.09.2001
930,53;26.09.2001
786,58;27.09.2001
776,38;28.09.2001
614,33;29.09.2001
421,21;30.09.2001
617,37;01.10.2001
769,49;02.10.2001
818,96;03.10.2001
702,59;04.10.2001
687,97;05.10.2001
588,00;06.10.2001
339,49;07.10.2001
616,22;08.10.2001
706,40;09.10.2001
566,55;10.10.2001
496,64;11.10.2001
588,47;12.10.2001
478,71;13.10.2001
290,20;14.10.2001
449,56;15.10.2001
630,97;16.10.2001
618,74;17.10.2001
530,52;18.10.2001
455,73;19.10.2001
414,45;20.10.2001
229,08;21.10.2001
422,81;22.10.2001
524,18;23.10.2001
505,96;24.10.2001
405,52;25.10.2001
434,08;26.10.2001
314,12;27.10.2001
226,56;28.10.2001
335,32;29.10.2001
381,04;30.10.2001
480,00;31.10.2001
399,28;01.11.2001
385,82;02.11.2001
303,44;03.11.2001
225,78;04.11.2001
279,09;05.11.2001
430,88;06.11.2001
419,39;07.11.2001
269,07;08.11.2001
325,32;09.11.2001
274,57;10.11.2001
290,70;11.11.2001
289,73;12.11.2001
445,86;13.11.2001
381,34;14.11.2001
273,18;15.11.2001
293,02;16.11.2001
263,27;17.11.2001
190,91;18.11.2001
257,04;19.11.2001
332,89;20.11.2001
282,94;21.11.2001
260,60;22.11.2001
294,45;23.11.2001
191,48;24.11.2001
214,23;25.11.2001
206,59;26.11.2001
297,28;27.11.2001
360,98;28.11.2001
208,19;29.11.2001
238,01;30.11.2001
192,17;01.12.2001
172,99;02.12.2001
212,03;03.12.2001
280,51;04.12.2001
269,59;05.12.2001
231,70;06.12.2001
252,41;07.12.2001
218,91;08.12.2001
220,59;09.12.2001
246,57;10.12.2001
239,95;11.12.2001
279,69;12.12.2001
261,95;13.12.2001
301,41;14.12.2001
193,55;15.12.2001
221,84;16.12.2001
253,74;17.12.2001
215,06;18.12.2001
199,82;19.12.2001
245,17;20.12.2001
229,58;21.12.2001
222,79;22.12.2001
177,75;23.12.2001
213,46;24.12.2001
285,72;25.12.2001
188,34;26.12.2001
263,37;27.12.2001
263,67;28.12.2001
235,49;29.12.2001
180,76;30.12.2001
197,33;31.12.2001
289,40;01.01.2002
232,91;02.01.2002
196,56;03.01.2002
187,88;04.01.2002
150,26;05.01.2002
109,77;06.01.2002
175,10;07.01.2002
172,46;08.01.2002
183,32;09.01.2002
215,10;10.01.2002
211,82;11.01.2002
106,76;12.01.2002
118,17;13.01.2002
197,22;14.01.2002
186,35;15.01.2002
159,03;16.01.2002
208,58;17.01.2002
179,68;18.01.2002
146,46;19.01.2002
114,23;20.01.2002
148,09;21.01.2002
183,62;22.01.2002
163,93;23.01.2002
144,86;24.01.2002
138,53;25.01.2002
155,13;26.01.2002
113,06;27.01.2002
152,35;28.01.2002
181,03;29.01.2002
144,94;30.01.2002
202,98;31.01.2002
165,49;01.02.2002
130,92;02.02.2002
108,37;03.02.2002
106,03;04.02.2002
150,85;05.02.2002
176,87;06.02.2002
178,07;07.02.2002
116,33;08.02.2002
139,16;09.02.2002
123,19;10.02.2002
153,66;11.02.2002
175,17;12.02.2002
211,82;13.02.2002
154,38;14.02.2002
154,50;15.02.2002
85,33;16.02.2002
80,37;17.02.2002
100,87;18.02.2002
180,07;19.02.2002
152,93;20.02.2002
179,20;21.02.2002
160,47;22.02.2002
140,96;23.02.2002
98,78;24.02.2002
159,69;25.02.2002
146,34;26.02.2002
142,01;27.02.2002
143,91;28.02.2002
130,83;01.03.2002
127,98;02.03.2002
139,77;03.03.2002
227,93;04.03.2002
164,66;05.03.2002
137,54;06.03.2002
140,68;07.03.2002
145,26;08.03.2002
163,17;09.03.2002
132,36;10.03.2002
228,33;11.03.2002
218,93;12.03.2002
190,65;13.03.2002
151,40;14.03.2002
158,84;15.03.2002
118,31;16.03.2002
120,72;17.03.2002
184,03;18.03.2002
132,24;19.03.2002
176,20;20.03.2002
136,20;21.03.2002
160,06;22.03.2002
102,80;23.03.2002
145,45;24.03.2002
115,09;25.03.2002
124,75;26.03.2002
135,93;27.03.2002
82,54;28.03.2002
161,51;29.03.2002
175,69;30.03.2002
128,61;31.03.2002
156,44;01.04.2002
194,00;02.04.2002
175,52;03.04.2002
238,62;04.04.2002
201,63;05.04.2002
135,64;06.04.2002
150,74;07.04.2002
185,45;08.04.2002
200,57;09.04.2002
172,04;10.04.2002
195,67;11.04.2002
151,50;12.04.2002
181,94;13.04.2002
139,86;14.04.2002
187,64;15.04.2002
203,75;16.04.2002
96,57;17.04.2002
147,28;18.04.2002
193,63;19.04.2002
140,31;20.04.2002
104,22;21.04.2002
118,97;22.04.2002
129,71;23.04.2002
114,12;24.04.2002
106,27;25.04.2002
126,95;26.04.2002
84,40;27.04.2002
113,96;28.04.2002
120,46;29.04.2002
156,22;30.04.2002
123,69;01.05.2002
120,86;02.05.2002
135,76;03.05.2002
135,66;04.05.2002
146,99;05.05.2002
155,93;06.05.2002
178,97;07.05.2002
163,12;08.05.2002
196,93;09.05.2002
117,88;10.05.2002
125,64;11.05.2002
119,10;12.05.2002
162,79;13.05.2002
189,75;14.05.2002
167,72;15.05.2002
186,93;16.05.2002
139,67;17.05.2002
170,66;18.05.2002
111,98;19.05.2002
154,43;20.05.2002
187,76;21.05.2002
209,66;22.05.2002
209,38;23.05.2002
166,80;24.05.2002
150,43;25.05.2002
95,59;26.05.2002
217,67;27.05.2002
193,43;28.05.2002
178,71;29.05.2002
188,43;30.05.2002
131,78;31.05.2002
148,10;01.06.2002
116,03;02.06.2002
196,47;03.06.2002
155,93;04.06.2002
175,32;05.06.2002
151,06;06.06.2002
209,43;07.06.2002
125,68;08.06.2002
114,35;09.06.2002
148,88;10.06.2002
188,63;11.06.2002
154,96;12.06.2002
165,09;13.06.2002
141,88;14.06.2002
225,86;15.06.2002
93,41;16.06.2002
177,12;17.06.2002
130,80;18.06.2002
192,73;19.06.2002
153,10;20.06.2002
147,36;21.06.2002
103,61;22.06.2002
90,24;23.06.2002
161,40;24.06.2002
191,23;25.06.2002
161,81;26.06.2002
131,97;27.06.2002
99,78;28.06.2002
105,30;29.06.2002
76,38;30.06.2002
121,24;01.07.2002
138,87;02.07.2002
102,74;03.07.2002
154,00;04.07.2002
148,07;05.07.2002
174,17;06.07.2002
87,88;07.07.2002
105,22;08.07.2002
107,98;09.07.2002
100,48;10.07.2002
111,35;11.07.2002
141,10;12.07.2002
103,32;13.07.2002
111,96;14.07.2002
113,15;15.07.2002
103,72;16.07.2002
109,51;17.07.2002
121,23;18.07.2002
118,19;19.07.2002
113,90;20.07.2002
134,66;21.07.2002
94,75;22.07.2002
87,65;23.07.2002
129,40;24.07.2002
126,85;25.07.2002
100,10;26.07.2002
126,38;27.07.2002
85,84;28.07.2002
114,09;29.07.2002
164,48;30.07.2002
148,47;31.07.2002
132,86;01.08.2002
132,50;02.08.2002
183,65;03.08.2002
106,48;04.08.2002
127,72;05.08.2002
171,07;06.08.2002
172,00;07.08.2002
173,86;08.08.2002
106,64;09.08.2002
162,58;10.08.2002
93,97;11.08.2002
156,44;12.08.2002
118,44;13.08.2002
101,44;14.08.2002
86,19;15.08.2002
119,85;16.08.2002
93,50;17.08.2002
91,90;18.08.2002
66,02;19.08.2002
151,78;20.08.2002
155,44;21.08.2002
142,13;22.08.2002
130,64;23.08.2002
121,70;24.08.2002
116,56;25.08.2002
137,16;26.08.2002
128,64;27.08.2002
122,08;28.08.2002
105,93;29.08.2002
113,78;30.08.2002
114,12;31.08.2002
80,17;01.09.2002
146,46;02.09.2002
114,62;03.09.2002
188,65;04.09.2002
185,39;05.09.2002
152,23;06.09.2002
174,69;07.09.2002
119,03;08.09.2002
157,57;09.09.2002
225,34;10.09.2002
198,02;11.09.2002
189,82;12.09.2002
301,14;13.09.2002
195,87;14.09.2002
127,41;15.09.2002
151,69;16.09.2002
205,88;17.09.2002
236,17;18.09.2002
186,92;19.09.2002
191,86;20.09.2002
133,69;21.09.2002
93,05;22.09.2002
128,32;23.09.2002
216,18;24.09.2002
237,25;25.09.2002
140,04;26.09.2002
255,03;27.09.2002
132,62;28.09.2002
82,81;29.09.2002
159,60;30.09.2002
155,42;01.10.2002
134,17;02.10.2002
138,47;03.10.2002
168,68;04.10.2002
148,06;05.10.2002
80,54;06.10.2002
203,37;07.10.2002
187,33;08.10.2002
209,03;09.10.2002
178,04;10.10.2002
178,91;11.10.2002
200,94;12.10.2002
136,18;13.10.2002
183,22;14.10.2002
195,05;15.10.2002
158,86;16.10.2002
187,31;17.10.2002
271,00;18.10.2002
168,39;19.10.2002
169,61;20.10.2002
166,69;21.10.2002
135,34;22.10.2002
161,52;23.10.2002
144,02;24.10.2002
201,68;25.10.2002
191,54;26.10.2002
118,07;27.10.2002
174,35;28.10.2002
176,87;29.10.2002
154,14;30.10.2002
140,38;31.10.2002
169,15;01.11.2002
99,69;02.11.2002
67,60;03.11.2002
94,85;04.11.2002
143,18;05.11.2002
182,94;06.11.2002
155,12;07.11.2002
160,75;08.11.2002
168,89;09.11.2002
91,08;10.11.2002
164,71;11.11.2002
156,81;12.11.2002
192,52;13.11.2002
216,92;14.11.2002
194,86;15.11.2002
196,58;16.11.2002
142,36;17.11.2002
181,79;18.11.2002
216,77;19.11.2002
123,65;20.11.2002
142,72;21.11.2002
147,59;22.11.2002
178,75;23.11.2002
123,96;24.11.2002
130,19;25.11.2002
168,44;26.11.2002
142,68;27.11.2002
147,88;28.11.2002
198,88;29.11.2002
180,16;30.11.2002
117,52;01.12.2002
176,12;02.12.2002
174,35;03.12.2002
172,23;04.12.2002
200,52;05.12.2002
216,98;06.12.2002
102,48;07.12.2002
88,61;08.12.2002
135,85;09.12.2002
175,52;10.12.2002
177,72;11.12.2002
171,69;12.12.2002
165,34;13.12.2002
157,45;14.12.2002
84,67;15.12.2002
152,83;16.12.2002
176,88;17.12.2002
201,61;18.12.2002
175,63;19.12.2002
276,05;20.12.2002
183,49;21.12.2002
150,92;22.12.2002
189,76;23.12.2002
273,16;24.12.2002
193,87;25.12.2002
206,75;26.12.2002
203,79;27.12.2002
194,86;28.12.2002
138,83;29.12.2002
162,63;30.12.2002
228,61;31.12.2002
282,24;01.01.2003
183,23;02.01.2003
171,76;03.01.2003
162,86;04.01.2003
161,77;05.01.2003
117,88;06.01.2003
209,53;07.01.2003
202,43;08.01.2003
175,07;09.01.2003
245,27;10.01.2003
209,21;11.01.2003
110,65;12.01.2003
202,41;13.01.2003
193,00;14.01.2003
242,03;15.01.2003
177,98;16.01.2003
241,23;17.01.2003
166,20;18.01.2003
96,48;19.01.2003
210,03;20.01.2003
229,15;21.01.2003
226,73;22.01.2003
184,46;23.01.2003
247,88;24.01.2003
246,11;25.01.2003
171,40;26.01.2003
258,56;27.01.2003
285,57;28.01.2003
257,61;29.01.2003
264,37;30.01.2003
230,36;31.01.2003
202,20;01.02.2003
113,42;02.02.2003
167,59;03.02.2003
206,44;04.02.2003
196,58;05.02.2003
211,49;06.02.2003
257,03;07.02.2003
201,58;08.02.2003
110,90;09.02.2003
180,55;10.02.2003
213,41;11.02.2003
296,34;12.02.2003
334,66;13.02.2003
344,46;14.02.2003
317,92;15.02.2003
172,04;16.02.2003
290,78;17.02.2003
342,68;18.02.2003
242,38;19.02.2003
239,50;20.02.2003
227,28;21.02.2003
267,05;22.02.2003
197,71;23.02.2003
186,14;24.02.2003
338,82;25.02.2003
284,53;26.02.2003
228,99;27.02.2003
240,86;28.02.2003
189,62;01.03.2003
139,92;02.03.2003
247,10;03.03.2003
326,09;04.03.2003
338,19;05.03.2003
285,29;06.03.2003
313,06;07.03.2003
299,56;08.03.2003
184,03;09.03.2003
327,62;10.03.2003
309,09;11.03.2003
347,37;12.03.2003
262,22;13.03.2003
336,59;14.03.2003
268,67;15.03.2003
216,62;16.03.2003
344,84;17.03.2003
554,58;18.03.2003
540,06;19.03.2003
478,95;20.03.2003
595,03;21.03.2003
441,29;22.03.2003
255,06;23.03.2003
441,45;24.03.2003
516,67;25.03.2003
417,85;26.03.2003
482,87;27.03.2003
373,54;28.03.2003
347,19;29.03.2003
207,04;30.03.2003
439,02;31.03.2003
512,38;01.04.2003
428,78;02.04.2003
356,86;03.04.2003
394,21;04.04.2003
261,08;05.04.2003
206,43;06.04.2003
277,46;07.04.2003
339,98;08.04.2003
354,19;09.04.2003
287,74;10.04.2003
319,09;11.04.2003
240,04;12.04.2003
199,28;13.04.2003
263,30;14.04.2003
280,67;15.04.2003
280,17;16.04.2003
229,66;17.04.2003
234,46;18.04.2003
193,57;19.04.2003
166,01;20.04.2003
199,16;21.04.2003
174,88;22.04.2003
184,36;23.04.2003
172,42;24.04.2003
214,84;25.04.2003
167,83;26.04.2003
120,28;27.04.2003
141,50;28.04.2003
159,49;29.04.2003
225,66;30.04.2003
201,63;01.05.2003
154,07;02.05.2003
140,55;03.05.2003
100,38;04.05.2003
175,33;05.05.2003
160,29;06.05.2003
155,23;07.05.2003
145,43;08.05.2003
192,16;09.05.2003
131,27;10.05.2003
104,04;11.05.2003
182,05;12.05.2003
167,40;13.05.2003
222,93;14.05.2003
224,32;15.05.2003
210,05;16.05.2003
152,72;17.05.2003
111,66;18.05.2003
144,02;19.05.2003
195,05;20.05.2003
186,10;21.05.2003
207,52;22.05.2003
189,29;23.05.2003
132,04;24.05.2003
126,43;25.05.2003
152,40;26.05.2003
126,30;27.05.2003
148,32;28.05.2003
126,14;29.05.2003
143,50;30.05.2003
141,44;31.05.2003
86,09;01.06.2003
150,92;02.06.2003
205,26;03.06.2003
186,19;04.06.2003
166,03;05.06.2003
172,53;06.06.2003
123,50;07.06.2003
87,88;08.06.2003
150,40;09.06.2003
172,50;10.06.2003
158,88;11.06.2003
172,36;12.06.2003
139,18;13.06.2003
94,96;14.06.2003
65,60;15.06.2003
173,57;16.06.2003
146,94;17.06.2003
176,98;18.06.2003
164,94;19.06.2003
156,14;20.06.2003
113,65;21.06.2003
111,70;22.06.2003
141,29;23.06.2003
155,85;24.06.2003
226,12;25.06.2003
167,00;26.06.2003
150,30;27.06.2003
95,81;28.06.2003
108,49;29.06.2003
150,57;30.06.2003
154,61;01.07.2003
176,50;02.07.2003
119,14;03.07.2003
150,41;04.07.2003
73,83;05.07.2003
71,04;06.07.2003
88,90;07.07.2003
190,15;08.07.2003
145,82;09.07.2003
147,48;10.07.2003
95,22;11.07.2003
114,02;12.07.2003
88,53;13.07.2003
143,31;14.07.2003
147,01;15.07.2003
141,79;16.07.2003
138,02;17.07.2003
132,39;18.07.2003
111,12;19.07.2003
139,86;20.07.2003
165,02;21.07.2003
134,77;22.07.2003
170,66;23.07.2003
125,43;24.07.2003
159,49;25.07.2003
110,11;26.07.2003
79,32;27.07.2003
134,13;28.07.2003
178,57;29.07.2003
191,42;30.07.2003
134,59;31.07.2003
153,79;01.08.2003
95,55;02.08.2003
117,16;03.08.2003
161,49;04.08.2003
107,45;05.08.2003
152,30;06.08.2003
136,01;07.08.2003
150,86;08.08.2003
119,11;09.08.2003
112,04;10.08.2003
134,56;11.08.2003
144,33;12.08.2003
179,58;13.08.2003
150,97;14.08.2003
218,31;15.08.2003
138,87;16.08.2003
76,87;17.08.2003
139,31;18.08.2003
162,80;19.08.2003
208,79;20.08.2003
117,31;21.08.2003
134,41;22.08.2003
127,06;23.08.2003
73,38;24.08.2003
129,43;25.08.2003
195,97;26.08.2003
164,56;27.08.2003
139,65;28.08.2003
114,12;29.08.2003
103,81;30.08.2003
99,45;31.08.2003
154,59;01.09.2003
151,92;02.09.2003
132,26;03.09.2003
99,16;04.09.2003
133,41;05.09.2003
79,68;06.09.2003
81,71;07.09.2003
165,08;08.09.2003
157,89;09.09.2003
159,71;10.09.2003
97,43;11.09.2003
126,28;12.09.2003
150,18;13.09.2003
64,75;14.09.2003
111,35;15.09.2003
133,72;16.09.2003
122,79;17.09.2003
128,59;18.09.2003
115,17;19.09.2003
93,51;20.09.2003
98,43;21.09.2003
116,23;22.09.2003
105,35;23.09.2003
150,31;24.09.2003
110,16;25.09.2003
119,20;26.09.2003
67,43;27.09.2003
82,98;28.09.2003
131,30;29.09.2003
120,98;30.09.2003
83,62;01.10.2003
114,32;02.10.2003
133,13;03.10.2003
76,64;04.10.2003
71,45;05.10.2003
135,82;06.10.2003
126,36;07.10.2003
88,89;08.10.2003
77,25;09.10.2003
137,34;10.10.2003
84,17;11.10.2003
78,48;12.10.2003
129,84;13.10.2003
123,98;14.10.2003
113,09;15.10.2003
130,32;16.10.2003
110,51;17.10.2003
84,22;18.10.2003
89,81;19.10.2003
115,71;20.10.2003
154,49;21.10.2003
163,69;22.10.2003
120,77;23.10.2003
133,06;24.10.2003
66,37;25.10.2003
65,63;26.10.2003
101,59;27.10.2003
112,82;28.10.2003
128,70;29.10.2003
74,47;30.10.2003
107,63;31.10.2003
85,43;01.11.2003
70,91;02.11.2003
151,24;03.11.2003
122,46;04.11.2003
109,34;05.11.2003
95,63;06.11.2003
86,49;07.11.2003
83,23;08.11.2003
117,08;09.11.2003
128,72;10.11.2003
151,93;11.11.2003
95,50;12.11.2003
120,31;13.11.2003
101,61;14.11.2003
78,95;15.11.2003
84,42;16.11.2003
129,64;17.11.2003
152,06;18.11.2003
134,97;19.11.2003
131,66;20.11.2003
203,21;21.11.2003
171,89;22.11.2003
100,79;23.11.2003
131,90;24.11.2003
101,44;25.11.2003
105,75;26.11.2003
119,70;27.11.2003
143,21;28.11.2003
123,14;29.11.2003
85,61;30.11.2003
143,39;01.12.2003
120,28;02.12.2003
166,86;03.12.2003
134,11;04.12.2003
112,19;05.12.2003
112,93;06.12.2003
111,07;07.12.2003
82,53;08.12.2003
80,17;09.12.2003
143,15;10.12.2003
109,38;11.12.2003
133,43;12.12.2003
93,48;13.12.2003
69,81;14.12.2003
130,19;15.12.2003
138,41;16.12.2003
133,35;17.12.2003
81,55;18.12.2003
156,91;19.12.2003
144,02;20.12.2003
108,18;21.12.2003
177,01;22.12.2003
171,54;23.12.2003
186,51;24.12.2003
128,89;25.12.2003
151,01;26.12.2003
105,85;27.12.2003
131,75;28.12.2003
184,28;29.12.2003
191,78;30.12.2003
156,76;31.12.2003
213,87;01.01.2004
165,04;02.01.2004
177,88;03.01.2004
134,97;04.01.2004
102,53;05.01.2004
128,37;06.01.2004
148,56;07.01.2004
128,04;08.01.2004
144,02;09.01.2004
122,36;10.01.2004
66,32;11.01.2004
73,86;12.01.2004
147,09;13.01.2004
97,60;14.01.2004
119,83;15.01.2004
95,97;16.01.2004
84,58;17.01.2004
62,63;18.01.2004
89,24;19.01.2004
101,20;20.01.2004
85,47;21.01.2004
117,88;22.01.2004
105,16;23.01.2004
87,47;24.01.2004
78,19;25.01.2004
97,64;26.01.2004
129,59;27.01.2004
129,14;28.01.2004
142,78;29.01.2004
91,78;30.01.2004
69,37;31.01.2004
94,25;01.02.2004
184,91;02.02.2004
150,85;03.02.2004
161,24;04.02.2004
116,09;05.02.2004
140,21;06.02.2004
112,10;07.02.2004
94,64;08.02.2004
133,39;09.02.2004
125,68;10.02.2004
126,61;11.02.2004
93,02;12.02.2004
121,85;13.02.2004
100,55;14.02.2004
99,95;15.02.2004
93,03;16.02.2004
91,92;17.02.2004
93,44;18.02.2004
132,07;19.02.2004
77,57;20.02.2004
84,29;21.02.2004
78,95;22.02.2004
120,87;23.02.2004
138,15;24.02.2004
161,73;25.02.2004
111,18;26.02.2004
126,19;27.02.2004
89,45;28.02.2004
76,07;29.02.2004
118,18;01.03.2004
86,58;02.03.2004
108,42;03.03.2004
112,29;04.03.2004
106,58;05.03.2004
101,79;06.03.2004
47,96;07.03.2004
84,56;08.03.2004
82,81;09.03.2004
111,99;10.03.2004
110,76;11.03.2004
179,51;12.03.2004
148,32;13.03.2004
103,09;14.03.2004
192,09;15.03.2004
257,50;16.03.2004
182,45;17.03.2004
145,77;18.03.2004
207,22;19.03.2004
161,86;20.03.2004
123,47;21.03.2004
162,42;22.03.2004
208,84;23.03.2004
174,35;24.03.2004
145,94;25.03.2004
164,91;26.03.2004
108,25;27.03.2004
70,86;28.03.2004
149,41;29.03.2004
116,34;30.03.2004
173,76;31.03.2004
139,82;01.04.2004
167,09;02.04.2004
125,79;03.04.2004
84,13;04.04.2004
184,24;05.04.2004
175,18;06.04.2004
131,77;07.04.2004
148,97;08.04.2004
252,65;09.04.2004
165,63;10.04.2004
109,29;11.04.2004
187,35;12.04.2004
153,91;13.04.2004
239,21;14.04.2004
177,98;15.04.2004
180,40;16.04.2004
67,66;17.04.2004
125,53;18.04.2004
176,76;19.04.2004
144,69;20.04.2004
134,61;21.04.2004
148,21;22.04.2004
128,64;23.04.2004
98,84;24.04.2004
83,62;25.04.2004
120,07;26.04.2004
128,47;27.04.2004
189,78;28.04.2004
141,27;29.04.2004
150,31;30.04.2004
83,61;01.05.2004
80,28;02.05.2004
113,19;03.05.2004
122,93;04.05.2004
128,23;05.05.2004
103,92;06.05.2004
137,28;07.05.2004
85,60;08.05.2004
86,23;09.05.2004
128,39;10.05.2004
133,52;11.05.2004
122,35;12.05.2004
125,53;13.05.2004
114,82;14.05.2004
104,38;15.05.2004
99,96;16.05.2004
149,94;17.05.2004
158,36;18.05.2004
117,47;19.05.2004
160,24;20.05.2004
124,60;21.05.2004
94,07;22.05.2004
56,93;23.05.2004
156,36;24.05.2004
136,05;25.05.2004
131,19;26.05.2004
170,89;27.05.2004
161,73;28.05.2004
82,11;29.05.2004
154,76;30.05.2004
151,87;31.05.2004
151,92;01.06.2004
156,25;02.06.2004
176,63;03.06.2004
156,36;04.06.2004
98,76;05.06.2004
76,57;06.06.2004
53,66;07.06.2004
161,75;08.06.2004
135,86;09.06.2004
146,41;10.06.2004
163,15;11.06.2004
112,01;12.06.2004
83,63;13.06.2004
100,95;14.06.2004
123,03;15.06.2004
103,07;16.06.2004
127,79;17.06.2004
190,44;18.06.2004
155,41;19.06.2004
136,23;20.06.2004
183,22;21.06.2004
157,74;22.06.2004
160,72;23.06.2004
135,15;24.06.2004
164,05;25.06.2004
118,20;26.06.2004
109,54;27.06.2004
151,26;28.06.2004
200,76;29.06.2004
119,24;30.06.2004
128,33;01.07.2004
92,82;02.07.2004
95,50;03.07.2004
94,64;04.07.2004
103,39;05.07.2004
86,04;06.07.2004
109,38;07.07.2004
109,02;08.07.2004
162,53;09.07.2004
119,98;10.07.2004
116,30;11.07.2004
168,23;12.07.2004
121,15;13.07.2004
133,55;14.07.2004
169,73;15.07.2004
134,66;16.07.2004
105,56;17.07.2004
92,12;18.07.2004
135,92;19.07.2004
134,52;20.07.2004
149,30;21.07.2004
150,18;22.07.2004
281,20;23.07.2004
104,83;24.07.2004
109,57;25.07.2004
162,31;26.07.2004
163,03;27.07.2004
110,73;28.07.2004
133,07;29.07.2004
162,11;30.07.2004
102,69;31.07.2004
91,10;01.08.2004
197,46;02.08.2004
344,62;03.08.2004
225,56;04.08.2004
180,85;05.08.2004
210,99;06.08.2004
121,34;07.08.2004
130,20;08.08.2004
158,85;09.08.2004
167,72;10.08.2004
130,34;11.08.2004
125,79;12.08.2004
136,47;13.08.2004
66,14;14.08.2004
82,81;15.08.2004
130,27;16.08.2004
115,75;17.08.2004
133,39;18.08.2004
119,67;19.08.2004
105,12;20.08.2004
83,34;21.08.2004
65,96;22.08.2004
101,87;23.08.2004
110,54;24.08.2004
171,29;25.08.2004
114,23;26.08.2004
143,50;27.08.2004
138,75;28.08.2004
109,97;29.08.2004
166,18;30.08.2004
158,43;31.08.2004
142,14;01.09.2004
184,48;02.09.2004
192,66;03.09.2004
144,56;04.09.2004
115,22;05.09.2004
130,07;06.09.2004
183,45;07.09.2004
163,58;08.09.2004
191,81;09.09.2004
187,84;10.09.2004
130,96;11.09.2004
97,73;12.09.2004
118,67;13.09.2004
163,55;14.09.2004
152,41;15.09.2004
140,68;16.09.2004
144,28;17.09.2004
153,10;18.09.2004
111,70;19.09.2004
168,68;20.09.2004
175,94;21.09.2004
165,49;22.09.2004
170,14;23.09.2004
161,94;24.09.2004
139,33;25.09.2004
70,40;26.09.2004
184,23;27.09.2004
187,38;28.09.2004
142,18;29.09.2004
174,51;30.09.2004
165,22;01.10.2004
129,33;02.10.2004
91,51;03.10.2004
164,20;04.10.2004
105,87;05.10.2004
156,64;06.10.2004
135,60;07.10.2004
166,02;08.10.2004
85,08;09.10.2004
105,72;10.10.2004
140,51;11.10.2004
127,90;12.10.2004
95,64;13.10.2004
101,01;14.10.2004
122,69;15.10.2004
87,17;16.10.2004
90,51;17.10.2004
102,45;18.10.2004
116,99;19.10.2004
104,85;20.10.2004
130,05;21.10.2004
97,34;22.10.2004
116,48;23.10.2004
85,85;24.10.2004
121,33;25.10.2004
124,78;26.10.2004
121,94;27.10.2004
122,40;28.10.2004
113,72;29.10.2004
86,51;30.10.2004
144,64;31.10.2004
124,04;01.11.2004
104,91;02.11.2004
87,99;03.11.2004
87,24;04.11.2004
137,90;05.11.2004
97,91;06.11.2004
92,68;07.11.2004
176,36;08.11.2004
201,72;09.11.2004
166,50;10.11.2004
115,59;11.11.2004
123,01;12.11.2004
71,59;13.11.2004
106,74;14.11.2004
181,66;15.11.2004
167,92;16.11.2004
157,07;17.11.2004
114,32;18.11.2004
82,81;19.11.2004
91,17;20.11.2004
96,62;21.11.2004
131,05;22.11.2004
182,61;23.11.2004
176,00;24.11.2004
140,57;25.11.2004
86,25;26.11.2004
88,49;27.11.2004
111,48;28.11.2004
117,65;29.11.2004
114,01;30.11.2004
146,83;01.12.2004
137,91;02.12.2004
89,97;03.12.2004
106,95;04.12.2004
87,08;05.12.2004
137,55;06.12.2004
126,59;07.12.2004
125,06;08.12.2004
113,25;09.12.2004
100,29;10.12.2004
70,42;11.12.2004
54,07;12.12.2004
122,14;13.12.2004
89,36;14.12.2004
114,85;15.12.2004
72,19;16.12.2004
96,98;17.12.2004
109,92;18.12.2004
98,24;19.12.2004
128,91;20.12.2004
117,54;21.12.2004
122,30;22.12.2004
112,02;23.12.2004
112,93;24.12.2004
101,75;25.12.2004
64,01;26.12.2004
110,42;27.12.2004
89,05;28.12.2004
110,01;29.12.2004
132,65;30.12.2004
121,06;31.12.2004
58,04;01.01.2005
59,38;02.01.2005
141,90;03.01.2005
145,57;04.01.2005
109,90;05.01.2005
89,06;06.01.2005
108,05;07.01.2005
50,10;08.01.2005
84,47;09.01.2005
112,80;10.01.2005
79,02;11.01.2005
107,35;12.01.2005
94,35;13.01.2005
89,14;14.01.2005
81,32;15.01.2005
59,78;16.01.2005
88,14;17.01.2005
112,46;18.01.2005
108,37;19.01.2005
88,77;20.01.2005
115,35;21.01.2005
110,91;22.01.2005
61,77;23.01.2005
159,03;24.01.2005
100,28;25.01.2005
128,87;26.01.2005
116,51;27.01.2005
103,70;28.01.2005
113,37;29.01.2005
48,06;30.01.2005
155,16;31.01.2005
142,20;01.02.2005
145,08;02.02.2005
113,01;03.02.2005
106,86;04.02.2005
59,46;05.02.2005
62,50;06.02.2005
140,13;07.02.2005
86,85;08.02.2005
138,54;09.02.2005
119,67;10.02.2005
124,79;11.02.2005
89,53;12.02.2005
60,16;13.02.2005
128,28;14.02.2005
150,57;15.02.2005
129,59;16.02.2005
135,85;17.02.2005
107,51;18.02.2005
81,14;19.02.2005
72,92;20.02.2005
106,33;21.02.2005
123,30;22.02.2005
85,23;23.02.2005
104,25;24.02.2005
113,62;25.02.2005
87,32;26.02.2005
136,03;27.02.2005
118,31;28.02.2005
146,94;01.03.2005
109,88;02.03.2005
88,82;03.03.2005
74,18;04.03.2005
93,87;05.03.2005
59,53;06.03.2005
107,57;07.03.2005
124,82;08.03.2005
95,81;09.03.2005
82,25;10.03.2005
98,31;11.03.2005
76,84;12.03.2005
90,02;13.03.2005
80,20;14.03.2005
101,69;15.03.2005
110,61;16.03.2005
83,65;17.03.2005
75,22;18.03.2005
77,81;19.03.2005
40,49;20.03.2005
138,65;21.03.2005
78,42;22.03.2005
97,00;23.03.2005
124,65;24.03.2005
93,22;25.03.2005
59,87;26.03.2005
48,99;27.03.2005
88,23;28.03.2005
86,00;29.03.2005
88,41;30.03.2005
82,88;31.03.2005
115,72;01.04.2005
60,83;02.04.2005
96,72;03.04.2005
99,52;04.04.2005
109,90;05.04.2005
121,23;06.04.2005
114,95;07.04.2005
67,43;08.04.2005
71,53;09.04.2005
65,81;10.04.2005
84,25;11.04.2005
78,35;12.04.2005
75,72;13.04.2005
70,70;14.04.2005
100,55;15.04.2005
66,25;16.04.2005
77,73;17.04.2005
129,31;18.04.2005
112,51;19.04.2005
80,17;20.04.2005
62,23;21.04.2005
89,53;22.04.2005
75,48;23.04.2005
45,23;24.04.2005
75,20;25.04.2005
100,77;26.04.2005
92,93;27.04.2005
106,53;28.04.2005
82,67;29.04.2005
78,34;30.04.2005
87,65;01.05.2005
150,57;02.05.2005
122,08;03.05.2005
128,56;04.05.2005
76,85;05.05.2005
99,69;06.05.2005
87,09;07.05.2005
84,84;08.05.2005
134,97;09.05.2005
98,49;10.05.2005
92,79;11.05.2005
139,61;12.05.2005
97,43;13.05.2005
55,21;14.05.2005
75,45;15.05.2005
103,40;16.05.2005
70,74;17.05.2005
99,69;18.05.2005
88,96;19.05.2005
115,29;20.05.2005
54,30;21.05.2005
67,10;22.05.2005
61,63;23.05.2005
74,26;24.05.2005
97,17;25.05.2005
133,25;26.05.2005
146,49;27.05.2005
73,68;28.05.2005
82,25;29.05.2005
125,57;30.05.2005
137,53;31.05.2005
81,01;01.06.2005
82,88;02.06.2005
46,53;03.06.2005
73,49;04.06.2005
38,93;05.06.2005
121,01;06.06.2005
91,20;07.06.2005
90,16;08.06.2005
111,63;09.06.2005
78,94;10.06.2005
65,17;11.06.2005
52,41;12.06.2005
113,59;13.06.2005
64,51;14.06.2005
64,35;15.06.2005
65,01;16.06.2005
101,17;17.06.2005
79,34;18.06.2005
43,35;19.06.2005
59,35;20.06.2005
81,06;21.06.2005
106,27;22.06.2005
91,94;23.06.2005
71,30;24.06.2005
55,80;25.06.2005
78,16;26.06.2005
156,50;27.06.2005
99,28;28.06.2005
77,94;29.06.2005
110,42;30.06.2005
128,17;01.07.2005
66,14;02.07.2005
87,27;03.07.2005
124,92;04.07.2005
126,38;05.07.2005
83,54;06.07.2005
46,66;07.07.2005
469,20;08.07.2005
241,45;09.07.2005
152,83;10.07.2005
223,27;11.07.2005
201,46;12.07.2005
224,74;13.07.2005
171,48;14.07.2005
154,66;15.07.2005
196,10;16.07.2005
139,55;17.07.2005
167,34;18.07.2005
175,07;19.07.2005
190,30;20.07.2005
134,26;21.07.2005
190,59;22.07.2005
163,84;23.07.2005
82,42;24.07.2005
214,23;25.07.2005
211,98;26.07.2005
188,04;27.07.2005
171,76;28.07.2005
169,95;29.07.2005
134,54;30.07.2005
75,78;31.07.2005
184,26;01.08.2005
160,59;02.08.2005
164,02;03.08.2005
170,34;04.08.2005
122,57;05.08.2005
146,60;06.08.2005
106,61;07.08.2005
173,50;08.08.2005
143,53;09.08.2005
136,88;10.08.2005
113,52;11.08.2005
149,44;12.08.2005
63,70;13.08.2005
151,24;14.08.2005
120,23;15.08.2005
90,11;16.08.2005
94,32;17.08.2005
80,37;18.08.2005
130,34;19.08.2005
64,01;20.08.2005
65,40;21.08.2005
94,40;22.08.2005
109,91;23.08.2005
98,83;24.08.2005
114,23;25.08.2005
109,43;26.08.2005
91,93;27.08.2005
70,32;28.08.2005
113,67;29.08.2005
97,89;30.08.2005
91,29;31.08.2005
86,96;01.09.2005
139,81;02.09.2005
118,31;03.09.2005
95,45;04.09.2005
60,46;05.09.2005
108,97;06.09.2005
123,00;07.09.2005
75,34;08.09.2005
101,75;09.09.2005
64,95;10.09.2005
91,43;11.09.2005
113,72;12.09.2005
100,84;13.09.2005
130,53;14.09.2005
109,03;15.09.2005
93,93;16.09.2005
79,89;17.09.2005
56,63;18.09.2005
161,86;19.09.2005
148,46;20.09.2005
142,57;21.09.2005
105,24;22.09.2005
117,31;23.09.2005
84,53;24.09.2005
92,11;25.09.2005
115,09;26.09.2005
109,07;27.09.2005
101,79;28.09.2005
83,77;29.09.2005
100,21;30.09.2005
43,13;01.10.2005
65,02;02.10.2005
123,83;03.10.2005
103,71;04.10.2005
125,68;05.10.2005
78,23;06.10.2005
140,39;07.10.2005
111,95;08.10.2005
100,70;09.10.2005
92,55;10.10.2005
86,91;11.10.2005
63,48;12.10.2005
99,43;13.10.2005
61,07;14.10.2005
73,01;15.10.2005
60,68;16.10.2005
107,21;17.10.2005
122,11;18.10.2005
62,61;19.10.2005
75,11;20.10.2005
91,94;21.10.2005
74,20;22.10.2005
42,38;23.10.2005
80,53;24.10.2005
72,30;25.10.2005
92,25;26.10.2005
86,83;27.10.2005
78,54;28.10.2005
46,93;29.10.2005
69,47;30.10.2005
177,80;31.10.2005
112,35;01.11.2005
76,12;02.11.2005
79,82;03.11.2005
99,14;04.11.2005
70,18;05.11.2005
67,06;06.11.2005
101,29;07.11.2005
97,80;08.11.2005
80,14;09.11.2005
118,90;10.11.2005
146,63;11.11.2005
78,10;12.11.2005
47,90;13.11.2005
91,46;14.11.2005
121,74;15.11.2005
77,52;16.11.2005
83,27;17.11.2005
74,44;18.11.2005
57,84;19.11.2005
63,92;20.11.2005
86,68;21.11.2005
84,27;22.11.2005
84,62;23.11.2005
70,55;24.11.2005
86,17;25.11.2005
49,14;26.11.2005
63,63;27.11.2005
54,18;28.11.2005
60,58;29.11.2005
76,75;30.11.2005
115,46;01.12.2005
67,13;02.12.2005
75,80;03.12.2005
56,02;04.12.2005
91,51;05.12.2005
135,58;06.12.2005
79,22;07.12.2005
94,03;08.12.2005
110,24;09.12.2005
48,44;10.12.2005
75,53;11.12.2005
86,78;12.12.2005
144,88;13.12.2005
126,94;14.12.2005
119,57;15.12.2005
81,59;16.12.2005
87,99;17.12.2005
75,80;18.12.2005
140,79;19.12.2005
101,20;20.12.2005
105,32;21.12.2005
102,74;22.12.2005
84,36;23.12.2005
79,23;24.12.2005
83,36;25.12.2005
130,76;26.12.2005
93,71;27.12.2005
103,91;28.12.2005
116,05;29.12.2005
80,44;30.12.2005
61,61;31.12.2005
60,15;01.01.2006
71,57;02.01.2006
64,71;03.01.2006
107,42;04.01.2006
58,21;05.01.2006
91,84;06.01.2006
62,23;07.01.2006
80,79;08.01.2006
85,78;09.01.2006
96,76;10.01.2006
117,62;11.01.2006
91,49;12.01.2006
121,59;13.01.2006
64,90;14.01.2006
81,06;15.01.2006
93,36;16.01.2006
106,50;17.01.2006
147,08;18.01.2006
94,49;19.01.2006
153,49;20.01.2006
114,92;21.01.2006
73,53;22.01.2006
111,70;23.01.2006
70,62;24.01.2006
105,57;25.01.2006
115,13;26.01.2006
127,52;27.01.2006
49,68;28.01.2006
66,49;29.01.2006
111,96;30.01.2006
106,64;31.01.2006
167,52;01.02.2006
89,60;02.02.2006
131,32;03.02.2006
88,87;04.02.2006
75,89;05.02.2006
140,07;06.02.2006
144,17;07.02.2006
85,92;08.02.2006
67,94;09.02.2006
88,15;10.02.2006
64,68;11.02.2006
28,25;12.02.2006
89,34;13.02.2006
89,01;14.02.2006
64,59;15.02.2006
112,87;16.02.2006
106,58;17.02.2006
61,84;18.02.2006
60,23;19.02.2006
69,17;20.02.2006
113,87;21.02.2006
88,15;22.02.2006
136,38;23.02.2006
102,42;24.02.2006
114,68;25.02.2006
87,36;26.02.2006
106,40;27.02.2006
128,42;28.02.2006
120,51;01.03.2006
71,77;02.03.2006
126,45;03.03.2006
63,76;04.03.2006
76,11;05.03.2006
119,78;06.03.2006
132,38;07.03.2006
137,76;08.03.2006
126,25;09.03.2006
130,72;10.03.2006
69,83;11.03.2006
67,45;12.03.2006
95,05;13.03.2006
143,75;14.03.2006
81,18;15.03.2006
105,03;16.03.2006
125,48;17.03.2006
52,93;18.03.2006
42,74;19.03.2006
94,13;20.03.2006
112,02;21.03.2006
108,81;22.03.2006
74,70;23.03.2006
92,18;24.03.2006
56,29;25.03.2006
34,23;26.03.2006
81,88;27.03.2006
75,89;28.03.2006
68,18;29.03.2006
76,18;30.03.2006
84,00;31.03.2006
58,07;01.04.2006
47,80;02.04.2006
121,23;03.04.2006
82,26;04.04.2006
62,57;05.04.2006
62,45;06.04.2006
96,72;07.04.2006
73,29;08.04.2006
61,88;09.04.2006
100,38;10.04.2006
115,31;11.04.2006
100,11;12.04.2006
99,69;13.04.2006
60,97;14.04.2006
110,89;15.04.2006
61,57;16.04.2006
139,61;17.04.2006
132,80;18.04.2006
99,25;19.04.2006
90,29;20.04.2006
71,95;21.04.2006
75,08;22.04.2006
33,16;23.04.2006
104,02;24.04.2006
128,02;25.04.2006
129,79;26.04.2006
129,06;27.04.2006
89,53;28.04.2006
81,72;29.04.2006
60,37;30.04.2006
99,00;01.05.2006
106,17;02.05.2006
96,45;03.05.2006
83,42;04.05.2006
91,86;05.05.2006
64,13;06.05.2006
63,49;07.05.2006
128,15;08.05.2006
105,06;09.05.2006
118,42;10.05.2006
115,94;11.05.2006
92,18;12.05.2006
64,58;13.05.2006
79,96;14.05.2006
70,65;15.05.2006
109,31;16.05.2006
87,97;17.05.2006
78,34;18.05.2006
79,36;19.05.2006
66,73;20.05.2006
70,56;21.05.2006
91,61;22.05.2006
86,56;23.05.2006
91,52;24.05.2006
62,55;25.05.2006
95,89;26.05.2006
60,86;27.05.2006
41,13;28.05.2006
86,57;29.05.2006
74,69;30.05.2006
52,93;31.05.2006
118,31;01.06.2006
98,02;02.06.2006
105,96;03.06.2006
84,35;04.06.2006
85,32;05.06.2006
123,41;06.06.2006
115,41;07.06.2006
86,82;08.06.2006
113,72;09.06.2006
96,65;10.06.2006
56,34;11.06.2006
84,54;12.06.2006
90,46;13.06.2006
125,99;14.06.2006
114,03;15.06.2006
96,51;16.06.2006
73,35;17.06.2006
104,69;18.06.2006
114,10;19.06.2006
139,97;20.06.2006
107,32;21.06.2006
112,62;22.06.2006
131,73;23.06.2006
63,81;24.06.2006
58,73;25.06.2006
108,67;26.06.2006
132,11;27.06.2006
94,64;28.06.2006
98,39;29.06.2006
133,72;30.06.2006
51,18;01.07.2006
55,94;02.07.2006
82,81;03.07.2006
147,32;04.07.2006
114,97;05.07.2006
172,96;06.07.2006
151,52;07.07.2006
107,03;08.07.2006
75,20;09.07.2006
161,29;10.07.2006
149,44;11.07.2006
154,59;12.07.2006
180,89;13.07.2006
171,88;14.07.2006
109,48;15.07.2006
124,62;16.07.2006
224,10;17.07.2006
206,60;18.07.2006
179,24;19.07.2006
130,30;20.07.2006
142,37;21.07.2006
137,91;22.07.2006
105,97;23.07.2006
150,57;24.07.2006
141,11;25.07.2006
165,11;26.07.2006
115,32;27.07.2006
180,03;28.07.2006
120,46;29.07.2006
100,26;30.07.2006
150,19;31.07.2006
151,56;01.08.2006
150,25;02.08.2006
137,90;03.08.2006
132,37;04.08.2006
109,83;05.08.2006
85,04;06.08.2006
171,41;07.08.2006
150,05;08.08.2006
156,93;09.08.2006
143,48;10.08.2006
252,68;11.08.2006
233,62;12.08.2006
134,86;13.08.2006
207,28;14.08.2006
239,73;15.08.2006
134,43;16.08.2006
137,40;17.08.2006
154,88;18.08.2006
100,56;19.08.2006
109,25;20.08.2006
156,40;21.08.2006
180,15;22.08.2006
160,06;23.08.2006
120,57;24.08.2006
150,98;25.08.2006
135,51;26.08.2006
73,07;27.08.2006
129,06;28.08.2006
161,78;29.08.2006
110,31;30.08.2006
100,82;31.08.2006
159,05;01.09.2006
118,20;02.09.2006
93,20;03.09.2006
155,35;04.09.2006
173,75;05.09.2006
134,21;06.09.2006
81,12;07.09.2006
149,08;08.09.2006
121,16;09.09.2006
97,74;10.09.2006
140,72;11.09.2006
120,99;12.09.2006
108,21;13.09.2006
119,70;14.09.2006
97,17;15.09.2006
73,85;16.09.2006
91,51;17.09.2006
111,98;18.09.2006
155,81;19.09.2006
124,62;20.09.2006
112,56;21.09.2006
105,72;22.09.2006
99,40;23.09.2006
71,20;24.09.2006
76,28;25.09.2006
115,89;26.09.2006
81,90;27.09.2006
117,82;28.09.2006
114,73;29.09.2006
85,65;30.09.2006
55,03;01.10.2006
108,42;02.10.2006
113,00;03.10.2006
130,08;04.10.2006
122,69;05.10.2006
110,72;06.10.2006
70,77;07.10.2006
48,22;08.10.2006
99,06;09.10.2006
251,71;10.10.2006
243,30;11.10.2006
109,00;12.10.2006
122,36;13.10.2006
101,08;14.10.2006
69,09;15.10.2006
160,47;16.10.2006
151,89;17.10.2006
109,31;18.10.2006
118,40;19.10.2006
97,68;20.10.2006
115,43;21.10.2006
58,39;22.10.2006
110,42;23.10.2006
125,92;24.10.2006
130,08;25.10.2006
100,30;26.10.2006
91,04;27.10.2006
81,46;28.10.2006
63,27;29.10.2006
79,78;30.10.2006
146,34;31.10.2006
143,61;01.11.2006
113,77;02.11.2006
113,83;03.11.2006
60,83;04.11.2006
47,01;05.11.2006
47,64;06.11.2006
52,32;07.11.2006
77,04;08.11.2006
89,81;09.11.2006
114,90;10.11.2006
75,94;11.11.2006
53,61;12.11.2006
122,42;13.11.2006
137,76;14.11.2006
107,25;15.11.2006
114,13;16.11.2006
56,63;17.11.2006
69,77;18.11.2006
71,77;19.11.2006
118,44;20.11.2006
70,41;21.11.2006
72,22;22.11.2006
116,91;23.11.2006
78,20;24.11.2006
79,64;25.11.2006
69,98;26.11.2006
103,98;27.11.2006
77,74;28.11.2006
97,79;29.11.2006
78,80;30.11.2006
96,57;01.12.2006
63,76;02.12.2006
43,73;03.12.2006
86,98;04.12.2006
150,87;05.12.2006
85,80;06.12.2006
72,95;07.12.2006
104,24;08.12.2006
100,03;09.12.2006
81,52;10.12.2006
81,17;11.12.2006
93,54;12.12.2006
126,17;13.12.2006
74,16;14.12.2006
80,49;15.12.2006
89,15;16.12.2006
74,52;17.12.2006
83,86;18.12.2006
136,38;19.12.2006
91,75;20.12.2006
93,31;21.12.2006
81,21;22.12.2006
95,02;23.12.2006
59,76;24.12.2006
137,21;25.12.2006
125,63;26.12.2006
73,61;27.12.2006
102,45;28.12.2006
92,77;29.12.2006
120,14;30.12.2006
37,98;31.12.2006
90,29;01.01.2007
114,67;02.01.2007
76,70;03.01.2007
85,41;04.01.2007
88,20;05.01.2007
102,14;06.01.2007
67,53;07.01.2007
106,46;08.01.2007
106,03;09.01.2007
153,24;10.01.2007
101,63;11.01.2007
160,66;12.01.2007
102,65;13.01.2007
65,25;14.01.2007
110,56;15.01.2007
81,84;16.01.2007
128,29;17.01.2007
127,82;18.01.2007
66,13;19.01.2007
59,00;20.01.2007
79,50;21.01.2007
116,96;22.01.2007
113,76;23.01.2007
110,32;24.01.2007
110,70;25.01.2007
79,57;26.01.2007
84,00;27.01.2007
63,78;28.01.2007
60,23;29.01.2007
109,75;30.01.2007
96,60;31.01.2007
77,85;01.02.2007
139,13;02.02.2007
106,15;03.02.2007
55,39;04.02.2007
77,99;05.02.2007
88,70;06.02.2007
126,07;07.02.2007
76,15;08.02.2007
95,58;09.02.2007
73,74;10.02.2007
83,00;11.02.2007
101,93;12.02.2007
95,68;13.02.2007
122,08;14.02.2007
111,82;15.02.2007
96,89;16.02.2007
65,12;17.02.2007
54,50;18.02.2007
78,77;19.02.2007
128,34;20.02.2007
101,50;21.02.2007
84,52;22.02.2007
126,84;23.02.2007
80,39;24.02.2007
95,41;25.02.2007
103,16;26.02.2007
89,62;27.02.2007
125,11;28.02.2007
99,48;01.03.2007
127,29;02.03.2007
70,26;03.03.2007
41,69;04.03.2007
124,79;05.03.2007
100,38;06.03.2007
135,92;07.03.2007
63,33;08.03.2007
91,28;09.03.2007
55,87;10.03.2007
66,03;11.03.2007
58,97;12.03.2007
79,58;13.03.2007
104,48;14.03.2007
104,12;15.03.2007
122,03;16.03.2007
56,88;17.03.2007
44,17;18.03.2007
66,38;19.03.2007
95,02;20.03.2007
65,08;21.03.2007
92,09;22.03.2007
76,49;23.03.2007
82,88;24.03.2007
49,50;25.03.2007
105,22;26.03.2007
129,02;27.03.2007
103,88;28.03.2007
102,86;29.03.2007
93,81;30.03.2007
61,44;31.03.2007
67,28;01.04.2007
82,90;02.04.2007
104,33;03.04.2007
62,94;04.04.2007
96,19;05.04.2007
106,97;06.04.2007
41,33;07.04.2007
37,47;08.04.2007
65,60;09.04.2007
81,49;10.04.2007
96,60;11.04.2007
86,15;12.04.2007
80,65;13.04.2007
59,35;14.04.2007
70,09;15.04.2007
114,48;16.04.2007
88,64;17.04.2007
63,76;18.04.2007
62,20;19.04.2007
99,76;20.04.2007
65,62;21.04.2007
32,34;22.04.2007
48,24;23.04.2007
70,28;24.04.2007
119,01;25.04.2007
64,66;26.04.2007
87,09;27.04.2007
54,75;28.04.2007
48,79;29.04.2007
112,43;30.04.2007
140,07;01.05.2007
72,09;02.05.2007
57,91;03.05.2007
88,00;04.05.2007
43,17;05.05.2007
43,19;06.05.2007
75,00;07.05.2007
75,98;08.05.2007
108,61;09.05.2007
109,90;10.05.2007
100,76;11.05.2007
69,24;12.05.2007
65,13;13.05.2007
99,30;14.05.2007
92,66;15.05.2007
105,69;16.05.2007
93,87;17.05.2007
124,65;18.05.2007
47,28;19.05.2007
91,61;20.05.2007
82,52;21.05.2007
91,92;22.05.2007
115,04;23.05.2007
104,38;24.05.2007
125,07;25.05.2007
84,29;26.05.2007
107,65;27.05.2007
73,40;28.05.2007
87,06;29.05.2007
159,36;30.05.2007
111,73;31.05.2007
111,09;01.06.2007
80,21;02.06.2007
63,70;03.06.2007
176,07;04.06.2007
123,09;05.06.2007
127,91;06.06.2007
123,13;07.06.2007
119,37;08.06.2007
71,90;09.06.2007
56,83;10.06.2007
84,12;11.06.2007
109,48;12.06.2007
116,84;13.06.2007
106,19;14.06.2007
93,22;15.06.2007
78,34;16.06.2007
82,20;17.06.2007
143,53;18.06.2007
123,07;19.06.2007
121,96;20.06.2007
75,82;21.06.2007
69,58;22.06.2007
110,51;23.06.2007
65,18;24.06.2007
76,66;25.06.2007
75,52;26.06.2007
91,40;27.06.2007
59,10;28.06.2007
114,13;29.06.2007
107,40;30.06.2007
90,76;01.07.2007
153,72;02.07.2007
153,22;03.07.2007
159,69;04.07.2007
144,60;05.07.2007
121,86;06.07.2007
54,21;07.07.2007
82,92;08.07.2007
152,30;09.07.2007
133,91;10.07.2007
116,34;11.07.2007
98,02;12.07.2007
150,71;13.07.2007
74,02;14.07.2007
114,08;15.07.2007
176,56;16.07.2007
113,13;17.07.2007
154,23;18.07.2007
82,13;19.07.2007
89,44;20.07.2007
87,69;21.07.2007
104,33;22.07.2007
128,36;23.07.2007
82,63;24.07.2007
91,58;25.07.2007
124,33;26.07.2007
108,05;27.07.2007
97,85;28.07.2007
65,11;29.07.2007
97,77;30.07.2007
129,90;31.07.2007
124,14;01.08.2007
95,07;02.08.2007
122,34;03.08.2007
97,68;04.08.2007
69,01;05.08.2007
104,24;06.08.2007
127,12;07.08.2007
92,29;08.08.2007
75,63;09.08.2007
102,69;10.08.2007
73,03;11.08.2007
45,43;12.08.2007
84,72;13.08.2007
66,85;14.08.2007
109,51;15.08.2007
106,00;16.08.2007
82,18;17.08.2007
75,35;18.08.2007
58,48;19.08.2007
111,35;20.08.2007
60,49;21.08.2007
76,27;22.08.2007
58,58;23.08.2007
77,18;24.08.2007
38,66;25.08.2007
50,90;26.08.2007
75,39;27.08.2007
83,41;28.08.2007
74,04;29.08.2007
81,22;30.08.2007
77,52;31.08.2007
41,15;01.09.2007
46,07;02.09.2007
161,81;03.09.2007
115,38;04.09.2007
91,66;05.09.2007
100,21;06.09.2007
109,41;07.09.2007
80,93;08.09.2007
100,38;09.09.2007
122,55;10.09.2007
105,62;11.09.2007
99,83;12.09.2007
124,08;13.09.2007
85,01;14.09.2007
67,06;15.09.2007
65,76;16.09.2007
44,76;17.09.2007
98,49;18.09.2007
72,01;19.09.2007
121,83;20.09.2007
87,09;21.09.2007
70,42;22.09.2007
38,47;23.09.2007
90,24;24.09.2007
106,34;25.09.2007
97,60;26.09.2007
177,98;27.09.2007
118,72;28.09.2007
78,99;29.09.2007
61,72;30.09.2007
121,76;01.10.2007
103,52;02.10.2007
81,43;03.10.2007
86,28;04.10.2007
125,00;05.10.2007
69,44;06.10.2007
55,47;07.10.2007
126,30;08.10.2007
72,08;09.10.2007
82,37;10.10.2007
68,59;11.10.2007
77,94;12.10.2007
84,06;13.10.2007
65,35;14.10.2007
82,16;15.10.2007
151,87;16.10.2007
175,77;17.10.2007
94,25;18.10.2007
111,00;19.10.2007
87,52;20.10.2007
85,49;21.10.2007
91,91;22.10.2007
131,40;23.10.2007
157,74;24.10.2007
126,80;25.10.2007
173,00;26.10.2007
121,10;27.10.2007
45,26;28.10.2007
98,36;29.10.2007
102,52;30.10.2007
74,07;31.10.2007
81,31;01.11.2007
106,58;02.11.2007
125,05;03.11.2007
105,81;04.11.2007
149,00;05.11.2007
172,83;06.11.2007
93,31;07.11.2007
140,00;08.11.2007
121,16;09.11.2007
61,34;10.11.2007
56,96;11.11.2007
101,76;12.11.2007
87,67;13.11.2007
128,47;14.11.2007
94,64;15.11.2007
127,41;16.11.2007
83,89;17.11.2007
56,90;18.11.2007
63,13;19.11.2007
57,78;20.11.2007
32,92;21.11.2007
58,60;22.11.2007
118,90;23.11.2007
21,69;24.11.2007
62,96;25.11.2007
51,36;26.11.2007
108,19;27.11.2007
68,89;28.11.2007
57,43;29.11.2007
77,38;30.11.2007
75,07;01.12.2007
71,24;02.12.2007
56,93;03.12.2007
133,60;04.12.2007
183,72;05.12.2007
109,26;06.12.2007
104,27;07.12.2007
68,91;08.12.2007
100,65;09.12.2007
78,79;10.12.2007
119,51;11.12.2007
119,94;12.12.2007
89,02;13.12.2007
70,90;14.12.2007
64,73;15.12.2007
73,90;16.12.2007
86,97;17.12.2007
98,59;18.12.2007
105,27;19.12.2007
95,50;20.12.2007
64,53;21.12.2007
55,26;22.12.2007
56,79;23.12.2007
102,40;24.12.2007
125,00;25.12.2007
58,63;26.12.2007
105,97;27.12.2007
186,46;28.12.2007
116,41;29.12.2007
68,60;30.12.2007
87,29;31.12.2007
63,37;01.01.2008
95,00;02.01.2008
82,81;03.01.2008
87,35;04.01.2008
57,36;05.01.2008
65,04;06.01.2008
78,18;07.01.2008
84,46;08.01.2008
123,04;09.01.2008
104,03;10.01.2008
56,55;11.01.2008
57,78;12.01.2008
71,09;13.01.2008
90,81;14.01.2008
95,92;15.01.2008
94,73;16.01.2008
72,99;17.01.2008
47,15;18.01.2008
59,06;19.01.2008
79,29;20.01.2008
81,09;21.01.2008
83,23;22.01.2008
137,01;23.01.2008
88,51;24.01.2008
92,98;25.01.2008
83,14;26.01.2008
86,67;27.01.2008
89,24;28.01.2008
66,89;29.01.2008
36,60;30.01.2008
93,08;31.01.2008
99,69;01.02.2008
48,05;02.02.2008
44,34;03.02.2008
117,29;04.02.2008
99,18;05.02.2008
85,02;06.02.2008
52,54;07.02.2008
77,52;08.02.2008
59,54;09.02.2008
64,45;10.02.2008
89,34;11.02.2008
90,07;12.02.2008
102,62;13.02.2008
89,60;14.02.2008
114,53;15.02.2008
41,96;16.02.2008
45,63;17.02.2008
106,59;18.02.2008
114,23;19.02.2008
73,75;20.02.2008
83,10;21.02.2008
81,02;22.02.2008
89,87;23.02.2008
71,92;24.02.2008
83,67;25.02.2008
103,22;26.02.2008
67,13;27.02.2008
90,68;28.02.2008
81,01;29.02.2008
80,49;01.03.2008
105,67;02.03.2008
122,55;03.03.2008
160,11;04.03.2008
95,76;05.03.2008
113,23;06.03.2008
91,69;07.03.2008
85,42;08.03.2008
51,69;09.03.2008
64,74;10.03.2008
39,71;11.03.2008
99,56;12.03.2008
51,29;13.03.2008
89,45;14.03.2008
32,32;15.03.2008
51,18;16.03.2008
59,62;17.03.2008
80,57;18.03.2008
77,11;19.03.2008
38,26;20.03.2008
84,94;21.03.2008
71,09;22.03.2008
49,96;23.03.2008
98,03;24.03.2008
86,48;25.03.2008
74,51;26.03.2008
64,90;27.03.2008
84,06;28.03.2008
34,07;29.03.2008
77,46;30.03.2008
108,10;31.03.2008
60,84;01.04.2008
80,72;02.04.2008
68,01;03.04.2008
65,65;04.04.2008
47,25;05.04.2008
49,51;06.04.2008
81,08;07.04.2008
56,31;08.04.2008
86,85;09.04.2008
63,86;10.04.2008
83,41;11.04.2008
45,34;12.04.2008
66,06;13.04.2008
53,20;14.04.2008
47,03;15.04.2008
68,40;16.04.2008
77,84;17.04.2008
78,15;18.04.2008
56,63;19.04.2008
55,36;20.04.2008
80,53;21.04.2008
86,39;22.04.2008
107,75;23.04.2008
97,60;24.04.2008
66,31;25.04.2008
96,70;26.04.2008
74,34;27.04.2008
95,27;28.04.2008
70,55;29.04.2008
89,01;30.04.2008
90,46;01.05.2008
57,53;02.05.2008
64,85;03.05.2008
71,62;04.05.2008
42,08;05.05.2008
76,23;06.05.2008
89,17;07.05.2008
55,67;08.05.2008
87,25;09.05.2008
79,69;10.05.2008
83,55;11.05.2008
113,97;12.05.2008
90,20;13.05.2008
85,51;14.05.2008
60,12;15.05.2008
77,32;16.05.2008
49,56;17.05.2008
47,12;18.05.2008
47,78;19.05.2008
38,37;20.05.2008
78,65;21.05.2008
82,96;22.05.2008
88,38;23.05.2008
53,11;24.05.2008
52,58;25.05.2008
122,69;26.05.2008
83,48;27.05.2008
68,60;28.05.2008
74,76;29.05.2008
79,82;30.05.2008
72,66;31.05.2008
33,41;01.06.2008
73,61;02.06.2008
110,96;03.06.2008
76,47;04.06.2008
69,20;05.06.2008
114,23;06.06.2008
49,36;07.06.2008
54,08;08.06.2008
69,98;09.06.2008
77,04;10.06.2008
111,21;11.06.2008
69,71;12.06.2008
74,93;13.06.2008
114,86;14.06.2008
51,25;15.06.2008
96,88;16.06.2008
92,84;17.06.2008
82,58;18.06.2008
114,13;19.06.2008
130,37;20.06.2008
74,35;21.06.2008
54,63;22.06.2008
72,19;23.06.2008
164,26;24.06.2008
133,41;25.06.2008
114,33;26.06.2008
87,83;27.06.2008
68,38;28.06.2008
94,08;29.06.2008
73,01;30.06.2008
123,60;01.07.2008
107,09;02.07.2008
83,71;03.07.2008
66,85;04.07.2008
53,93;05.07.2008
41,41;06.07.2008
94,31;07.07.2008
102,08;08.07.2008
116,91;09.07.2008
136,99;10.07.2008
99,80;11.07.2008
75,02;12.07.2008
55,72;13.07.2008
137,71;14.07.2008
119,99;15.07.2008
120,84;16.07.2008
87,33;17.07.2008
89,80;18.07.2008
66,72;19.07.2008
70,91;20.07.2008
123,14;21.07.2008
84,67;22.07.2008
103,83;23.07.2008
70,75;24.07.2008
68,13;25.07.2008
45,57;26.07.2008
54,47;27.07.2008
101,41;28.07.2008
102,33;29.07.2008
87,75;30.07.2008
80,95;31.07.2008
94,64;01.08.2008
58,79;02.08.2008
74,44;03.08.2008
75,92;04.08.2008
86,97;05.08.2008
41,06;06.08.2008
49,10;07.08.2008
68,13;08.08.2008
105,78;09.08.2008
45,38;10.08.2008
144,52;11.08.2008
149,08;12.08.2008
122,18;13.08.2008
95,01;14.08.2008
86,33;15.08.2008
79,45;16.08.2008
49,59;17.08.2008
131,32;18.08.2008
86,19;19.08.2008
153,75;20.08.2008
91,23;21.08.2008
107,06;22.08.2008
82,81;23.08.2008
58,20;24.08.2008
61,96;25.08.2008
88,93;26.08.2008
106,75;27.08.2008
110,73;28.08.2008
97,43;29.08.2008
67,97;30.08.2008
72,01;31.08.2008
113,32;01.09.2008
81,57;02.09.2008
88,88;03.09.2008
154,28;04.09.2008
88,76;05.09.2008
78,25;06.09.2008
94,64;07.09.2008
85,22;08.09.2008
96,64;09.09.2008
63,04;10.09.2008
105,98;11.09.2008
105,56;12.09.2008
81,54;13.09.2008
77,89;14.09.2008
72,88;15.09.2008
125,66;16.09.2008
127,53;17.09.2008
87,09;18.09.2008
74,38;19.09.2008
75,42;20.09.2008
38,02;21.09.2008
61,08;22.09.2008
107,91;23.09.2008
92,88;24.09.2008
104,04;25.09.2008
72,14;26.09.2008
67,76;27.09.2008
70,08;28.09.2008
101,52;29.09.2008
82,57;30.09.2008
60,11;01.10.2008
57,61;02.10.2008
86,23;03.10.2008
71,21;04.10.2008
60,05;05.10.2008
99,93;06.10.2008
55,50;07.10.2008
70,20;08.10.2008
52,34;09.10.2008
95,10;10.10.2008
75,48;11.10.2008
55,55;12.10.2008
108,86;13.10.2008
69,66;14.10.2008
54,94;15.10.2008
44,44;16.10.2008
61,46;17.10.2008
49,40;18.10.2008
28,72;19.10.2008
78,13;20.10.2008
34,33;21.10.2008
34,15;22.10.2008
54,16;23.10.2008
68,11;24.10.2008
29,82;25.10.2008
62,87;26.10.2008
56,34;27.10.2008
95,35;28.10.2008
104,75;29.10.2008
93,39;30.10.2008
45,92;31.10.2008
47,79;01.11.2008
46,15;02.11.2008
68,71;03.11.2008
60,16;04.11.2008
88,99;05.11.2008
96,62;06.11.2008
99,35;07.11.2008
77,50;08.11.2008
71,35;09.11.2008
73,44;10.11.2008
63,19;11.11.2008
68,16;12.11.2008
104,77;13.11.2008
85,09;14.11.2008
40,93;15.11.2008
51,76;16.11.2008
69,58;17.11.2008
80,88;18.11.2008
46,84;19.11.2008
58,93;20.11.2008
93,93;21.11.2008
56,58;22.11.2008
35,19;23.11.2008
77,13;24.11.2008
62,25;25.11.2008
73,24;26.11.2008
158,62;27.11.2008
171,04;28.11.2008
155,46;29.11.2008
90,29;30.11.2008
205,49;01.12.2008
166,50;02.12.2008
97,53;03.12.2008
97,15;04.12.2008
65,75;05.12.2008
82,81;06.12.2008
49,89;07.12.2008
89,31;08.12.2008
138,02;09.12.2008
87,17;10.12.2008
69,14;11.12.2008
119,62;12.12.2008
68,21;13.12.2008
66,35;14.12.2008
93,43;15.12.2008
51,49;16.12.2008
82,55;17.12.2008
70,48;18.12.2008
56,81;19.12.2008
59,27;20.12.2008
62,80;21.12.2008
62,41;22.12.2008
66,25;23.12.2008
88,45;24.12.2008
129,48;25.12.2008
80,65;26.12.2008
95,96;27.12.2008
49,53;28.12.2008
156,54;29.12.2008
179,31;30.12.2008
128,32;31.12.2008
119,20;01.01.2009
77,94;02.01.2009
79,47;03.01.2009
85,08;04.01.2009
112,98;05.01.2009
114,10;06.01.2009
136,82;07.01.2009
135,21;08.01.2009
105,79;09.01.2009
72,26;10.01.2009
64,74;11.01.2009
138,93;12.01.2009
105,16;13.01.2009
131,81;14.01.2009
93,75;15.01.2009
137,05;16.01.2009
58,12;17.01.2009
80,43;18.01.2009
96,91;19.01.2009
54,25;20.01.2009
51,28;21.01.2009
61,70;22.01.2009
65,75;23.01.2009
37,19;24.01.2009
39,30;25.01.2009
81,19;26.01.2009
74,96;27.01.2009
55,56;28.01.2009
59,47;29.01.2009
78,50;30.01.2009
68,30;31.01.2009
37,22;01.02.2009
56,76;02.02.2009
69,49;03.02.2009
71,27;04.02.2009
70,81;05.02.2009
75,73;06.02.2009
62,73;07.02.2009
65,06;08.02.2009
76,94;09.02.2009
81,24;10.02.2009
40,69;11.02.2009
82,81;12.02.2009
57,33;13.02.2009
51,65;14.02.2009
26,29;15.02.2009
80,22;16.02.2009
106,03;17.02.2009
82,28;18.02.2009
68,82;19.02.2009
70,98;20.02.2009
62,95;21.02.2009
53,95;22.02.2009
93,48;23.02.2009
88,19;24.02.2009
69,70;25.02.2009
83,59;26.02.2009
52,78;27.02.2009
40,40;28.02.2009
43,37;01.03.2009
118,02;02.03.2009
117,76;03.03.2009
113,76;04.03.2009
61,22;05.03.2009
68,74;06.03.2009
63,07;07.03.2009
41,93;08.03.2009
104,96;09.03.2009
76,61;10.03.2009
108,67;11.03.2009
49,35;12.03.2009
56,54;13.03.2009
36,44;14.03.2009
53,09;15.03.2009
57,33;16.03.2009
38,85;17.03.2009
52,47;18.03.2009
62,50;19.03.2009
38,82;20.03.2009
51,48;21.03.2009
71,77;22.03.2009
87,83;23.03.2009
92,02;24.03.2009
101,26;25.03.2009
85,75;26.03.2009
88,03;27.03.2009
72,63;28.03.2009
56,34;29.03.2009
79,87;30.03.2009
83,34;31.03.2009
84,94;01.04.2009
105,37;02.04.2009
86,39;03.04.2009
70,48;04.04.2009
62,11;05.04.2009
141,49;06.04.2009
95,08;07.04.2009
81,43;08.04.2009
128,88;09.04.2009
84,84;10.04.2009
107,19;11.04.2009
81,22;12.04.2009
113,91;13.04.2009
175,25;14.04.2009
91,17;15.04.2009
106,17;16.04.2009
75,29;17.04.2009
59,77;18.04.2009
10,70;19.04.2009
84,29;20.04.2009
66,33;21.04.2009
66,89;22.04.2009
64,32;23.04.2009
44,04;24.04.2009
83,54;25.04.2009
60,53;26.04.2009
107,41;27.04.2009
88,93;28.04.2009
71,70;29.04.2009
79,10;30.04.2009
54,94;01.05.2009
69,29;02.05.2009
60,41;03.05.2009
91,26;04.05.2009
119,16;05.05.2009
111,66;06.05.2009
73,40;07.05.2009
76,57;08.05.2009
58,22;09.05.2009
38,45;10.05.2009
117,22;11.05.2009
92,84;12.05.2009
61,82;13.05.2009
81,11;14.05.2009
49,39;15.05.2009
44,42;16.05.2009
63,50;17.05.2009
148,12;18.05.2009
136,40;19.05.2009
88,76;20.05.2009
106,15;21.05.2009
78,14;22.05.2009
52,12;23.05.2009
78,87;24.05.2009
127,22;25.05.2009
157,94;26.05.2009
149,70;27.05.2009
125,79;28.05.2009
109,24;29.05.2009
97,03;30.05.2009
107,43;31.05.2009
85,28;01.06.2009
109,90;02.06.2009
82,01;03.06.2009
75,99;04.06.2009
108,34;05.06.2009
61,34;06.06.2009
69,86;07.06.2009
93,43;08.06.2009
74,05;09.06.2009
58,66;10.06.2009
104,06;11.06.2009
82,28;12.06.2009
73,33;13.06.2009
61,46;14.06.2009
113,18;15.06.2009
117,29;16.06.2009
67,82;17.06.2009
125,40;18.06.2009
87,34;19.06.2009
67,12;20.06.2009
67,23;21.06.2009
72,85;22.06.2009
68,85;23.06.2009
64,43;24.06.2009
75,05;25.06.2009
62,11;26.06.2009
69,15;27.06.2009
60,78;28.06.2009
63,61;29.06.2009
115,36;30.06.2009
78,30;01.07.2009
59,01;02.07.2009
128,64;03.07.2009
61,63;04.07.2009
61,46;05.07.2009
113,21;06.07.2009
111,88;07.07.2009
82,52;08.07.2009
92,71;09.07.2009
75,68;10.07.2009
67,90;11.07.2009
48,80;12.07.2009
86,54;13.07.2009
79,37;14.07.2009
65,94;15.07.2009
48,22;16.07.2009
102,60;17.07.2009
86,00;18.07.2009
62,98;19.07.2009
66,44;20.07.2009
66,33;21.07.2009
76,01;22.07.2009
92,53;23.07.2009
139,67;24.07.2009
55,44;25.07.2009
71,37;26.07.2009
84,10;27.07.2009
112,64;28.07.2009
106,98;29.07.2009
66,40;30.07.2009
62,29;31.07.2009
31,62;01.08.2009
43,42;02.08.2009
108,13;03.08.2009
90,17;04.08.2009
91,10;05.08.2009
71,85;06.08.2009
116,16;07.08.2009
80,28;08.08.2009
50,57;09.08.2009
62,05;10.08.2009
70,11;11.08.2009
92,35;12.08.2009
38,16;13.08.2009
60,02;14.08.2009
52,69;15.08.2009
57,71;16.08.2009
103,52;17.08.2009
60,94;18.08.2009
114,65;19.08.2009
89,53;20.08.2009
55,03;21.08.2009
52,41;22.08.2009
70,36;23.08.2009
85,67;24.08.2009
80,04;25.08.2009
84,01;26.08.2009
37,69;27.08.2009
75,45;28.08.2009
124,59;29.08.2009
71,24;30.08.2009
65,05;31.08.2009
54,72;01.09.2009
72,63;02.09.2009
51,19;03.09.2009
89,63;04.09.2009
66,81;05.09.2009
74,12;06.09.2009
94,80;07.09.2009
86,38;08.09.2009
58,96;09.09.2009
92,47;10.09.2009
79,12;11.09.2009
70,41;12.09.2009
55,29;13.09.2009
71,05;14.09.2009
91,68;15.09.2009
83,45;16.09.2009
63,38;17.09.2009
173,58;18.09.2009
89,27;19.09.2009
46,49;20.09.2009
86,94;21.09.2009
117,71;22.09.2009
65,02;23.09.2009
98,93;24.09.2009
136,71;25.09.2009
144,57;26.09.2009
103,16;27.09.2009
129,90;28.09.2009
129,52;29.09.2009
156,01;30.09.2009
132,37;01.10.2009
106,43;02.10.2009
76,59;03.10.2009
68,89;04.10.2009
116,67;05.10.2009
102,17;06.10.2009
87,75;07.10.2009
89,53;08.10.2009
71,35;09.10.2009
96,24;10.10.2009
107,77;11.10.2009
88,93;12.10.2009
93,31;13.10.2009
102,10;14.10.2009
58,44;15.10.2009
105,38;16.10.2009
68,88;17.10.2009
76,76;18.10.2009
118,15;19.10.2009
81,17;20.10.2009
94,54;21.10.2009
96,92;22.10.2009
94,93;23.10.2009
95,55;24.10.2009
76,35;25.10.2009
82,20;26.10.2009
89,09;27.10.2009
115,82;28.10.2009
69,81;29.10.2009
79,12;30.10.2009
58,80;31.10.2009
49,52;01.11.2009
66,92;02.11.2009
122,69;03.11.2009
77,38;04.11.2009
66,19;05.11.2009
82,24;06.11.2009
71,03;07.11.2009
46,09;08.11.2009
95,39;09.11.2009
93,14;10.11.2009
112,04;11.11.2009
68,02;12.11.2009
90,14;13.11.2009
57,90;14.11.2009
59,58;15.11.2009
84,18;16.11.2009
111,31;17.11.2009
56,93;18.11.2009
94,15;19.11.2009
80,54;20.11.2009
69,27;21.11.2009
53,78;22.11.2009
101,72;23.11.2009
96,84;24.11.2009
100,73;25.11.2009
80,38;26.11.2009
75,20;27.11.2009
77,27;28.11.2009
71,24;29.11.2009
119,09;30.11.2009
91,03;01.12.2009
133,80;02.12.2009
117,08;03.12.2009
91,11;04.12.2009
82,21;05.12.2009
44,54;06.12.2009
101,24;07.12.2009
98,88;08.12.2009
68,26;09.12.2009
58,98;10.12.2009
75,66;11.12.2009
69,23;12.12.2009
81,22;13.12.2009
90,81;14.12.2009
87,88;15.12.2009
104,30;16.12.2009
54,54;17.12.2009
70,64;18.12.2009
78,79;19.12.2009
73,61;20.12.2009
69,63;21.12.2009
46,92;22.12.2009
64,23;23.12.2009
90,21;24.12.2009
81,29;25.12.2009
155,89;26.12.2009
123,37;27.12.2009
176,14;28.12.2009
204,68;29.12.2009
169,01;30.12.2009
115,30;31.12.2009
200,21;01.01.2010
110,15;02.01.2010
91,47;03.01.2010
177,12;04.01.2010
122,53;05.01.2010
161,59;06.01.2010
102,26;07.01.2010
110,30;08.01.2010
51,38;09.01.2010
76,89;10.01.2010
71,19;11.01.2010
117,87;12.01.2010
121,89;13.01.2010
82,37;14.01.2010
80,62;15.01.2010
40,32;16.01.2010
48,36;17.01.2010
71,80;18.01.2010
96,38;19.01.2010
84,68;20.01.2010
91,92;21.01.2010
50,39;22.01.2010
81,55;23.01.2010
55,11;24.01.2010
119,78;25.01.2010
90,71;26.01.2010
65,02;27.01.2010
114,45;28.01.2010
63,52;29.01.2010
78,74;30.01.2010
73,48;31.01.2010
143,84;01.02.2010
96,02;02.02.2010
113,40;03.02.2010
129,40;04.02.2010
92,11;05.02.2010
62,82;06.02.2010
54,60;07.02.2010
78,18;08.02.2010
67,68;09.02.2010
108,09;10.02.2010
96,86;11.02.2010
77,26;12.02.2010
46,73;13.02.2010
40,96;14.02.2010
85,16;15.02.2010
128,97;16.02.2010
75,89;17.02.2010
62,95;18.02.2010
119,77;19.02.2010
58,44;20.02.2010
76,15;21.02.2010
61,92;22.02.2010
86,13;23.02.2010
88,99;24.02.2010
60,93;25.02.2010
80,64;26.02.2010
45,01;27.02.2010
42,33;28.02.2010
62,06;01.03.2010
78,96;02.03.2010
63,70;03.03.2010
81,27;04.03.2010
86,04;05.03.2010
82,27;06.03.2010
56,04;07.03.2010
126,49;08.03.2010
88,63;09.03.2010
85,76;10.03.2010
93,18;11.03.2010
85,51;12.03.2010
50,70;13.03.2010
35,56;14.03.2010
105,72;15.03.2010
59,62;16.03.2010
76,36;17.03.2010
85,36;18.03.2010
81,10;19.03.2010
45,42;20.03.2010
36,34;21.03.2010
59,76;22.03.2010
81,17;23.03.2010
62,23;24.03.2010
53,73;25.03.2010
59,15;26.03.2010
71,06;27.03.2010
36,14;28.03.2010
60,89;29.03.2010
137,88;30.03.2010
66,39;31.03.2010
91,47;01.04.2010
121,53;02.04.2010
99,12;03.04.2010
94,45;04.04.2010
91,55;05.04.2010
112,22;06.04.2010
138,17;07.04.2010
139,44;08.04.2010
164,31;09.04.2010
69,56;10.04.2010
46,90;11.04.2010
121,04;12.04.2010
132,79;13.04.2010
97,33;14.04.2010
115,78;15.04.2010
67,54;16.04.2010
45,42;17.04.2010
66,74;18.04.2010
110,56;19.04.2010
123,80;20.04.2010
59,81;21.04.2010
58,78;22.04.2010
84,60;23.04.2010
65,01;24.04.2010
49,81;25.04.2010
72,10;26.04.2010
69,49;27.04.2010
43,92;28.04.2010
62,75;29.04.2010
42,74;30.04.2010
31,06;01.05.2010
23,08;02.05.2010
147,41;03.05.2010
129,46;04.05.2010
84,40;05.05.2010
69,15;06.05.2010
76,71;07.05.2010
51,50;08.05.2010
59,37;09.05.2010
76,66;10.05.2010
91,07;11.05.2010
46,61;12.05.2010
53,54;13.05.2010
100,95;14.05.2010
78,10;15.05.2010
70,21;16.05.2010
125,48;17.05.2010
135,35;18.05.2010
157,28;19.05.2010
114,79;20.05.2010
132,24;21.05.2010
104,72;22.05.2010
59,05;23.05.2010
95,59;24.05.2010
99,93;25.05.2010
110,54;26.05.2010
81,88;27.05.2010
90,23;28.05.2010
74,91;29.05.2010
29,79;30.05.2010
100,24;31.05.2010
165,63;01.06.2010
181,89;02.06.2010
131,32;03.06.2010
97,81;04.06.2010
92,31;05.06.2010
66,37;06.06.2010
150,21;07.06.2010
117,36;08.06.2010
73,69;09.06.2010
147,08;10.06.2010
100,94;11.06.2010
35,13;12.06.2010
93,22;13.06.2010
90,92;14.06.2010
103,30;15.06.2010
88,88;16.06.2010
89,18;17.06.2010
119,01;18.06.2010
49,77;19.06.2010
67,86;20.06.2010
89,53;21.06.2010
131,23;22.06.2010
82,58;23.06.2010
89,27;24.06.2010
59,79;25.06.2010
57,63;26.06.2010
30,96;27.06.2010
77,70;28.06.2010
113,40;29.06.2010
96,42;30.06.2010
94,26;01.07.2010
64,03;02.07.2010
45,13;03.07.2010
30,33;04.07.2010
39,26;05.07.2010
111,21;06.07.2010
93,79;07.07.2010
140,07;08.07.2010
66,58;09.07.2010
64,32;10.07.2010
54,21;11.07.2010
28,98;12.07.2010
140,02;13.07.2010
158,44;14.07.2010
124,00;15.07.2010
45,87;16.07.2010
36,31;17.07.2010
50,48;18.07.2010
71,65;19.07.2010
88,59;20.07.2010
99,63;21.07.2010
65,89;22.07.2010
73,76;23.07.2010
51,95;24.07.2010
61,80;25.07.2010
132,67;26.07.2010
99,45;27.07.2010
103,40;28.07.2010
65,02;29.07.2010
74,98;30.07.2010
85,09;31.07.2010
90,23;01.08.2010
117,84;02.08.2010
112,56;03.08.2010
99,57;04.08.2010
85,46;05.08.2010
64,69;06.08.2010
52,48;07.08.2010
85,44;08.08.2010
48,01;09.08.2010
77,13;10.08.2010
69,17;11.08.2010
83,67;12.08.2010
54,13;13.08.2010
46,41;14.08.2010
61,98;15.08.2010
66,97;16.08.2010
83,65;17.08.2010
108,86;18.08.2010
96,27;19.08.2010
57,42;20.08.2010
80,34;21.08.2010
71,37;22.08.2010
76,51;23.08.2010
105,29;24.08.2010
97,32;25.08.2010
83,96;26.08.2010
95,15;27.08.2010
71,95;28.08.2010
65,99;29.08.2010
97,04;30.08.2010
123,16;31.08.2010
94,75;01.09.2010
60,68;02.09.2010
81,19;03.09.2010
56,00;04.09.2010
37,71;05.09.2010
52,41;06.09.2010
113,96;07.09.2010
87,17;08.09.2010
45,96;09.09.2010
86,67;10.09.2010
21,70;11.09.2010
45,07;12.09.2010
71,60;13.09.2010
80,20;14.09.2010
63,13;15.09.2010
61,40;16.09.2010
89,34;17.09.2010
60,38;18.09.2010
72,30;19.09.2010
70,04;20.09.2010
100,87;21.09.2010
67,37;22.09.2010
80,06;23.09.2010
91,23;24.09.2010
62,55;25.09.2010
64,01;26.09.2010
95,33;27.09.2010
89,33;28.09.2010
82,90;29.09.2010
69,41;30.09.2010
80,87;01.10.2010
27,02;02.10.2010
45,61;03.10.2010
75,47;04.10.2010
111,26;05.10.2010
98,46;06.10.2010
104,36;07.10.2010
67,21;08.10.2010
55,83;09.10.2010
55,21;10.10.2010
70,22;11.10.2010
64,53;12.10.2010
52,52;13.10.2010
77,56;14.10.2010
71,88;15.10.2010
45,55;16.10.2010
77,17;17.10.2010
30,71;18.10.2010
83,69;19.10.2010
69,56;20.10.2010
43,10;21.10.2010
65,01;22.10.2010
40,66;23.10.2010
63,10;24.10.2010
50,78;25.10.2010
44,56;26.10.2010
85,61;27.10.2010
55,87;28.10.2010
78,20;29.10.2010
98,13;30.10.2010
42,55;31.10.2010
130,51;01.11.2010
130,62;02.11.2010
81,79;03.11.2010
79,74;04.11.2010
54,94;05.11.2010
58,63;06.11.2010
65,07;07.11.2010
92,57;08.11.2010
131,48;09.11.2010
79,36;10.11.2010
87,63;11.11.2010
75,51;12.11.2010
47,89;13.11.2010
70,89;14.11.2010
120,95;15.11.2010
121,23;16.11.2010
77,66;17.11.2010
73,97;18.11.2010
103,71;19.11.2010
82,30;20.11.2010
119,67;21.11.2010
113,15;22.11.2010
77,38;23.11.2010
166,79;24.11.2010
91,49;25.11.2010
56,32;26.11.2010
66,42;27.11.2010
67,98;28.11.2010
159,03;29.11.2010
183,41;30.11.2010
94,05;01.12.2010
100,18;02.12.2010
86,44;03.12.2010
88,63;04.12.2010
42,70;05.12.2010
110,68;06.12.2010
127,92;07.12.2010
67,68;08.12.2010
88,63;09.12.2010
61,22;10.12.2010
52,62;11.12.2010
70,34;12.12.2010
72,63;13.12.2010
67,45;14.12.2010
72,64;15.12.2010
136,46;16.12.2010
107,16;17.12.2010
79,55;18.12.2010
89,53;19.12.2010
128,26;20.12.2010
156,81;21.12.2010
163,83;22.12.2010
124,69;23.12.2010
126,52;24.12.2010
131,34;25.12.2010
104,92;26.12.2010
87,48;27.12.2010
134,57;28.12.2010
53,04;29.12.2010
161,36;30.12.2010
45,38;31.12.2010
83,28;01.01.2011
60,84;02.01.2011
74,20;03.01.2011
119,25;04.01.2011
44,56;05.01.2011
74,08;06.01.2011
74,59;07.01.2011
81,79;08.01.2011
83,46;09.01.2011
96,13;10.01.2011
89,33;11.01.2011
74,32;12.01.2011
61,53;13.01.2011
66,92;14.01.2011
70,84;15.01.2011
32,67;16.01.2011
91,63;17.01.2011
56,98;18.01.2011
62,64;19.01.2011
59,09;20.01.2011
88,97;21.01.2011
61,29;22.01.2011
72,88;23.01.2011
107,00;24.01.2011
204,20;25.01.2011
113,75;26.01.2011
68,67;27.01.2011
69,63;28.01.2011
63,65;29.01.2011
46,41;30.01.2011
89,42;31.01.2011
118,03;01.02.2011
98,83;02.02.2011
113,28;03.02.2011
94,64;04.02.2011
66,14;05.02.2011
52,37;06.02.2011
59,58;07.02.2011
56,59;08.02.2011
86,58;09.02.2011
104,04;10.02.2011
97,63;11.02.2011
59,69;12.02.2011
69,81;13.02.2011
76,57;14.02.2011
55,58;15.02.2011
62,23;16.02.2011
88,43;17.02.2011
66,45;18.02.2011
76,46;19.02.2011
61,69;20.02.2011
109,00;21.02.2011
163,83;22.02.2011
73,45;23.02.2011
144,02;24.02.2011
137,74;25.02.2011
128,16;26.02.2011
62,15;27.02.2011
107,26;28.02.2011
178,96;01.03.2011
127,00;02.03.2011
154,95;03.03.2011
119,61;04.03.2011
87,87;05.03.2011
50,86;06.03.2011
138,72;07.03.2011
166,01;08.03.2011
199,47;09.03.2011
136,31;10.03.2011
136,77;11.03.2011
93,12;12.03.2011
103,52;13.03.2011
87,98;14.03.2011
141,81;15.03.2011
166,35;16.03.2011
116,23;17.03.2011
147,80;18.03.2011
133,51;19.03.2011
95,84;20.03.2011
151,39;21.03.2011
192,93;22.03.2011
231,28;23.03.2011
144,68;24.03.2011
130,92;25.03.2011
103,26;26.03.2011
101,73;27.03.2011
131,84;28.03.2011
196,35;29.03.2011
125,13;30.03.2011
126,23;31.03.2011
125,88;01.04.2011
65,74;02.04.2011
72,01;03.04.2011
71,93;04.04.2011
103,40;05.04.2011
130,39;06.04.2011
74,62;07.04.2011
84,77;08.04.2011
51,97;09.04.2011
74,30;10.04.2011
98,69;11.04.2011
88,34;12.04.2011
111,53;13.04.2011
110,65;14.04.2011
86,82;15.04.2011
67,22;16.04.2011
30,17;17.04.2011
86,95;18.04.2011
96,63;19.04.2011
80,79;20.04.2011
117,59;21.04.2011
81,57;22.04.2011
73,88;23.04.2011
93,88;24.04.2011
78,18;25.04.2011
144,02;26.04.2011
124,73;27.04.2011
110,53;28.04.2011
68,88;29.04.2011
114,10;30.04.2011
69,49;01.05.2011
115,26;02.05.2011
269,19;03.05.2011
113,02;04.05.2011
101,20;05.05.2011
104,75;06.05.2011
120,41;07.05.2011
51,96;08.05.2011
126,04;09.05.2011
140,80;10.05.2011
88,73;11.05.2011
80,96;12.05.2011
114,11;13.05.2011
53,38;14.05.2011
94,29;15.05.2011
87,17;16.05.2011
74,64;17.05.2011
85,32;18.05.2011
150,25;19.05.2011
81,48;20.05.2011
65,41;21.05.2011
84,94;22.05.2011
119,93;23.05.2011
134,66;24.05.2011
119,10;25.05.2011
103,63;26.05.2011
94,45;27.05.2011
69,74;28.05.2011
72,30;29.05.2011
112,04;30.05.2011
140,02;31.05.2011
96,12;01.06.2011
86,35;02.06.2011
66,99;03.06.2011
53,75;04.06.2011
77,79;05.06.2011
62,42;06.06.2011
106,62;07.06.2011
122,14;08.06.2011
101,33;09.06.2011
90,62;10.06.2011
52,62;11.06.2011
103,90;12.06.2011
105,77;13.06.2011
43,33;14.06.2011
81,84;15.06.2011
115,52;16.06.2011
77,91;17.06.2011
67,32;18.06.2011
65,34;19.06.2011
74,16;20.06.2011
79,23;21.06.2011
56,08;22.06.2011
128,58;23.06.2011
115,04;24.06.2011
74,31;25.06.2011
73,46;26.06.2011
108,47;27.06.2011
66,17;28.06.2011
81,52;29.06.2011
101,41;30.06.2011
88,82;01.07.2011
52,95;02.07.2011
98,59;03.07.2011
70,37;04.07.2011
83,86;05.07.2011
41,55;06.07.2011
93,26;07.07.2011
65,36;08.07.2011
66,89;09.07.2011
83,94;10.07.2011
84,94;11.07.2011
75,83;12.07.2011
92,95;13.07.2011
74,88;14.07.2011
91,54;15.07.2011
51,18;16.07.2011
59,39;17.07.2011
72,80;18.07.2011
126,49;19.07.2011
92,12;20.07.2011
90,61;21.07.2011
62,44;22.07.2011
82,05;23.07.2011
33,39;24.07.2011
83,92;25.07.2011
92,60;26.07.2011
88,67;27.07.2011
101,98;28.07.2011
95,42;29.07.2011
74,83;30.07.2011
53,21;31.07.2011
88,10;01.08.2011
90,46;02.08.2011
86,63;03.08.2011
77,04;04.08.2011
51,98;05.08.2011
30,84;06.08.2011
74,82;07.08.2011
94,77;08.08.2011
63,14;09.08.2011
44,11;10.08.2011
91,38;11.08.2011
69,30;12.08.2011
46,18;13.08.2011
39,67;14.08.2011
131,06;15.08.2011
54,51;16.08.2011
38,83;17.08.2011
109,45;18.08.2011
119,65;19.08.2011
111,22;20.08.2011
39,67;21.08.2011
143,46;22.08.2011
197,71;23.08.2011
159,73;24.08.2011
109,69;25.08.2011
93,75;26.08.2011
87,87;27.08.2011
55,52;28.08.2011
125,17;29.08.2011
61,34;30.08.2011
91,10;31.08.2011
90,61;01.09.2011
105,27;02.09.2011
91,36;03.09.2011
54,30;04.09.2011
123,42;05.09.2011
138,56;06.09.2011
87,85;07.09.2011
99,45;08.09.2011
90,51;09.09.2011
95,79;10.09.2011
53,14;11.09.2011
110,16;12.09.2011
111,98;13.09.2011
78,36;14.09.2011
85,38;15.09.2011
72,70;16.09.2011
69,40;17.09.2011
53,91;18.09.2011
56,63;19.09.2011
70,65;20.09.2011
102,09;21.09.2011
84,16;22.09.2011
93,09;23.09.2011
57,93;24.09.2011
39,51;25.09.2011
73,34;26.09.2011
86,86;27.09.2011
55,85;28.09.2011
93,69;29.09.2011
68,40;30.09.2011
82,06;01.10.2011
37,43;02.10.2011
92,02;03.10.2011
73,61;04.10.2011
66,10;05.10.2011
86,47;06.10.2011
74,48;07.10.2011
48,01;08.10.2011
38,67;09.10.2011
55,35;10.10.2011
85,25;11.10.2011
137,25;12.10.2011
135,99;13.10.2011
73,91;14.10.2011
68,78;15.10.2011
54,19;16.10.2011
96,44;17.10.2011
114,36;18.10.2011
51,13;19.10.2011
72,09;20.10.2011
110,53;21.10.2011
64,29;22.10.2011
71,88;23.10.2011
96,53;24.10.2011
82,53;25.10.2011
64,39;26.10.2011
53,97;27.10.2011
51,46;28.10.2011
48,42;29.10.2011
59,82;30.10.2011
82,71;31.10.2011
80,11;01.11.2011
37,60;02.11.2011
110,42;03.11.2011
111,48;04.11.2011
60,73;05.11.2011
31,85;06.11.2011
65,60;07.11.2011
82,42;08.11.2011
112,77;09.11.2011
80,25;10.11.2011
66,76;11.11.2011
52,10;12.11.2011
76,74;13.11.2011
95,59;14.11.2011
114,10;15.11.2011
83,45;16.11.2011
108,66;17.11.2011
109,07;18.11.2011
75,72;19.11.2011
58,42;20.11.2011
111,56;21.11.2011
58,25;22.11.2011
102,49;23.11.2011
67,85;24.11.2011
83,16;25.11.2011
49,88;26.11.2011
113,08;27.11.2011
105,42;28.11.2011
107,73;29.11.2011
84,25;30.11.2011
104,03;01.12.2011
104,31;02.12.2011
76,69;03.12.2011
58,46;04.12.2011
97,07;05.12.2011
73,94;06.12.2011
49,84;07.12.2011
87,08;08.12.2011
71,66;09.12.2011
32,53;10.12.2011
33,94;11.12.2011
99,59;12.12.2011
89,63;13.12.2011
113,06;14.12.2011
82,24;15.12.2011
118,86;16.12.2011
48,18;17.12.2011
68,87;18.12.2011
86,15;19.12.2011
180,25;20.12.2011
80,14;21.12.2011
83,38;22.12.2011
75,76;23.12.2011
93,64;24.12.2011
62,95;25.12.2011
103,27;26.12.2011
68,30;27.12.2011
86,67;28.12.2011
115,55;29.12.2011
125,90;30.12.2011
57,44;31.12.2011
72,44;01.01.2012
60,11;02.01.2012
88,10;03.01.2012
76,94;04.01.2012
82,44;05.01.2012
100,60;06.01.2012
73,75;07.01.2012
55,73;08.01.2012
88,39;09.01.2012
66,64;10.01.2012
103,97;11.01.2012
103,84;12.01.2012
98,10;13.01.2012
102,56;14.01.2012
53,32;15.01.2012
72,86;16.01.2012
56,63;17.01.2012
73,86;18.01.2012
103,20;19.01.2012
70,93;20.01.2012
60,44;21.01.2012
39,20;22.01.2012
109,54;23.01.2012
103,52;24.01.2012
65,63;25.01.2012
85,76;26.01.2012
58,42;27.01.2012
51,40;28.01.2012
38,22;29.01.2012
128,43;30.01.2012
69,98;31.01.2012
134,97;01.02.2012
57,82;02.02.2012
102,98;03.02.2012
65,95;04.02.2012
40,40;05.02.2012
124,92;06.02.2012
142,99;07.02.2012
82,25;08.02.2012
85,78;09.02.2012
68,33;10.02.2012
51,01;11.02.2012
45,38;12.02.2012
61,83;13.02.2012
80,42;14.02.2012
128,72;15.02.2012
81,79;16.02.2012
49,79;17.02.2012
90,72;18.02.2012
42,47;19.02.2012
150,12;20.02.2012
141,49;21.02.2012
101,15;22.02.2012
68,30;23.02.2012
152,73;24.02.2012
133,75;25.02.2012
51,56;26.02.2012
55,00;27.02.2012
113,57;28.02.2012
146,90;29.02.2012
91,45;01.03.2012
99,76;02.03.2012
70,79;03.03.2012
94,46;04.03.2012
116,52;05.03.2012
110,79;06.03.2012
138,18;07.03.2012
154,15;08.03.2012
132,38;09.03.2012
24,95;10.03.2012
46,10;11.03.2012
71,49;12.03.2012
64,65;13.03.2012
69,16;14.03.2012
64,95;15.03.2012
72,73;16.03.2012
53,29;17.03.2012
31,61;18.03.2012
107,00;19.03.2012
104,61;20.03.2012
124,38;21.03.2012
67,60;22.03.2012
93,31;23.03.2012
51,31;24.03.2012
51,46;25.03.2012
79,67;26.03.2012
116,37;27.03.2012
149,58;28.03.2012
83,45;29.03.2012
103,07;30.03.2012
91,25;31.03.2012
141,78;01.04.2012
154,47;02.04.2012
134,50;03.04.2012
126,08;04.04.2012
116,87;05.04.2012
88,28;06.04.2012
91,54;07.04.2012
76,59;08.04.2012
126,88;09.04.2012
116,15;10.04.2012
85,70;11.04.2012
136,67;12.04.2012
112,74;13.04.2012
83,19;14.04.2012
56,68;15.04.2012
136,95;16.04.2012
117,75;17.04.2012
99,27;18.04.2012
65,09;19.04.2012
100,38;20.04.2012
48,30;21.04.2012
60,47;22.04.2012
90,46;23.04.2012
93,37;24.04.2012
83,95;25.04.2012
118,68;26.04.2012
84,50;27.04.2012
34,00;28.04.2012
69,94;29.04.2012
99,85;30.04.2012
75,19;01.05.2012
87,57;02.05.2012
101,76;03.05.2012
62,24;04.05.2012
38,94;05.05.2012
25,48;06.05.2012
60,39;07.05.2012
84,52;08.05.2012
54,60;09.05.2012
55,44;10.05.2012
110,31;11.05.2012
30,91;12.05.2012
53,86;13.05.2012
65,92;14.05.2012
92,66;15.05.2012
67,07;16.05.2012
53,89;17.05.2012
147,15;18.05.2012
77,57;19.05.2012
73,61;20.05.2012
59,07;21.05.2012
115,74;22.05.2012
86,14;23.05.2012
113,44;24.05.2012
81,91;25.05.2012
57,16;26.05.2012
46,75;27.05.2012
157,49;28.05.2012
91,10;29.05.2012
88,28;30.05.2012
91,92;31.05.2012
67,90;01.06.2012
48,76;02.06.2012
12,99;03.06.2012
40,62;04.06.2012
67,33;05.06.2012
69,87;06.06.2012
102,94;07.06.2012
92,91;08.06.2012
89,53;09.06.2012
60,35;10.06.2012
78,35;11.06.2012
92,02;12.06.2012
99,34;13.06.2012
112,46;14.06.2012
55,38;15.06.2012
58,84;16.06.2012
69,59;17.06.2012
102,82;18.06.2012
111,61;19.06.2012
147,88;20.06.2012
73,04;21.06.2012
72,01;22.06.2012
44,93;23.06.2012
60,35;24.06.2012
99,97;25.06.2012
129,90;26.06.2012
48,39;27.06.2012
92,02;28.06.2012
80,06;29.06.2012
45,57;30.06.2012
19,56;01.07.2012
45,32;02.07.2012
77,42;03.07.2012
129,36;04.07.2012
82,71;05.07.2012
62,65;06.07.2012
60,75;07.07.2012
28,80;08.07.2012
83,70;09.07.2012
97,55;10.07.2012
69,27;11.07.2012
66,02;12.07.2012
107,78;13.07.2012
80,49;14.07.2012
48,21;15.07.2012
54,23;16.07.2012
155,83;17.07.2012
104,49;18.07.2012
147,79;19.07.2012
166,37;20.07.2012
40,65;21.07.2012
58,12;22.07.2012
80,69;23.07.2012
109,74;24.07.2012
86,86;25.07.2012
76,39;26.07.2012
67,26;27.07.2012
60,39;28.07.2012
71,45;29.07.2012
112,50;30.07.2012
65,10;31.07.2012
67,75;01.08.2012
52,75;02.08.2012
74,24;03.08.2012
45,38;04.08.2012
53,11;05.08.2012
99,59;06.08.2012
114,61;07.08.2012
75,29;08.08.2012
87,44;09.08.2012
85,20;10.08.2012
52,34;11.08.2012
63,95;12.08.2012
89,93;13.08.2012
109,06;14.08.2012
94,53;15.08.2012
95,70;16.08.2012
104,33;17.08.2012
49,15;18.08.2012
34,65;19.08.2012
69,01;20.08.2012
75,39;21.08.2012
123,79;22.08.2012
76,19;23.08.2012
69,70;24.08.2012
28,86;25.08.2012
53,43;26.08.2012
83,16;27.08.2012
73,71;28.08.2012
65,18;29.08.2012
84,22;30.08.2012
69,29;31.08.2012
48,18;01.09.2012
64,07;02.09.2012
57,53;03.09.2012
83,34;04.09.2012
81,70;05.09.2012
54,94;06.09.2012
69,74;07.09.2012
63,18;08.09.2012
66,14;09.09.2012
66,43;10.09.2012
79,34;11.09.2012
99,16;12.09.2012
65,81;13.09.2012
76,23;14.09.2012
49,44;15.09.2012
75,14;16.09.2012
92,02;17.09.2012
82,92;18.09.2012
53,06;19.09.2012
52,32;20.09.2012
67,90;21.09.2012
28,17;22.09.2012
51,76;23.09.2012
60,31;24.09.2012
74,93;25.09.2012
87,27;26.09.2012
106,64;27.09.2012
89,98;28.09.2012
62,02;29.09.2012
59,51;30.09.2012
52,10;01.10.2012
81,34;02.10.2012
63,85;03.10.2012
72,01;04.10.2012
87,97;05.10.2012
49,23;06.10.2012
39,36;07.10.2012
92,60;08.10.2012
108,15;09.10.2012
64,53;10.10.2012
89,17;11.10.2012
81,25;12.10.2012
74,74;13.10.2012
46,47;14.10.2012
129,81;15.10.2012
79,96;16.10.2012
95,45;17.10.2012
109,91;18.10.2012
103,82;19.10.2012
71,02;20.10.2012
82,66;21.10.2012
163,36;22.10.2012
106,50;23.10.2012
74,36;24.10.2012
89,96;25.10.2012
67,88;26.10.2012
50,01;27.10.2012
50,77;28.10.2012
117,22;29.10.2012
69,49;30.10.2012
75,20;31.10.2012
53,59;01.11.2012
55,21;02.11.2012
61,56;03.11.2012
55,52;04.11.2012
61,57;05.11.2012
129,59;06.11.2012
43,59;07.11.2012
59,49;08.11.2012
72,01;09.11.2012
54,08;10.11.2012
51,66;11.11.2012
108,34;12.11.2012
61,27;13.11.2012
56,92;14.11.2012
96,57;15.11.2012
98,02;16.11.2012
110,42;17.11.2012
79,14;18.11.2012
116,35;19.11.2012
135,60;20.11.2012
116,18;21.11.2012
121,63;22.11.2012
122,55;23.11.2012
62,56;24.11.2012
50,74;25.11.2012
110,56;26.11.2012
67,26;27.11.2012
55,39;28.11.2012
56,95;29.11.2012
68,23;30.11.2012
36,50;01.12.2012
73,61;02.12.2012
67,43;03.12.2012
101,98;04.12.2012
84,94;05.12.2012
39,54;06.12.2012
107,20;07.12.2012
61,23;08.12.2012
21,23;09.12.2012
59,92;10.12.2012
107,63;11.12.2012
108,61;12.12.2012
95,92;13.12.2012
104,72;14.12.2012
57,11;15.12.2012
57,55;16.12.2012
87,63;17.12.2012
80,30;18.12.2012
102,02;19.12.2012
82,30;20.12.2012
77,04;21.12.2012
60,72;22.12.2012
67,74;23.12.2012
89,39;24.12.2012
105,40;25.12.2012
55,93;26.12.2012
62,00;27.12.2012
103,94;28.12.2012
46,18;29.12.2012
68,85;30.12.2012
49,50;31.12.2012
116,83;01.01.2013
82,33;02.01.2013
78,43;03.01.2013
80,40;04.01.2013
55,05;05.01.2013
21,65;06.01.2013
83,81;07.01.2013
84,63;08.01.2013
70,40;09.01.2013
54,57;10.01.2013
94,96;11.01.2013
84,42;12.01.2013
55,91;13.01.2013
77,54;14.01.2013
124,86;15.01.2013
96,07;16.01.2013
125,95;17.01.2013
146,60;18.01.2013
106,30;19.01.2013
106,43;20.01.2013
121,65;21.01.2013
151,14;22.01.2013
116,96;23.01.2013
98,55;24.01.2013
124,61;25.01.2013
65,71;26.01.2013
69,59;27.01.2013
121,24;28.01.2013
37,03;29.01.2013
90,16;30.01.2013
53,67;31.01.2013
134,15;01.02.2013
38,87;02.02.2013
62,76;03.02.2013
82,71;04.02.2013
81,39;05.02.2013
92,02;06.02.2013
75,93;07.02.2013
91,72;08.02.2013
80,94;09.02.2013
105,05;10.02.2013
98,35;11.02.2013
91,14;12.02.2013
176,87;13.02.2013
86,19;14.02.2013
73,30;15.02.2013
66,25;16.02.2013
78,87;17.02.2013
63,10;18.02.2013
113,03;19.02.2013
86,96;20.02.2013
33,25;21.02.2013
81,15;22.02.2013
37,71;23.02.2013
39,51;24.02.2013
49,63;25.02.2013
114,36;26.02.2013
119,16;27.02.2013
66,07;28.02.2013
56,75;01.03.2013
31,04;02.03.2013
40,56;03.03.2013
45,38;04.03.2013
85,88;05.03.2013
89,93;06.03.2013
89,29;07.03.2013
92,40;08.03.2013
56,40;09.03.2013
57,11;10.03.2013
70,57;11.03.2013
92,60;12.03.2013
104,33;13.03.2013
49,97;14.03.2013
86,63;15.03.2013
87,47;16.03.2013
55,21;17.03.2013
107,29;18.03.2013
82,03;19.03.2013
72,51;20.03.2013
85,62;21.03.2013
109,62;22.03.2013
56,05;23.03.2013
59,99;24.03.2013
102,82;25.03.2013
87,94;26.03.2013
100,50;27.03.2013
57,27;28.03.2013
125,16;29.03.2013
59,21;30.03.2013
21,01;31.03.2013
99,56;01.04.2013
72,48;02.04.2013
77,13;03.04.2013
123,72;04.04.2013
99,52;05.04.2013
75,29;06.04.2013
90,28;07.04.2013
121,85;08.04.2013
82,03;09.04.2013
92,13;10.04.2013
54,70;11.04.2013
97,21;12.04.2013
78,52;13.04.2013
37,36;14.04.2013
105,31;15.04.2013
108,67;16.04.2013
153,72;17.04.2013
82,50;18.04.2013
91,21;19.04.2013
94,73;20.04.2013
65,21;21.04.2013
165,17;22.04.2013
153,32;23.04.2013
104,45;24.04.2013
76,64;25.04.2013
98,46;26.04.2013
69,98;27.04.2013
80,14;28.04.2013
89,41;29.04.2013
74,63;30.04.2013
68,93;01.05.2013
70,48;02.05.2013
82,30;03.05.2013
56,63;04.05.2013
61,98;05.05.2013
88,40;06.05.2013
83,02;07.05.2013
84,94;08.05.2013
65,07;09.05.2013
61,08;10.05.2013
71,02;11.05.2013
48,82;12.05.2013
78,76;13.05.2013
86,74;14.05.2013
44,51;15.05.2013
89,79;16.05.2013
105,80;17.05.2013
45,93;18.05.2013
103,52;19.05.2013
123,03;20.05.2013
95,36;21.05.2013
76,77;22.05.2013
100,92;23.05.2013
104,99;24.05.2013
99,09;25.05.2013
32,67;26.05.2013
126,39;27.05.2013
157,53;28.05.2013
108,15;29.05.2013
95,19;30.05.2013
67,15;31.05.2013
64,06;01.06.2013
51,16;02.06.2013
62,93;03.06.2013
110,15;04.06.2013
58,66;05.06.2013
80,58;06.06.2013
156,53;07.06.2013
78,30;08.06.2013
87,53;09.06.2013
97,70;10.06.2013
126,31;11.06.2013
80,89;12.06.2013
82,10;13.06.2013
79,86;14.06.2013
98,61;15.06.2013
90,09;16.06.2013
149,30;17.06.2013
124,22;18.06.2013
116,44;19.06.2013
91,32;20.06.2013
73,69;21.06.2013
42,51;22.06.2013
41,06;23.06.2013
89,89;24.06.2013
85,93;25.06.2013
96,84;26.06.2013
39,09;27.06.2013
39,44;28.06.2013
15,58;29.06.2013
66,65;30.06.2013
71,91;01.07.2013
107,83;02.07.2013
84,94;03.07.2013
77,55;04.07.2013
67,95;05.07.2013
43,50;06.07.2013
68,54;07.07.2013
87,94;08.07.2013
98,95;09.07.2013
87,17;10.07.2013
77,26;11.07.2013
75,11;12.07.2013
54,83;13.07.2013
93,21;14.07.2013
125,86;15.07.2013
100,76;16.07.2013
117,41;17.07.2013
55,37;18.07.2013
83,67;19.07.2013
49,81;20.07.2013
43,78;21.07.2013
78,06;22.07.2013
74,89;23.07.2013
49,38;24.07.2013
54,64;25.07.2013
87,67;26.07.2013
34,90;27.07.2013
88,14;28.07.2013
101,85;29.07.2013
96,22;30.07.2013
50,38;31.07.2013
45,96;01.08.2013
43,64;02.08.2013
65,75;03.08.2013
54,98;04.08.2013
85,84;05.08.2013
65,87;06.08.2013
128,68;07.08.2013
95,33;08.08.2013
81,24;09.08.2013
73,40;10.08.2013
21,70;11.08.2013
84,81;12.08.2013
78,56;13.08.2013
42,36;14.08.2013
75,86;15.08.2013
48,60;16.08.2013
74,04;17.08.2013
99,68;18.08.2013
113,09;19.08.2013
96,35;20.08.2013
62,34;21.08.2013
58,66;22.08.2013
98,12;23.08.2013
86,92;24.08.2013
69,59;25.08.2013
110,10;26.08.2013
154,75;27.08.2013
140,36;28.08.2013
187,64;29.08.2013
122,40;30.08.2013
187,62;31.08.2013
108,71;01.09.2013
104,61;02.09.2013
105,58;03.09.2013
50,25;04.09.2013
89,53;05.09.2013
126,08;06.09.2013
59,56;07.09.2013
66,25;08.09.2013
111,56;09.09.2013
66,75;10.09.2013
110,55;11.09.2013
76,30;12.09.2013
95,27;13.09.2013
77,73;14.09.2013
64,95;15.09.2013
127,76;16.09.2013
112,64;17.09.2013
83,11;18.09.2013
58,44;19.09.2013
90,80;20.09.2013
66,02;21.09.2013
81,12;22.09.2013
164,71;23.09.2013
174,12;24.09.2013
124,93;25.09.2013
129,27;26.09.2013
131,37;27.09.2013
91,36;28.09.2013
76,55;29.09.2013
116,46;30.09.2013
132,82;01.10.2013
65,56;02.10.2013
40,21;03.10.2013
102,03;04.10.2013
35,84;05.10.2013
98,59;06.10.2013
125,09;07.10.2013
93,83;08.10.2013
87,78;09.10.2013
57,74;10.10.2013
66,39;11.10.2013
39,22;12.10.2013
20,28;13.10.2013
85,28;14.10.2013
102,45;15.10.2013
66,41;16.10.2013
63,64;17.10.2013
72,72;18.10.2013
60,11;19.10.2013
51,86;20.10.2013
133,98;21.10.2013
70,65;22.10.2013
88,34;23.10.2013
60,84;24.10.2013
50,85;25.10.2013
57,95;26.10.2013
62,50;27.10.2013
73,31;28.10.2013
65,84;29.10.2013
88,23;30.10.2013
60,23;31.10.2013
64,67;01.11.2013
65,01;02.11.2013
69,81;03.11.2013
55,29;04.11.2013
59,76;05.11.2013
76,10;06.11.2013
53,58;07.11.2013
120,52;08.11.2013
104,88;09.11.2013
35,02;10.11.2013
91,38;11.11.2013
88,02;12.11.2013
45,27;13.11.2013
99,48;14.11.2013
92,95;15.11.2013
29,79;16.11.2013
47,71;17.11.2013
83,28;18.11.2013
94,16;19.11.2013
81,34;20.11.2013
62,15;21.11.2013
76,55;22.11.2013
55,95;23.11.2013
58,92;24.11.2013
164,52;25.11.2013
186,74;26.11.2013
67,52;27.11.2013
57,80;28.11.2013
76,10;29.11.2013
38,26;30.11.2013
14,31;01.12.2013
37,75;02.12.2013
81,95;03.12.2013
99,30;04.12.2013
44,55;05.12.2013
49,92;06.12.2013
44,55;07.12.2013
82,18;08.12.2013
65,90;09.12.2013
61,12;10.12.2013
67,52;11.12.2013
57,64;12.12.2013
45,22;13.12.2013
54,89;14.12.2013
33,73;15.12.2013
41,46;16.12.2013
116,00;17.12.2013
112,79;18.12.2013
67,33;19.12.2013
106,17;20.12.2013
64,16;21.12.2013
71,09;22.12.2013
47,47;23.12.2013
75,74;24.12.2013
92,75;25.12.2013
104,83;26.12.2013
115,09;27.12.2013
86,04;28.12.2013
45,69;29.12.2013
68,65;30.12.2013
121,71;31.12.2013
112,16;01.01.2014
82,13;02.01.2014
117,95;03.01.2014
32,27;04.01.2014
65,52;05.01.2014
103,52;06.01.2014
91,53;07.01.2014
93,83;08.01.2014
61,47;09.01.2014
96,66;10.01.2014
42,08;11.01.2014
7,06;12.01.2014
108,97;13.01.2014
91,65;14.01.2014
87,80;15.01.2014
60,78;16.01.2014
64,95;17.01.2014
63,13;18.01.2014
81,52;19.01.2014
85,71;20.01.2014
125,09;21.01.2014
81,95;22.01.2014
61,22;23.01.2014
106,38;24.01.2014
62,09;25.01.2014
91,62;26.01.2014
105,47;27.01.2014
64,61;28.01.2014
66,80;29.01.2014
45,56;30.01.2014
75,72;31.01.2014
36,70;01.02.2014
65,67;02.02.2014
156,58;03.02.2014
51,89;04.02.2014
91,35;05.02.2014
43,72;06.02.2014
60,64;07.02.2014
43,26;08.02.2014
71,87;09.02.2014
55,36;10.02.2014
77,70;11.02.2014
59,72;12.02.2014
68,09;13.02.2014
61,68;14.02.2014
68,52;15.02.2014
50,77;16.02.2014
84,40;17.02.2014
95,14;18.02.2014
85,04;19.02.2014
115,87;20.02.2014
116,56;21.02.2014
28,93;22.02.2014
38,52;23.02.2014
69,37;24.02.2014
61,57;25.02.2014
71,67;26.02.2014
65,92;27.02.2014
70,88;28.02.2014
101,97;01.03.2014
133,57;02.03.2014
180,03;03.03.2014
213,07;04.03.2014
213,84;05.03.2014
142,99;06.03.2014
165,26;07.03.2014
52,73;08.03.2014
102,87;09.03.2014
118,64;10.03.2014
115,14;11.03.2014
124,27;12.03.2014
84,94;13.03.2014
103,85;14.03.2014
97,70;15.03.2014
107,95;16.03.2014
135,21;17.03.2014
194,08;18.03.2014
153,07;19.03.2014
97,97;20.03.2014
117,65;21.03.2014
74,88;22.03.2014
84,60;23.03.2014
122,18;24.03.2014
140,59;25.03.2014
108,48;26.03.2014
87,17;27.03.2014
112,16;28.03.2014
73,03;29.03.2014
59,99;30.03.2014
85,82;31.03.2014
120,93;01.04.2014
94,75;02.04.2014
63,30;03.04.2014
59,55;04.04.2014
60,45;05.04.2014
19,49;06.04.2014
56,96;07.04.2014
115,94;08.04.2014
142,43;09.04.2014
85,11;10.04.2014
52,94;11.04.2014
62,68;12.04.2014
46,28;13.04.2014
125,00;14.04.2014
129,57;15.04.2014
143,85;16.04.2014
82,81;17.04.2014
95,14;18.04.2014
53,13;19.04.2014
69,01;20.04.2014
89,93;21.04.2014
135,49;22.04.2014
114,79;23.04.2014
66,79;24.04.2014
125,74;25.04.2014
65,63;26.04.2014
81,62;27.04.2014
116,31;28.04.2014
125,79;29.04.2014
182,05;30.04.2014
79,18;01.05.2014
92,12;02.05.2014
93,72;03.05.2014
91,11;04.05.2014
63,88;05.05.2014
111,76;06.05.2014
80,21;07.05.2014
121,40;08.05.2014
119,73;09.05.2014
50,38;10.05.2014
94,45;11.05.2014
93,84;12.05.2014
114,08;13.05.2014
113,31;14.05.2014
60,23;15.05.2014
79,41;16.05.2014
40,28;17.05.2014
67,60;18.05.2014
56,46;19.05.2014
77,74;20.05.2014
94,75;21.05.2014
58,46;22.05.2014
110,17;23.05.2014
66,57;24.05.2014
111,29;25.05.2014
43,23;26.05.2014
68,71;27.05.2014
96,48;28.05.2014
114,97;29.05.2014
64,88;30.05.2014
48,31;31.05.2014
34,80;01.06.2014
57,28;02.06.2014
84,40;03.06.2014
76,47;04.06.2014
107,98;05.06.2014
52,97;06.06.2014
23,87;07.06.2014
69,89;08.06.2014
75,93;09.06.2014
114,52;10.06.2014
130,06;11.06.2014
87,97;12.06.2014
99,45;13.06.2014
74,21;14.06.2014
65,60;15.06.2014
135,31;16.06.2014
207,04;17.06.2014
144,56;18.06.2014
104,75;19.06.2014
143,70;20.06.2014
89,03;21.06.2014
102,87;22.06.2014
129,00;23.06.2014
155,02;24.06.2014
94,64;25.06.2014
95,02;26.06.2014
136,64;27.06.2014
76,97;28.06.2014
91,17;29.06.2014
84,10;30.06.2014
127,72;01.07.2014
134,72;02.07.2014
93,11;03.07.2014
92,02;04.07.2014
73,19;05.07.2014
90,96;06.07.2014
124,03;07.07.2014
114,52;08.07.2014
109,21;09.07.2014
75,13;10.07.2014
116,43;11.07.2014
57,95;12.07.2014
123,22;13.07.2014
151,03;14.07.2014
97,30;15.07.2014
160,09;16.07.2014
147,45;17.07.2014
207,28;18.07.2014
173,85;19.07.2014
116,23;20.07.2014
203,45;21.07.2014
208,98;22.07.2014
217,15;23.07.2014
119,60;24.07.2014
180,28;25.07.2014
131,22;26.07.2014
110,42;27.07.2014
149,44;28.07.2014
169,99;29.07.2014
202,23;30.07.2014
141,77;31.07.2014
151,30;01.08.2014
47,03;02.08.2014
36,16;03.08.2014
155,70;04.08.2014
172,58;05.08.2014
159,54;06.08.2014
177,73;07.08.2014
212,40;08.08.2014
142,10;09.08.2014
117,52;10.08.2014
206,70;11.08.2014
150,57;12.08.2014
165,85;13.08.2014
106,74;14.08.2014
131,82;15.08.2014
83,90;16.08.2014
79,56;17.08.2014
115,86;18.08.2014
216,15;19.08.2014
123,03;20.08.2014
153,54;21.08.2014
109,58;22.08.2014
108,71;23.08.2014
66,79;24.08.2014
167,60;25.08.2014
118,14;26.08.2014
143,08;27.08.2014
97,53;28.08.2014
157,34;29.08.2014
127,53;30.08.2014
103,73;31.08.2014
227,85;01.09.2014
219,28;02.09.2014
184,26;03.09.2014
219,84;04.09.2014
117,67;05.09.2014
101,83;06.09.2014
78,73;07.09.2014
147,02;08.09.2014
110,56;09.09.2014
131,68;10.09.2014
118,18;11.09.2014
168,17;12.09.2014
99,94;13.09.2014
101,93;14.09.2014
112,87;15.09.2014
157,35;16.09.2014
159,80;17.09.2014
118,06;18.09.2014
132,81;19.09.2014
76,33;20.09.2014
79,82;21.09.2014
80,68;22.09.2014
179,18;23.09.2014
146,88;24.09.2014
107,53;25.09.2014
151,31;26.09.2014
128,74;27.09.2014
60,11;28.09.2014
101,28;29.09.2014
97,30;30.09.2014
108,34;01.10.2014
57,61;02.10.2014
103,98;03.10.2014
81,09;04.10.2014
50,48;05.10.2014
95,29;06.10.2014
67,60;07.10.2014
80,98;08.10.2014
75,36;09.10.2014
121,70;10.10.2014
64,35;11.10.2014
41,06;12.10.2014
80,68;13.10.2014
70,29;14.10.2014
89,53;15.10.2014
68,58;16.10.2014
86,51;17.10.2014
51,01;18.10.2014
57,67;19.10.2014
75,86;20.10.2014
60,74;21.10.2014
78,50;22.10.2014
74,29;23.10.2014
91,68;24.10.2014
111,97;25.10.2014
37,71;26.10.2014
96,68;27.10.2014
139,38;28.10.2014
92,37;29.10.2014
103,40;30.10.2014
89,83;31.10.2014
97,52;01.11.2014
44,94;02.11.2014
80,91;03.11.2014
79,88;04.11.2014
103,52;05.11.2014
41,02;06.11.2014
90,21;07.11.2014
62,50;08.11.2014
67,19;09.11.2014
57,86;10.11.2014
77,04;11.11.2014
57,42;12.11.2014
61,54;13.11.2014
77,45;14.11.2014
97,97;15.11.2014
51,26;16.11.2014
136,55;17.11.2014
87,40;18.11.2014
92,24;19.11.2014
89,16;20.11.2014
110,54;21.11.2014
54,01;22.11.2014
76,59;23.11.2014
142,11;24.11.2014
163,64;25.11.2014
119,09;26.11.2014
80,79;27.11.2014
90,87;28.11.2014
49,10;29.11.2014
83,94;30.11.2014
57,56;01.12.2014
108,91;02.12.2014
88,44;03.12.2014
89,81;04.12.2014
62,50;05.12.2014
61,64;06.12.2014
44,00;07.12.2014
109,47;08.12.2014
72,48;09.12.2014
107,79;10.12.2014
81,71;11.12.2014
77,55;12.12.2014
71,81;13.12.2014
88,24;14.12.2014
66,97;15.12.2014
136,07;16.12.2014
144,74;17.12.2014
122,82;18.12.2014
110,97;19.12.2014
73,46;20.12.2014
109,51;21.12.2014
74,20;22.12.2014
56,85;23.12.2014
123,64;24.12.2014
44,02;25.12.2014
114,02;26.12.2014
60,82;27.12.2014
32,72;28.12.2014
92,94;29.12.2014
69,62;30.12.2014
93,75;31.12.2014
74,58;01.01.2015
106,86;02.01.2015
53,43;03.01.2015
16,48;04.01.2015
100,72;05.01.2015
66,82;06.01.2015
78,76;07.01.2015
168,64;08.01.2015
64,71;09.01.2015
138,75;10.01.2015
96,12;11.01.2015
148,08;12.01.2015
151,56;13.01.2015
88,39;14.01.2015
132,79;15.01.2015
156,11;16.01.2015
108,23;17.01.2015
78,13;18.01.2015
120,26;19.01.2015
175,29;20.01.2015
148,51;21.01.2015
98,54;22.01.2015
109,12;23.01.2015
97,72;24.01.2015
110,42;25.01.2015
135,93;26.01.2015
95,16;27.01.2015
146,46;28.01.2015
105,28;29.01.2015
126,52;30.01.2015
60,17;31.01.2015
114,23;01.02.2015
101,15;02.02.2015
141,25;03.02.2015
90,70;04.02.2015
89,43;05.02.2015
166,44;06.02.2015
116,95;07.02.2015
107,09;08.02.2015
128,99;09.02.2015
134,23;10.02.2015
110,85;11.02.2015
76,61;12.02.2015
139,64;13.02.2015
60,35;14.02.2015
70,78;15.02.2015
102,52;16.02.2015
123,75;17.02.2015
154,67;18.02.2015
143,86;19.02.2015
136,85;20.02.2015
72,01;21.02.2015
83,69;22.02.2015
168,18;23.02.2015
149,09;24.02.2015
114,38;25.02.2015
95,06;26.02.2015
105,94;27.02.2015
51,56;28.02.2015
111,41;01.03.2015
105,47;02.03.2015
149,37;03.03.2015
218,32;04.03.2015
77,49;05.03.2015
86,04;06.03.2015
59,10;07.03.2015
86,04;08.03.2015
79,82;09.03.2015
89,77;10.03.2015
78,04;11.03.2015
105,61;12.03.2015
67,85;13.03.2015
66,89;14.03.2015
116,69;15.03.2015
109,26;16.03.2015
97,29;17.03.2015
117,37;18.03.2015
55,87;19.03.2015
94,76;20.03.2015
74,56;21.03.2015
78,87;22.03.2015
98,30;23.03.2015
100,38;24.03.2015
105,38;25.03.2015
103,41;26.03.2015
199,25;27.03.2015
91,81;28.03.2015
129,14;29.03.2015
123,24;30.03.2015
131,06;31.03.2015
138,93;01.04.2015
113,85;02.04.2015
150,14;03.04.2015
165,63;04.04.2015
116,46;05.04.2015
116,79;06.04.2015
110,13;07.04.2015
166,76;08.04.2015
134,81;09.04.2015
142,14;10.04.2015
74,88;11.04.2015
53,00;12.04.2015
79,22;13.04.2015
121,65;14.04.2015
143,66;15.04.2015
104,72;16.04.2015
99,06;17.04.2015
47,48;18.04.2015
97,81;19.04.2015
91,73;20.04.2015
85,28;21.04.2015
75,59;22.04.2015
61,08;23.04.2015
156,40;24.04.2015
41,45;25.04.2015
39,28;26.04.2015
76,04;27.04.2015
46,01;28.04.2015
84,10;29.04.2015
52,75;30.04.2015
76,24;01.05.2015
41,45;02.05.2015
43,83;03.05.2015
70,60;04.05.2015
44,76;05.05.2015
99,69;06.05.2015
64,28;07.05.2015
71,75;08.05.2015
50,07;09.05.2015
52,58;10.05.2015
118,67;11.05.2015
62,17;12.05.2015
114,38;13.05.2015
77,47;14.05.2015
95,24;15.05.2015
78,19;16.05.2015
76,89;17.05.2015
112,12;18.05.2015
128,44;19.05.2015
71,46;20.05.2015
56,79;21.05.2015
84,29;22.05.2015
80,79;23.05.2015
63,16;24.05.2015
86,68;25.05.2015
37,40;26.05.2015
83,28;27.05.2015
55,89;28.05.2015
55,47;29.05.2015
68,61;30.05.2015
84,04;31.05.2015
106,23;01.06.2015
65,35;02.06.2015
129,12;03.06.2015
84,13;04.06.2015
62,50;05.06.2015
36,68;06.06.2015
86,60;07.06.2015
81,79;08.06.2015
95,46;09.06.2015
48,58;10.06.2015
54,97;11.06.2015
41,64;12.06.2015
56,15;13.06.2015
64,70;14.06.2015
63,20;15.06.2015
114,23;16.06.2015
79,93;17.06.2015
83,09;18.06.2015
44,27;19.06.2015
99,45;20.06.2015
74,67;21.06.2015
90,68;22.06.2015
103,52;23.06.2015
84,82;24.06.2015
131,01;25.06.2015
81,49;26.06.2015
78,13;27.06.2015
109,96;28.06.2015
136,93;29.06.2015
169,32;30.06.2015
93,14;01.07.2015
84,56;02.07.2015
86,95;03.07.2015
50,12;04.07.2015
80,40;05.07.2015
109,33;06.07.2015
82,09;07.07.2015
61,78;08.07.2015
58,63;09.07.2015
107,39;10.07.2015
81,55;11.07.2015
105,27;12.07.2015
123,07;13.07.2015
67,70;14.07.2015
229,98;15.07.2015
117,65;16.07.2015
146,96;17.07.2015
63,47;18.07.2015
98,67;19.07.2015
125,31;20.07.2015
193,98;21.07.2015
152,95;22.07.2015
87,72;23.07.2015
113,36;24.07.2015
92,13;25.07.2015
127,41;26.07.2015
171,44;27.07.2015
132,93;28.07.2015
99,95;29.07.2015
74,98;30.07.2015
72,27;31.07.2015
64,01;01.08.2015
69,56;02.08.2015
28,46;03.08.2015
155,10;04.08.2015
77,83;05.08.2015
128,80;06.08.2015
90,14;07.08.2015
68,76;08.08.2015
85,34;09.08.2015
88,93;10.08.2015
93,80;11.08.2015
97,43;12.08.2015
110,11;13.08.2015
78,32;14.08.2015
47,83;15.08.2015
71,24;16.08.2015
95,61;17.08.2015
88,54;18.08.2015
121,07;19.08.2015
28,85;20.08.2015
86,26;21.08.2015
79,32;22.08.2015
55,21;23.08.2015
103,36;24.08.2015
58,12;25.08.2015
79,11;26.08.2015
85,71;27.08.2015
52,89;28.08.2015
64,28;29.08.2015
70,75;30.08.2015
79,25;31.08.2015
96,33;01.09.2015
75,72;02.09.2015
85,49;03.09.2015
98,03;04.09.2015
91,28;05.09.2015
82,64;06.09.2015
84,08;07.09.2015
117,95;08.09.2015
142,71;09.09.2015
143,31;10.09.2015
118,87;11.09.2015
101,75;12.09.2015
55,31;13.09.2015
79,94;14.09.2015
122,69;15.09.2015
83,47;16.09.2015
83,41;17.09.2015
83,91;18.09.2015
83,01;19.09.2015
68,18;20.09.2015
86,41;21.09.2015
188,75;22.09.2015
85,78;23.09.2015
88,70;24.09.2015
81,84;25.09.2015
78,38;26.09.2015
75,04;27.09.2015
92,13;28.09.2015
111,61;29.09.2015
101,28;30.09.2015
128,45;01.10.2015
180,35;02.10.2015
70,56;03.10.2015
81,99;04.10.2015
91,10;05.10.2015
113,13;06.10.2015
110,68;07.10.2015
70,64;08.10.2015
88,39;09.10.2015
107,57;10.10.2015
83,11;11.10.2015
79,32;12.10.2015
80,69;13.10.2015
105,44;14.10.2015
84,32;15.10.2015
90,19;16.10.2015
110,29;17.10.2015
67,11;18.10.2015
85,07;19.10.2015
70,16;20.10.2015
69,37;21.10.2015
68,85;22.10.2015
79,14;23.10.2015
73,33;24.10.2015
51,94;25.10.2015
83,86;26.10.2015
49,44;27.10.2015
68,04;28.10.2015
62,65;29.10.2015
91,51;30.10.2015
81,29;31.10.2015
46,56;01.11.2015
109,92;02.11.2015
53,27;03.11.2015
96,48;04.11.2015
60,45;05.11.2015
89,18;06.11.2015
102,22;07.11.2015
84,11;08.11.2015
87,31;09.11.2015
85,30;10.11.2015
51,98;11.11.2015
44,12;12.11.2015
61,57;13.11.2015
121,15;14.11.2015
129,06;15.11.2015
291,99;16.11.2015
354,05;17.11.2015
309,50;18.11.2015
242,89;19.11.2015
212,19;20.11.2015
171,54;21.11.2015
203,53;22.11.2015
170,01;23.11.2015
246,84;24.11.2015
247,62;25.11.2015
172,98;26.11.2015
237,59;27.11.2015
101,36;28.11.2015
103,52;29.11.2015
100,23;30.11.2015
170,50;01.12.2015
192,70;02.12.2015
157,92;03.12.2015
156,33;04.12.2015
158,13;05.12.2015
135,34;06.12.2015
197,37;07.12.2015
197,98;08.12.2015
199,50;09.12.2015
147,41;10.12.2015
150,00;11.12.2015
103,65;12.12.2015
81,62;13.12.2015
119,42;14.12.2015
142,26;15.12.2015
170,60;16.12.2015
162,98;17.12.2015
134,48;18.12.2015
115,44;19.12.2015
100,60;20.12.2015
165,02;21.12.2015
143,28;22.12.2015
73,74;23.12.2015
111,12;24.12.2015
160,93;25.12.2015
135,35;26.12.2015
102,93;27.12.2015
147,82;28.12.2015
109,35;29.12.2015
141,56;30.12.2015
70,11;31.12.2015
208,84;01.01.2016
89,81;02.01.2016
113,11;03.01.2016
133,57;04.01.2016
205,16;05.01.2016
161,47;06.01.2016
205,20;07.01.2016
181,01;08.01.2016
67,20;09.01.2016
100,82;10.01.2016
95,25;11.01.2016
106,39;12.01.2016
139,33;13.01.2016
125,48;14.01.2016
112,73;15.01.2016
92,98;16.01.2016
102,03;17.01.2016
147,98;18.01.2016
154,42;19.01.2016
194,34;20.01.2016
87,87;21.01.2016
110,86;22.01.2016
82,91;23.01.2016
85,94;24.01.2016
82,81;25.01.2016
72,01;26.01.2016
93,97;27.01.2016
76,84;28.01.2016
83,25;29.01.2016
40,55;30.01.2016
40,73;31.01.2016
132,71;01.02.2016
103,52;02.02.2016
104,03;03.02.2016
96,65;04.02.2016
109,38;05.02.2016
77,32;06.02.2016
110,19;07.02.2016
139,53;08.02.2016
77,60;09.02.2016
99,33;10.02.2016
118,48;11.02.2016
106,14;12.02.2016
64,64;13.02.2016
115,98;14.02.2016
81,19;15.02.2016
128,85;16.02.2016
134,09;17.02.2016
118,96;18.02.2016
161,59;19.02.2016
69,35;20.02.2016
61,22;21.02.2016
104,66;22.02.2016
150,36;23.02.2016
115,61;24.02.2016
57,19;25.02.2016
88,87;26.02.2016
46,48;27.02.2016
101,82;28.02.2016
59,73;29.02.2016
123,24;01.03.2016
81,85;02.03.2016
131,78;03.03.2016
72,01;04.03.2016
68,61;05.03.2016
51,66;06.03.2016
67,18;07.03.2016
103,06;08.03.2016
91,76;09.03.2016
99,95;10.03.2016
58,51;11.03.2016
55,94;12.03.2016
64,32;13.03.2016
134,75;14.03.2016
132,50;15.03.2016
100,38;16.03.2016
79,67;17.03.2016
104,47;18.03.2016
40,49;19.03.2016
74,36;20.03.2016
112,46;21.03.2016
76,37;22.03.2016
245,38;23.03.2016
141,85;24.03.2016
186,76;25.03.2016
101,59;26.03.2016
65,11;27.03.2016
157,19;28.03.2016
168,96;29.03.2016
140,48;30.03.2016
131,28;31.03.2016
156,70;01.04.2016
88,50;02.04.2016
105,79;03.04.2016
113,14;04.04.2016
89,26;05.04.2016
101,51;06.04.2016
93,88;07.04.2016
46,48;08.04.2016
44,55;09.04.2016
69,59;10.04.2016
95,74;11.04.2016
79,82;12.04.2016
97,70;13.04.2016
96,78;14.04.2016
86,41;15.04.2016
55,64;16.04.2016
64,11;17.04.2016
52,30;18.04.2016
90,25;19.04.2016
93,18;20.04.2016
93,31;21.04.2016
76,72;22.04.2016
40,50;23.04.2016
86,98;24.04.2016
80,27;25.04.2016
80,30;26.04.2016
74,16;27.04.2016
105,86;28.04.2016
77,54;29.04.2016
71,84;30.04.2016
77,36;01.05.2016
99,32;02.05.2016
71,13;03.05.2016
104,37;04.05.2016
103,83;05.05.2016
79,37;06.05.2016
54,58;07.05.2016
22,33;08.05.2016
100,38;09.05.2016
72,80;10.05.2016
113,59;11.05.2016
101,36;12.05.2016
88,22;13.05.2016
45,95;14.05.2016
72,96;15.05.2016
66,87;16.05.2016
88,40;17.05.2016
92,40;18.05.2016
73,92;19.05.2016
115,90;20.05.2016
83,91;21.05.2016
104,17;22.05.2016
121,71;23.05.2016
86,68;24.05.2016
75,74;25.05.2016
68,92;26.05.2016
81,85;27.05.2016
62,50;28.05.2016
44,97;29.05.2016
108,73;30.05.2016
141,11;31.05.2016
100,84;01.06.2016
94,64;02.06.2016
144,20;03.06.2016
56,81;04.06.2016
63,55;05.06.2016
101,41;06.06.2016
79,22;07.06.2016
76,72;08.06.2016
61,34;09.06.2016
62,17;10.06.2016
44,44;11.06.2016
16,36;12.06.2016
93,31;13.06.2016
108,36;14.06.2016
129,71;15.06.2016
78,98;16.06.2016
99,29;17.06.2016
70,90;18.06.2016
103,75;19.06.2016
90,83;20.06.2016
116,32;21.06.2016
104,51;22.06.2016
106,86;23.06.2016
67,60;24.06.2016
54,50;25.06.2016
38,25;26.06.2016
109,87;27.06.2016
96,44;28.06.2016
151,01;29.06.2016
134,23;30.06.2016
112,06;01.07.2016
88,87;02.07.2016
102,72;03.07.2016
42,83;04.07.2016
98,28;05.07.2016
107,65;06.07.2016
141,48;07.07.2016
131,03;08.07.2016
109,12;09.07.2016
121,49;10.07.2016
90,25;11.07.2016
114,82;12.07.2016
57,69;13.07.2016
109,42;14.07.2016
91,61;15.07.2016
237,54;16.07.2016
188,21;17.07.2016
158,04;18.07.2016
190,25;19.07.2016
104,29;20.07.2016
146,57;21.07.2016
150,14;22.07.2016
77,74;23.07.2016
104,02;24.07.2016
100,57;25.07.2016
81,79;26.07.2016
99,43;27.07.2016
90,89;28.07.2016
107,76;29.07.2016
66,52;30.07.2016
49,32;31.07.2016
98,59;01.08.2016
126,30;02.08.2016
118,51;03.08.2016
154,44;04.08.2016
93,31;05.08.2016
45,01;06.08.2016
72,89;07.08.2016
116,03;08.08.2016
114,04;09.08.2016
116,23;10.08.2016
97,58;11.08.2016
112,61;12.08.2016
96,78;13.08.2016
87,17;14.08.2016
97,81;15.08.2016
95,12;16.08.2016
61,16;17.08.2016
118,66;18.08.2016
78,40;19.08.2016
55,85;20.08.2016
23,11;21.08.2016
84,60;22.08.2016
89,98;23.08.2016
139,23;24.08.2016
176,97;25.08.2016
80,30;26.08.2016
117,30;27.08.2016
71,82;28.08.2016
151,20;29.08.2016
79,75;30.08.2016
86,18;31.08.2016
72,01;01.09.2016
77,37;02.09.2016
81,90;03.09.2016
86,49;04.09.2016
52,70;05.09.2016
91,34;06.09.2016
91,87;07.09.2016
60,41;08.09.2016
116,91;09.09.2016
110,29;10.09.2016
93,09;11.09.2016
137,55;12.09.2016
122,26;13.09.2016
115,55;14.09.2016
99,24;15.09.2016
51,03;16.09.2016
66,84;17.09.2016
104,69;18.09.2016
255,73;19.09.2016
183,11;20.09.2016
162,74;21.09.2016
95,46;22.09.2016
100,25;23.09.2016
71,67;24.09.2016
52,46;25.09.2016
133,84;26.09.2016
83,86;27.09.2016
115,89;28.09.2016
104,66;29.09.2016
120,29;30.09.2016
47,72;01.10.2016
64,79;02.10.2016
64,84;03.10.2016
147,35;04.10.2016
119,91;05.10.2016
92,69;06.10.2016
25,32;07.10.2016
50,19;08.10.2016
101,56;09.10.2016
90,02;10.10.2016
85,38;11.10.2016
101,61;12.10.2016
112,54;13.10.2016
93,18;14.10.2016
60,45;15.10.2016
53,55;16.10.2016
128,76;17.10.2016
114,42;18.10.2016
112,20;19.10.2016
115,55;20.10.2016
78,98;21.10.2016
81,63;22.10.2016
79,82;23.10.2016
86,04;24.10.2016
71,30;25.10.2016
96,95;26.10.2016
99,09;27.10.2016
82,21;28.10.2016
66,84;29.10.2016
82,44;30.10.2016
63,81;31.10.2016
89,67;01.11.2016
77,04;02.11.2016
62,05;03.11.2016
48,22;04.11.2016
65,12;05.11.2016
69,66;06.11.2016
66,01;07.11.2016
89,67;08.11.2016
50,19;09.11.2016
71,24;10.11.2016
94,90;11.11.2016
39,58;12.11.2016
67,60;13.11.2016
153,25;14.11.2016
81,46;15.11.2016
106,86;16.11.2016
59,96;17.11.2016
92,14;18.11.2016
61,88;19.11.2016
52,58;20.11.2016
118,52;21.11.2016
100,06;22.11.2016
75,68;23.11.2016
67,72;24.11.2016
76,49;25.11.2016
83,14;26.11.2016
109,90;27.11.2016
111,20;28.11.2016
145,43;29.11.2016
120,17;30.11.2016
146,61;01.12.2016
64,86;02.12.2016
36,35;03.12.2016
22,95;04.12.2016
85,23;05.12.2016
68,57;06.12.2016
103,35;07.12.2016
75,40;08.12.2016
71,09;09.12.2016
62,59;10.12.2016
47,32;11.12.2016
95,50;12.12.2016
137,07;13.12.2016
110,95;14.12.2016
108,93;15.12.2016
107,92;16.12.2016
57,11;17.12.2016
81,59;18.12.2016
85,88;19.12.2016
114,64;20.12.2016
195,18;21.12.2016
125,22;22.12.2016
182,84;23.12.2016
100,55;24.12.2016
90,07;25.12.2016
95,74;26.12.2016
90,87;27.12.2016
127,41;28.12.2016
98,78;29.12.2016
206,67;30.12.2016
152,98;31.12.2016
108,47;01.01.2017
146,65;02.01.2017
121,97;03.01.2017
108,89;04.01.2017
68,14;05.01.2017
129,06;06.01.2017
71,24;07.01.2017
37,81;08.01.2017
161,03;09.01.2017
66,47;10.01.2017
137,61;11.01.2017
129,81;12.01.2017
127,04;13.01.2017
64,45;14.01.2017
29,19;15.01.2017
72,59;16.01.2017
100,72;17.01.2017
102,50;18.01.2017
125,67;19.01.2017
104,66;20.01.2017
39,02;21.01.2017
85,14;22.01.2017
111,45;23.01.2017
96,98;24.01.2017
104,38;25.01.2017
111,43;26.01.2017
119,16;27.01.2017
98,64;28.01.2017
116,23;29.01.2017
166,49;30.01.2017
188,69;31.01.2017
150,57;01.02.2017
166,10;02.02.2017
184,03;03.02.2017
148,07;04.02.2017
50,52;05.02.2017
83,56;06.02.2017
184,34;07.02.2017
101,93;08.02.2017
92,30;09.02.2017
212,41;10.02.2017
128,20;11.02.2017
89,33;12.02.2017
132,02;13.02.2017
185,85;14.02.2017
118,86;15.02.2017
127,41;16.02.2017
88,52;17.02.2017
92,25;18.02.2017
95,06;19.02.2017
110,42;20.02.2017
139,23;21.02.2017
95,25;22.02.2017
59,78;23.02.2017
90,82;24.02.2017
43,47;25.02.2017
48,11;26.02.2017
81,36;27.02.2017
69,57;28.02.2017
130,10;01.03.2017
114,54;02.03.2017
64,77;03.03.2017
16,44;04.03.2017
122,12;05.03.2017
117,26;06.03.2017
141,89;07.03.2017
111,12;08.03.2017
123,04;09.03.2017
71,80;10.03.2017
52,90;11.03.2017
75,80;12.03.2017
78,47;13.03.2017
59,83;14.03.2017
95,86;15.03.2017
80,58;16.03.2017
97,04;17.03.2017
91,14;18.03.2017
99,92;19.03.2017
140,57;20.03.2017
81,22;21.03.2017
156,50;22.03.2017
131,19;23.03.2017
177,37;24.03.2017
83,81;25.03.2017
46,94;26.03.2017
116,55;27.03.2017
87,33;28.03.2017
93,54;29.03.2017
75,63;30.03.2017
118,14;31.03.2017
66,33;01.04.2017
68,07;02.04.2017
79,89;03.04.2017
150,57;04.04.2017
125,20;05.04.2017
124,10;06.04.2017
143,82;07.04.2017
176,62;08.04.2017
130,36;09.04.2017
134,96;10.04.2017
97,26;11.04.2017
171,34;12.04.2017
156,75;13.04.2017
123,94;14.04.2017
118,80;15.04.2017
86,14;16.04.2017
111,51;17.04.2017
106,67;18.04.2017
152,97;19.04.2017
178,77;20.04.2017
130,76;21.04.2017
127,41;22.04.2017
41,20;23.04.2017
142,73;24.04.2017
61,82;25.04.2017
92,16;26.04.2017
104,50;27.04.2017
126,36;28.04.2017
84,08;29.04.2017
37,99;30.04.2017
126,25;01.05.2017
126,74;02.05.2017
109,72;03.05.2017
95,95;04.05.2017
76,31;05.05.2017
69,87;06.05.2017
22,03;07.05.2017
72,80;08.05.2017
77,81;09.05.2017
124,00;10.05.2017
99,90;11.05.2017
78,99;12.05.2017
30,51;13.05.2017
37,64;14.05.2017
75,43;15.05.2017
74,92;16.05.2017
97,43;17.05.2017
97,73;18.05.2017
75,72;19.05.2017
62,50;20.05.2017
54,87;21.05.2017
143,48;22.05.2017
139,23;23.05.2017
181,95;24.05.2017
146,44;25.05.2017
218,07;26.05.2017
150,57;27.05.2017
86,60;28.05.2017
103,30;29.05.2017
128,18;30.05.2017
157,74;31.05.2017
90,67;01.06.2017
88,57;02.06.2017
80,79;03.06.2017
85,85;04.06.2017
276,61;05.06.2017
227,28;06.06.2017
245,96;07.06.2017
182,93;08.06.2017
121,29;09.06.2017
67,04;10.06.2017
50,52;11.06.2017
144,55;12.06.2017
107,04;13.06.2017
77,40;14.06.2017
108,02;15.06.2017
105,62;16.06.2017
71,37;17.06.2017
97,21;18.06.2017
171,01;19.06.2017
204,20;20.06.2017
180,24;21.06.2017
210,32;22.06.2017
107,31;23.06.2017
90,93;24.06.2017
65,09;25.06.2017
128,39;26.06.2017
106,10;27.06.2017
110,05;28.06.2017
103,36;29.06.2017
102,60;30.06.2017
96,48;01.07.2017
66,55;02.07.2017
120,57;03.07.2017
77,94;04.07.2017
208,90;05.07.2017
177,17;06.07.2017
115,72;07.07.2017
100,66;08.07.2017
113,19;09.07.2017
98,00;10.07.2017
112,50;11.07.2017
94,17;12.07.2017
55,38;13.07.2017
93,10;14.07.2017
35,43;15.07.2017
44,07;16.07.2017
114,00;17.07.2017
140,66;18.07.2017
67,03;19.07.2017
114,77;20.07.2017
80,10;21.07.2017
94,77;22.07.2017
120,33;23.07.2017
53,32;24.07.2017
100,20;25.07.2017
125,11;26.07.2017
107,20;27.07.2017
113,88;28.07.2017
66,25;29.07.2017
71,32;30.07.2017
170,75;31.07.2017
198,39;01.08.2017
145,29;02.08.2017
135,81;03.08.2017
95,55;04.08.2017
77,60;05.08.2017
77,94;06.08.2017
127,92;07.08.2017
169,71;08.08.2017
136,30;09.08.2017
215,32;10.08.2017
145,50;11.08.2017
181,90;12.08.2017
75,98;13.08.2017
202,68;14.08.2017
232,36;15.08.2017
159,37;16.08.2017
102,84;17.08.2017
138,91;18.08.2017
126,86;19.08.2017
73,75;20.08.2017
177,33;21.08.2017
250,01;22.08.2017
149,31;23.08.2017
95,29;24.08.2017
86,64;25.08.2017
130,00;26.08.2017
65,24;27.08.2017
126,38;28.08.2017
85,88;29.08.2017
142,65;30.08.2017
121,71;31.08.2017
133,69;01.09.2017
67,70;02.09.2017
57,11;03.09.2017
253,10;04.09.2017
188,15;05.09.2017
202,49;06.09.2017
152,65;07.09.2017
132,70;08.09.2017
45,15;09.09.2017
90,02;10.09.2017
63,70;11.09.2017
125,11;12.09.2017
138,88;13.09.2017
84,80;14.09.2017
120,09;15.09.2017
104,75;16.09.2017
88,93;17.09.2017
172,78;18.09.2017
129,69;19.09.2017
163,00;20.09.2017
139,59;21.09.2017
107,49;22.09.2017
95,89;23.09.2017
97,24;24.09.2017
55,39;25.09.2017
133,39;26.09.2017
132,11;27.09.2017
150,35;28.09.2017
72,12;29.09.2017
63,87;30.09.2017
60,64;01.10.2017
148,88;02.10.2017
90,38;03.10.2017
108,68;04.10.2017
83,91;05.10.2017
151,48;06.10.2017
79,36;07.10.2017
95,70;08.10.2017
61,34;09.10.2017
95,96;10.10.2017
115,26;11.10.2017
85,93;12.10.2017
68,34;13.10.2017
87,71;14.10.2017
98,54;15.10.2017
111,01;16.10.2017
108,02;17.10.2017
118,03;18.10.2017
121,04;19.10.2017
72,26;20.10.2017
60,99;21.10.2017
36,40;22.10.2017
104,01;23.10.2017
110,13;24.10.2017
119,09;25.10.2017
83,76;26.10.2017
94,87;27.10.2017
62,33;28.10.2017
49,63;29.10.2017
97,43;30.10.2017
68,25;31.10.2017
75,86;01.11.2017
188,31;02.11.2017
88,23;03.11.2017
43,89;04.11.2017
105,50;05.11.2017
132,50;06.11.2017
113,53;07.11.2017
181,09;08.11.2017
109,61;09.11.2017
107,60;10.11.2017
51,85;11.11.2017
59,55;12.11.2017
83,04;13.11.2017
111,66;14.11.2017
71,93;15.11.2017
119,27;16.11.2017
49,27;17.11.2017
26,96;18.11.2017
60,78;19.11.2017
57,03;20.11.2017
144,84;21.11.2017
143,44;22.11.2017
48,65;23.11.2017
74,13;24.11.2017
55,61;25.11.2017
16,44;26.11.2017
164,18;27.11.2017
101,45;28.11.2017
99,85;29.11.2017
111,56;30.11.2017
110,04;01.12.2017
21,39;02.12.2017
34,65;03.12.2017
64,41;04.12.2017
133,24;05.12.2017
109,02;06.12.2017
64,61;07.12.2017
89,09;08.12.2017
55,40;09.12.2017
96,34;10.12.2017
142,70;11.12.2017
97,68;12.12.2017
80,26;13.12.2017
104,08;14.12.2017
90,98;15.12.2017
37,32;16.12.2017
53,29;17.12.2017
67,39;18.12.2017
78,64;19.12.2017
93,05;20.12.2017
94,13;21.12.2017
69,98;22.12.2017
67,18;23.12.2017
89,53;24.12.2017
73,61;25.12.2017
97,95;26.12.2017
115,55;27.12.2017
128,48;28.12.2017
121,56;29.12.2017
93,79;30.12.2017
47,66;31.12.2017
96,58;01.01.2018
188,69;02.01.2018
138,02;03.01.2018
146,36;04.01.2018
66,52;05.01.2018
78,95;06.01.2018
30,46;07.01.2018
82,17;08.01.2018
77,14;09.01.2018
71,72;10.01.2018
95,51;11.01.2018
167,51;12.01.2018
83,79;13.01.2018
63,25;14.01.2018
58,96;15.01.2018
58,75;16.01.2018
128,26;17.01.2018
82,81;18.01.2018
102,11;19.01.2018
68,95;20.01.2018
71,32;21.01.2018
130,00;22.01.2018
129,00;23.01.2018
136,35;24.01.2018
82,49;25.01.2018
65,84;26.01.2018
43,26;27.01.2018
32,48;28.01.2018
76,44;29.01.2018
95,89;30.01.2018
102,41;31.01.2018
52,32;01.02.2018
30,99;02.02.2018
72,01;03.02.2018
53,43;04.02.2018
84,58;05.02.2018
56,74;06.02.2018
76,44;07.02.2018
93,48;08.02.2018
72,10;09.02.2018
36,40;10.02.2018
44,66;11.02.2018
124,50;12.02.2018
73,42;13.02.2018
37,50;14.02.2018
69,70;15.02.2018
53,12;16.02.2018
50,92;17.02.2018
64,83;18.02.2018
91,54;19.02.2018
91,38;20.02.2018
72,12;21.02.2018
53,79;22.02.2018
74,93;23.02.2018
48,80;24.02.2018
37,22;25.02.2018
90,38;26.02.2018
65,60;27.02.2018
70,13;28.02.2018
93,71;01.03.2018
151,31;02.03.2018
47,11;03.03.2018
55,79;04.03.2018
108,15;05.03.2018
88,45;06.03.2018
134,18;07.03.2018
106,10;08.03.2018
101,21;09.03.2018
106,65;10.03.2018
72,64;11.03.2018
135,90;12.03.2018
119,59;13.03.2018
95,00;14.03.2018
189,41;15.03.2018
173,33;16.03.2018
86,77;17.03.2018
61,63;18.03.2018
95,19;19.03.2018
134,78;20.03.2018
171,26;21.03.2018
162,07;22.03.2018
84,12;23.03.2018
148,64;24.03.2018
54,60;25.03.2018
81,38;26.03.2018
90,82;27.03.2018
91,53;28.03.2018
176,91;29.03.2018
48,48;30.03.2018
119,91;31.03.2018
44,87;01.04.2018
139,22;02.04.2018
105,72;03.04.2018
70,67;04.04.2018
69,10;05.04.2018
100,50;06.04.2018
101,63;07.04.2018
84,40;08.04.2018
102,21;09.04.2018
213,29;10.04.2018
102,49;11.04.2018
296,52;12.04.2018
117,61;13.04.2018
95,67;14.04.2018
96,12;15.04.2018
194,29;16.04.2018
178,37;17.04.2018
234,36;18.04.2018
214,14;19.04.2018
71,07;20.04.2018
48,05;21.04.2018
29,31;22.04.2018
88,52;23.04.2018
150,57;24.04.2018
193,13;25.04.2018
146,27;26.04.2018
91,80;27.04.2018
93,78;28.04.2018
52,58;29.04.2018
134,54;30.04.2018
155,35;01.05.2018
186,62;02.05.2018
125,34;03.05.2018
139,02;04.05.2018
64,47;05.05.2018
22,95;06.05.2018
79,70;07.05.2018
125,37;08.05.2018
284,19;09.05.2018
233,39;10.05.2018
163,63;11.05.2018
99,88;12.05.2018
98,32;13.05.2018
125,73;14.05.2018
112,64;15.05.2018
150,57;16.05.2018
152,69;17.05.2018
92,46;18.05.2018
55,54;19.05.2018
35,24;20.05.2018
125,67;21.05.2018
81,85;22.05.2018
179,17;23.05.2018
153,59;24.05.2018
140,56;25.05.2018
108,21;26.05.2018
84,35;27.05.2018
102,57;28.05.2018
71,24;29.05.2018
141,91;30.05.2018
92,14;31.05.2018
186,23;01.06.2018
90,71;02.06.2018
54,56;03.06.2018
146,14;04.06.2018
178,04;05.06.2018
108,61;06.06.2018
88,73;07.06.2018
116,16;08.06.2018
79,71;09.06.2018
91,43;10.06.2018
135,01;11.06.2018
155,89;12.06.2018
140,87;13.06.2018
188,49;14.06.2018
69,98;15.06.2018
125,57;16.06.2018
24,54;17.06.2018
47,08;18.06.2018
99,42;19.06.2018
121,34;20.06.2018
93,60;21.06.2018
57,31;22.06.2018
29,68;23.06.2018
47,91;24.06.2018
87,78;25.06.2018
137,23;26.06.2018
130,60;27.06.2018
88,44;28.06.2018
141,04;29.06.2018
38,60;30.06.2018
59,29;01.07.2018
123,03;02.07.2018
146,82;03.07.2018
49,22;04.07.2018
119,57;05.07.2018
128,33;06.07.2018
82,66;07.07.2018
68,07;08.07.2018
170,47;09.07.2018
121,88;10.07.2018
125,25;11.07.2018
172,86;12.07.2018
125,48;13.07.2018
102,95;14.07.2018
104,61;15.07.2018
168,76;16.07.2018
100,80;17.07.2018
88,57;18.07.2018
143,05;19.07.2018
54,10;20.07.2018
121,86;21.07.2018
72,71;22.07.2018
161,71;23.07.2018
161,13;24.07.2018
105,16;25.07.2018
107,87;26.07.2018
119,33;27.07.2018
38,48;28.07.2018
23,49;29.07.2018
118,86;30.07.2018
109,94;31.07.2018
140,03;01.08.2018
121,88;02.08.2018
147,88;03.08.2018
84,68;04.08.2018
53,93;05.08.2018
162,55;06.08.2018
200,46;07.08.2018
129,06;08.08.2018
170,89;09.08.2018
121,94;10.08.2018
156,45;11.08.2018
85,74;12.08.2018
142,48;13.08.2018
136,40;14.08.2018
111,39;15.08.2018
128,16;16.08.2018
107,13;17.08.2018
54,92;18.08.2018
57,11;19.08.2018
106,86;20.08.2018
152,00;21.08.2018
119,33;22.08.2018
120,29;23.08.2018
44,46;24.08.2018
72,99;25.08.2018
43,40;26.08.2018
109,46;27.08.2018
134,44;28.08.2018
139,90;29.08.2018
86,17;30.08.2018
62,03;31.08.2018
80,25;01.09.2018
49,13;02.09.2018
94,17;03.09.2018
14,36;04.09.2018
85,93;05.09.2018
97,69;06.09.2018
87,87;07.09.2018
59,63;08.09.2018
47,52;09.09.2018
55,42;10.09.2018
81,84;11.09.2018
80,89;12.09.2018
68,57;13.09.2018
118,31;14.09.2018
63,41;15.09.2018
7,23;16.09.2018
91,08;17.09.2018
105,01;18.09.2018
58,63;19.09.2018
107,93;20.09.2018
113,79;21.09.2018
37,81;22.09.2018
27,95;23.09.2018
143,44;24.09.2018
95,44;25.09.2018
110,16;26.09.2018
73,70;27.09.2018
81,46;28.09.2018
44,05;29.09.2018
36,24;30.09.2018
120,77;01.10.2018
36,01;02.10.2018
94,42;03.10.2018
69,01;04.10.2018
78,22;05.10.2018
50,72;06.10.2018
42,56;07.10.2018
49,11;08.10.2018
95,88;09.10.2018
104,20;10.10.2018
130,71;11.10.2018
87,07;12.10.2018
48,10;13.10.2018
81,79;14.10.2018
122,86;15.10.2018
134,62;16.10.2018
117,82;17.10.2018
127,06;18.10.2018
106,20;19.10.2018
86,23;20.10.2018
35,09;21.10.2018
83,92;22.10.2018
108,82;23.10.2018
127,58;24.10.2018
141,05;25.10.2018
159,10;26.10.2018
94,45;27.10.2018
51,07;28.10.2018
94,36;29.10.2018
109,74;30.10.2018
81,53;31.10.2018
101,45;01.11.2018
103,39;02.11.2018
47,92;03.11.2018
44,34;04.11.2018
114,68;05.11.2018
62,59;06.11.2018
140,43;07.11.2018
60,82;08.11.2018
114,37;09.11.2018
37,61;10.11.2018
22,59;11.11.2018
42,74;12.11.2018
142,28;13.11.2018
33,38;14.11.2018
106,86;15.11.2018
44,55;16.11.2018
45,59;17.11.2018
34,80;18.11.2018
55,67;19.11.2018
58,04;20.11.2018
84,63;21.11.2018
58,46;22.11.2018
135,30;23.11.2018
70,05;24.11.2018
62,21;25.11.2018
101,26;26.11.2018
129,90;27.11.2018
100,89;28.11.2018
96,02;29.11.2018
142,19;30.11.2018
53,18;01.12.2018
21,42;02.12.2018
50,19;03.12.2018
99,66;04.12.2018
103,39;05.12.2018
131,28;06.12.2018
196,08;07.12.2018
76,75;08.12.2018
35,62;09.12.2018
90,95;10.12.2018
95,39;11.12.2018
85,98;12.12.2018
132,15;13.12.2018
120,08;14.12.2018
76,80;15.12.2018
39,25;16.12.2018
72,80;17.12.2018
72,22;18.12.2018
62,33;19.12.2018
162,69;20.12.2018
210,32;21.12.2018
64,05;22.12.2018
81,79;23.12.2018
111,24;24.12.2018
65,60;25.12.2018
63,10;26.12.2018
30,22;27.12.2018
102,01;28.12.2018
58,20;29.12.2018
32,56;30.12.2018
86,68;31.12.2018
83,74;01.01.2019
189,86;02.01.2019
9,49;03.01.2019
99,02;04.01.2019
40,48;05.01.2019
40,50;06.01.2019
83,16;07.01.2019
67,88;08.01.2019
106,43;09.01.2019
76,84;10.01.2019
101,24;11.01.2019
51,76;12.01.2019
37,73;13.01.2019
89,27;14.01.2019
102,54;15.01.2019
92,77;16.01.2019
160,64;17.01.2019
112,83;18.01.2019
22,32;19.01.2019
47,83;20.01.2019
70,80;21.01.2019
144,77;22.01.2019
58,19;23.01.2019
91,32;24.01.2019
91,14;25.01.2019
40,13;26.01.2019
75,63;27.01.2019
101,15;28.01.2019
101,45;29.01.2019
173,69;30.01.2019
148,14;31.01.2019
113,57;01.02.2019
75,84;02.02.2019
82,25;03.02.2019
179,98;04.02.2019
106,41;05.02.2019
103,10;06.02.2019
92,48;07.02.2019
62,35;08.02.2019
30,33;09.02.2019
39,16;10.02.2019
96,53;11.02.2019
69,22;12.02.2019
88,73;13.02.2019
76,54;14.02.2019
145,11;15.02.2019
61,66;16.02.2019
86,23;17.02.2019
67,15;18.02.2019
116,57;19.02.2019
171,34;20.02.2019
116,55;21.02.2019
69,44;22.02.2019
46,91;23.02.2019
74,98;24.02.2019
139,02;25.02.2019
124,92;26.02.2019
160,56;27.02.2019
162,63;28.02.2019
184,50;01.03.2019
131,75;02.03.2019
77,76;03.03.2019
62,96;04.03.2019
103,08;05.03.2019
81,01;06.03.2019
91,10;07.03.2019
55,01;08.03.2019
81,61;09.03.2019
23,22;10.03.2019
44,90;11.03.2019
101,32;12.03.2019
115,26;13.03.2019
66,67;14.03.2019
61,12;15.03.2019
81,61;16.03.2019
32,56;17.03.2019
79,94;18.03.2019
107,43;19.03.2019
60,31;20.03.2019
88,87;21.03.2019
122,84;22.03.2019
77,73;23.03.2019
67,19;24.03.2019
51,39;25.03.2019
88,73;26.03.2019
80,90;27.03.2019
81,35;28.03.2019
77,67;29.03.2019
67,23;30.03.2019
22,33;31.03.2019
65,45;01.04.2019
60,65;02.04.2019
83,97;03.04.2019
72,57;04.04.2019
71,19;05.04.2019
58,60;06.04.2019
15,52;07.04.2019
96,83;08.04.2019
167,54;09.04.2019
76,35;10.04.2019
104,20;11.04.2019
103,63;12.04.2019
81,10;13.04.2019
51,87;14.04.2019
56,67;15.04.2019
124,46;16.04.2019
67,70;17.04.2019
54,60;18.04.2019
51,31;19.04.2019
46,24;20.04.2019
86,96;21.04.2019
95,93;22.04.2019
156,50;23.04.2019
88,27;24.04.2019
99,63;25.04.2019
129,57;26.04.2019
53,72;27.04.2019
29,71;28.04.2019
68,81;29.04.2019
49,37;30.04.2019
61,52;01.05.2019
186,33;02.05.2019
70,15;03.05.2019
51,81;04.05.2019
93,31;05.05.2019
134,99;06.05.2019
122,51;07.05.2019
56,74;08.05.2019
167,13;09.05.2019
135,96;10.05.2019
56,26;11.05.2019
31,18;12.05.2019
130,95;13.05.2019
248,68;14.05.2019
184,76;15.05.2019
158,54;16.05.2019
141,05;17.05.2019
81,71;18.05.2019
57,24;19.05.2019
102,84;20.05.2019
131,19;21.05.2019
93,18;22.05.2019
102,54;23.05.2019
148,69;24.05.2019
64,11;25.05.2019
39,72;26.05.2019
43,34;27.05.2019
69,46;28.05.2019
67,51;29.05.2019
120,23;30.05.2019
104,56;31.05.2019
130,16;01.06.2019
28,99;02.06.2019
129,25;03.06.2019
69,40;04.06.2019
122,39;05.06.2019
82,92;06.06.2019
69,92;07.06.2019
50,87;08.06.2019
53,93;09.06.2019
56,93;10.06.2019
74,29;11.06.2019
95,03;12.06.2019
114,67;13.06.2019
192,64;14.06.2019
108,25;15.06.2019
62,50;16.06.2019
126,36;17.06.2019
157,74;18.06.2019
135,55;19.06.2019
72,57;20.06.2019
126,00;21.06.2019
167,47;22.06.2019
99,31;23.06.2019
171,25;24.06.2019
82,02;25.06.2019
123,76;26.06.2019
134,94;27.06.2019
153,90;28.06.2019
83,28;29.06.2019
23,66;30.06.2019
112,52;01.07.2019
138,22;02.07.2019
66,82;03.07.2019
105,83;04.07.2019
98,35;05.07.2019
52,01;06.07.2019
52,03;07.07.2019
53,51;08.07.2019
96,65;09.07.2019
100,78;10.07.2019
119,68;11.07.2019
107,37;12.07.2019
77,71;13.07.2019
31,32;14.07.2019
31,06;15.07.2019
76,37;16.07.2019
147,23;17.07.2019
102,68;18.07.2019
48,78;19.07.2019
86,82;20.07.2019
61,02;21.07.2019
193,02;22.07.2019
139,27;23.07.2019
99,52;24.07.2019
74,44;25.07.2019
137,65;26.07.2019
62,81;27.07.2019
31,78;28.07.2019
137,61;29.07.2019
152,36;30.07.2019
89,66;31.07.2019
107,73;01.08.2019
110,99;02.08.2019
112,18;03.08.2019
115,36;04.08.2019
103,52;05.08.2019
270,94;06.08.2019
106,00;07.08.2019
144,63;08.08.2019
105,86;09.08.2019
90,66;10.08.2019
76,15;11.08.2019
151,52;12.08.2019
40,67;13.08.2019
105,77;14.08.2019
96,89;15.08.2019
104,61;16.08.2019
99,68;17.08.2019
88,66;18.08.2019
127,85;19.08.2019
76,68;20.08.2019
114,39;21.08.2019
147,97;22.08.2019
96,78;23.08.2019
66,05;24.08.2019
83,02;25.08.2019
121,19;26.08.2019
178,10;27.08.2019
83,47;28.08.2019
76,37;29.08.2019
45,78;30.08.2019
37,03;31.08.2019
35,54;01.09.2019
118,91;02.09.2019
83,73;03.09.2019
89,65;04.09.2019
81,01;05.09.2019
81,74;06.09.2019
18,95;07.09.2019
64,95;08.09.2019
72,86;09.09.2019
104,88;10.09.2019
98,75;11.09.2019
79,50;12.09.2019
70,57;13.09.2019
46,44;14.09.2019
74,36;15.09.2019
178,92;16.09.2019
253,34;17.09.2019
115,36;18.09.2019
157,13;19.09.2019
126,96;20.09.2019
80,56;21.09.2019
108,33;22.09.2019
52,58;23.09.2019
103,24;24.09.2019
124,11;25.09.2019
70,67;26.09.2019
88,06;27.09.2019
38,83;28.09.2019
61,06;29.09.2019
95,55;30.09.2019
90,14;01.10.2019
69,65;02.10.2019
46,48;03.10.2019
111,27;04.10.2019
54,15;05.10.2019
38,97;06.10.2019
52,96;07.10.2019
118,78;08.10.2019
82,47;09.10.2019
165,17;10.10.2019
204,32;11.10.2019
103,07;12.10.2019
94,85;13.10.2019
118,48;14.10.2019
108,07;15.10.2019
193,50;16.10.2019
114,77;17.10.2019
106,58;18.10.2019
113,19;19.10.2019
36,48;20.10.2019
93,44;21.10.2019
54,30;22.10.2019
97,06;23.10.2019
116,31;24.10.2019
140,87;25.10.2019
28,69;26.10.2019
7,67;27.10.2019
98,30;28.10.2019
95,01;29.10.2019
113,29;30.10.2019
83,14;31.10.2019
100,66;01.11.2019
60,81;02.11.2019
54,30;03.11.2019
59,24;04.11.2019
77,94;05.11.2019
85,79;06.11.2019
63,62;07.11.2019
98,94;08.11.2019
26,86;09.11.2019
55,61;10.11.2019
92,59;11.11.2019
62,41;12.11.2019
160,15;13.11.2019
85,79;14.11.2019
75,07;15.11.2019
69,26;16.11.2019
73,94;17.11.2019
109,10;18.11.2019
61,17;19.11.2019
101,93;20.11.2019
62,90;21.11.2019
64,28;22.11.2019
37,22;23.11.2019
52,46;24.11.2019
36,63;25.11.2019
70,48;26.11.2019
93,25;27.11.2019
38,01;28.11.2019
108,38;29.11.2019
72,47;30.11.2019
59,46;01.12.2019
77,88;02.12.2019
85,84;03.12.2019
47,66;04.12.2019
103,15;05.12.2019
88,66;06.12.2019
12,23;07.12.2019
37,47;08.12.2019
82,81;09.12.2019
76,31;10.12.2019
97,43;11.12.2019
97,69;12.12.2019
99,63;13.12.2019
48,31;14.12.2019
48,36;15.12.2019
94,93;16.12.2019
82,33;17.12.2019
119,12;18.12.2019
69,01;19.12.2019
49,51;20.12.2019
52,76;21.12.2019
25,42;22.12.2019
34,81;23.12.2019
58,22;24.12.2019
45,38;25.12.2019
44,17;26.12.2019
111,91;27.12.2019
60,94;28.12.2019
36,30;29.12.2019
128,64;30.12.2019
165,35;31.12.2019
114,53;01.01.2020
163,18;02.01.2020
80,79;03.01.2020
229,99;04.01.2020
199,25;05.01.2020
251,99;06.01.2020
413,46;07.01.2020
180,61;08.01.2020
394,46;09.01.2020
167,30;10.01.2020
120,16;11.01.2020
175,73;12.01.2020
152,73;13.01.2020
131,78;14.01.2020
153,53;15.01.2020
145,95;16.01.2020
129,82;17.01.2020
38,82;18.01.2020
93,31;19.01.2020
119,12;20.01.2020
119,33;21.01.2020
77,99;22.01.2020
93,07;23.01.2020
51,96;24.01.2020
33,13;25.01.2020
23,33;26.01.2020
72,01;27.01.2020
99,59;28.01.2020
47,02;29.01.2020
188,07;30.01.2020
73,98;31.01.2020
89,05;01.02.2020
41,15;02.02.2020
107,52;03.02.2020
143,61;04.02.2020
68,35;05.02.2020
90,63;06.02.2020
78,96;07.02.2020
31,17;08.02.2020
31,47;09.02.2020
24,76;10.02.2020
90,26;11.02.2020
62,03;12.02.2020
58,85;13.02.2020
89,18;14.02.2020
53,96;15.02.2020
73,43;16.02.2020
84,65;17.02.2020
83,43;18.02.2020
54,75;19.02.2020
111,31;20.02.2020
103,92;21.02.2020
77,34;22.02.2020
37,90;23.02.2020
80,92;24.02.2020
115,45;25.02.2020
102,60;26.02.2020
63,97;27.02.2020
55,14;28.02.2020
90,32;29.02.2020
53,68;01.03.2020
106,23;02.03.2020
123,04;03.03.2020
144,92;04.03.2020
79,18;05.03.2020
51,33;06.03.2020
64,26;07.03.2020
65,09;08.03.2020
72,80;09.03.2020
71,65;10.03.2020
90,98;11.03.2020
74,84;12.03.2020
68,07;13.03.2020
66,95;14.03.2020
32,08;15.03.2020
34,45;16.03.2020
99,09;17.03.2020
87,61;18.03.2020
89,17;19.03.2020
57,80;20.03.2020
59,94;21.03.2020
79,82;22.03.2020
121,19;23.03.2020
191,01;24.03.2020
53,36;25.03.2020
56,71;26.03.2020
52,13;27.03.2020
67,87;28.03.2020
157,74;29.03.2020
103,52;30.03.2020
89,26;31.03.2020
65,60;01.04.2020
47,59;02.04.2020
84,58;03.04.2020
76,50;04.04.2020
95,14;05.04.2020
99,33;06.04.2020
106,53;07.04.2020
78,21;08.04.2020
60,91;09.04.2020
85,49;10.04.2020
42,93;11.04.2020
42,69;12.04.2020
88,78;13.04.2020
91,17;14.04.2020
89,53;15.04.2020
48,46;16.04.2020
73,51;17.04.2020
43,83;18.04.2020
37,47;19.04.2020
25,88;20.04.2020
54,08;21.04.2020
137,26;22.04.2020
100,94;23.04.2020
45,83;24.04.2020
48,61;25.04.2020
41,00;26.04.2020
49,00;27.04.2020
95,69;28.04.2020
79,46;29.04.2020
56,95;30.04.2020
60,41;01.05.2020
69,96;02.05.2020
26,15;03.05.2020
59,60;04.05.2020
41,64;05.05.2020
80,79;06.05.2020
56,15;07.05.2020
70,48;08.05.2020
24,67;09.05.2020
41,72;10.05.2020
37,91;11.05.2020
39,44;12.05.2020
59,53;13.05.2020
82,13;14.05.2020
45,82;15.05.2020
51,98;16.05.2020
75,48;17.05.2020
135,10;18.05.2020
99,48;19.05.2020
99,69;20.05.2020
73,21;21.05.2020
135,65;22.05.2020
36,33;23.05.2020
17,76;24.05.2020
129,13;25.05.2020
120,36;26.05.2020
23,43;27.05.2020
61,02;28.05.2020
137,45;29.05.2020
84,25;30.05.2020
77,84;31.05.2020
53,90;01.06.2020
83,04;02.06.2020
114,53;03.06.2020
36,15;04.06.2020
109,98;05.06.2020
55,09;06.06.2020
60,86;07.06.2020
65,65;08.06.2020
68,30;09.06.2020
95,69;10.06.2020
87,41;11.06.2020
73,61;12.06.2020
58,86;13.06.2020
26,86;14.06.2020
102,87;15.06.2020
79,20;16.06.2020
151,38;17.06.2020
101,32;18.06.2020
53,82;19.06.2020
82,13;20.06.2020
43,47;21.06.2020
131,45;22.06.2020
56,38;23.06.2020
80,22;24.06.2020
40,78;25.06.2020
44,34;26.06.2020
29,61;27.06.2020
36,30;28.06.2020
48,01;29.06.2020
76,92;30.06.2020
107,85;01.07.2020
23,39;02.07.2020
43,97;03.07.2020
24,46;04.07.2020
57,11;05.07.2020
72,01;06.07.2020
106,17;07.07.2020
68,60;08.07.2020
55,83;09.07.2020
97,43;10.07.2020
21,10;11.07.2020
25,48;12.07.2020
92,73;13.07.2020
93,80;14.07.2020
103,67;15.07.2020
29,49;16.07.2020
38,32;17.07.2020
30,83;18.07.2020
33,46;19.07.2020
87,17;20.07.2020
116,23;21.07.2020
117,13;22.07.2020
78,04;23.07.2020
92,75;24.07.2020
35,73;25.07.2020
39,25;26.07.2020
137,18;27.07.2020
121,65;28.07.2020
80,91;29.07.2020
54,08;30.07.2020
38,62;31.07.2020
26,74;01.08.2020
25,35;02.08.2020
42,17;03.08.2020
48,71;04.08.2020
33,80;05.08.2020
112,37;06.08.2020
43,82;07.08.2020
27,21;08.08.2020
39,44;09.08.2020
40,58;10.08.2020
55,29;11.08.2020
61,83;12.08.2020
88,90;13.08.2020
44,29;14.08.2020
82,19;15.08.2020
64,17;16.08.2020
65,55;17.08.2020
84,10;18.08.2020
46,66;19.08.2020
122,02;20.08.2020
166,30;21.08.2020
55,15;22.08.2020
24,97;23.08.2020
71,24;24.08.2020
85,98;25.08.2020
105,67;26.08.2020
142,09;27.08.2020
64,11;28.08.2020
45,14;29.08.2020
8,39;30.08.2020
88,63;31.08.2020
106,37;01.09.2020
109,21;02.09.2020
94,24;03.09.2020
94,90;04.09.2020
57,11;05.09.2020
28,50;06.09.2020
149,53;07.09.2020
68,60;08.09.2020
47,32;09.09.2020
145,25;10.09.2020
145,95;11.09.2020
55,65;12.09.2020
85,74;13.09.2020
67,31;14.09.2020
115,94;15.09.2020
82,47;16.09.2020
100,08;17.09.2020
86,34;18.09.2020
45,16;19.09.2020
57,25;20.09.2020
52,92;21.09.2020
94,39;22.09.2020
62,17;23.09.2020
64,87;24.09.2020
55,35;25.09.2020
42,05;26.09.2020
62,06;27.09.2020
104,41;28.09.2020
105,16;29.09.2020
104,96;30.09.2020
76,00;01.10.2020
101,93;02.10.2020
44,42;03.10.2020
74,61;04.10.2020
66,92;05.10.2020
85,71;06.10.2020
83,25;07.10.2020
113,65;08.10.2020
81,57;09.10.2020
56,09;10.10.2020
40,90;11.10.2020
67,72;12.10.2020
78,09;13.10.2020
47,69;14.10.2020
107,97;15.10.2020
123,50;16.10.2020
46,21;17.10.2020
49,08;18.10.2020
95,22;19.10.2020
98,67;20.10.2020
72,01;21.10.2020
101,61;22.10.2020
65,73;23.10.2020
66,82;24.10.2020
46,99;25.10.2020
89,93;26.10.2020
130,45;27.10.2020
81,79;28.10.2020
89,64;29.10.2020
80,36;30.10.2020
13,51;31.10.2020
49,87;01.11.2020
56,63;02.11.2020
162,63;03.11.2020
129,57;04.11.2020
69,65;05.11.2020
62,93;06.11.2020
42,18;07.11.2020
44,87;08.11.2020
105,40;09.11.2020
58,59;10.11.2020
97,93;11.11.2020
52,86;12.11.2020
69,19;13.11.2020
33,80;14.11.2020
66,58;15.11.2020
70,60;16.11.2020
45,82;17.11.2020
109,74;18.11.2020
49,04;19.11.2020
94,16;20.11.2020
47,32;21.11.2020
48,83;22.11.2020
36,76;23.11.2020
104,29;24.11.2020
23,36;25.11.2020
69,12;26.11.2020
70,37;27.11.2020
90,85;28.11.2020
101,22;29.11.2020
46,80;30.11.2020
129,66;01.12.2020
92,27;02.12.2020
67,79;03.12.2020
38,67;04.12.2020
48,34;05.12.2020
64,01;06.12.2020
55,04;07.12.2020
78,98;08.12.2020
62,74;09.12.2020
95,42;10.12.2020
42,85;11.12.2020
50,96;12.12.2020
28,13;13.12.2020
29,80;14.12.2020
89,53;15.12.2020
52,51;16.12.2020
93,12;17.12.2020
79,99;18.12.2020
66,18;19.12.2020
8,83;20.12.2020
91,12;21.12.2020
62,68;22.12.2020
68,60;23.12.2020
55,00;24.12.2020
48,24;25.12.2020
51,64;26.12.2020
28,47;27.12.2020
41,41;28.12.2020
69,01;29.12.2020
59,15;30.12.2020
80,79;31.12.2020
65,27;01.01.2021
39,44;02.01.2021
19,04;03.01.2021
99,33;04.01.2021
121,85;05.01.2021
106,57;06.01.2021
54,24;07.01.2021
77,74;08.01.2021
84,59;09.01.2021
70,81;10.01.2021
84,14;11.01.2021
169,88;12.01.2021
66,50;13.01.2021
62,11;14.01.2021
57,97;15.01.2021
72,01;16.01.2021
71,32;17.01.2021
94,49;18.01.2021
66,67;19.01.2021
87,49;20.01.2021
47,44;21.01.2021
93,71;22.01.2021
56,43;23.01.2021
34,06;24.01.2021
140,45;25.01.2021
50,25;26.01.2021
68,84;27.01.2021
112,79;28.01.2021
63,22;29.01.2021
61,92;30.01.2021
23,89;31.01.2021
60,05;01.02.2021
192,34;02.02.2021
69,92;03.02.2021
78,18;04.02.2021
106,44;05.02.2021
63,06;06.02.2021
48,48;07.02.2021
72,80;08.02.2021
61,26;09.02.2021
74,93;10.02.2021
63,46;11.02.2021
73,33;12.02.2021
36,62;13.02.2021
25,29;14.02.2021
61,24;15.02.2021
91,76;16.02.2021
104,37;17.02.2021
33,67;18.02.2021
85,16;19.02.2021
23,76;20.02.2021
37,47;21.02.2021
71,29;22.02.2021
97,43;23.02.2021
77,84;24.02.2021
46,18;25.02.2021
121,14;26.02.2021
81,19;27.02.2021
66,42;28.02.2021
96,30;01.03.2021
137,47;02.03.2021
154,59;03.03.2021
88,44;04.03.2021
88,98;05.03.2021
58,00;06.03.2021
16,28;07.03.2021
60,40;08.03.2021
22,26;09.03.2021
57,34;10.03.2021
70,39;11.03.2021
49,38;12.03.2021
72,59;13.03.2021
43,82;14.03.2021
111,60;15.03.2021
108,84;16.03.2021
93,31;17.03.2021
134,94;18.03.2021
42,85;19.03.2021
29,49;20.03.2021
26,29;21.03.2021
119,16;22.03.2021
99,46;23.03.2021
76,44;24.03.2021
63,78;25.03.2021
69,78;26.03.2021
41,33;27.03.2021
75,63;28.03.2021
123,24;29.03.2021
95,42;30.03.2021
76,35;31.03.2021
67,70;01.04.2021
65,70;02.04.2021
91,82;03.04.2021
23,44;04.04.2021
74,56;05.04.2021
92,79;06.04.2021
113,79;07.04.2021
32,52;08.04.2021
48,01;09.04.2021
32,44;10.04.2021
48,83;11.04.2021
100,38;12.04.2021
95,29;13.04.2021
186,30;14.04.2021
103,26;15.04.2021
95,03;16.04.2021
101,41;17.04.2021
54,82;18.04.2021
110,42;19.04.2021
125,27;20.04.2021
166,30;21.04.2021
113,77;22.04.2021
146,73;23.04.2021
111,82;24.04.2021
16,60;25.04.2021
54,47;26.04.2021
131,65;27.04.2021
50,06;28.04.2021
47,38;29.04.2021
36,40;30.04.2021
56,09;01.05.2021
49,56;02.05.2021
97,43;03.05.2021
93,88;04.05.2021
60,39;05.05.2021
76,31;06.05.2021
55,93;07.05.2021
3,57;08.05.2021
8,32;09.05.2021
49,00;10.05.2021
101,18;11.05.2021
63,30;12.05.2021
140,43;13.05.2021
115,36;14.05.2021
88,29;15.05.2021
49,32;16.05.2021
92,16;17.05.2021
98,59;18.05.2021
158,96;19.05.2021
125,85;20.05.2021
165,85;21.05.2021
68,16;22.05.2021
65,92;23.05.2021
138,41;24.05.2021
170,94;25.05.2021
176,61;26.05.2021
133,34;27.05.2021
140,03;28.05.2021
59,02;29.05.2021
31,10;30.05.2021
57,55;31.05.2021
65,87;01.06.2021
68,73;02.06.2021
60,07;03.06.2021
79,61;04.06.2021
41,49;05.06.2021
47,32;06.06.2021
54,30;07.06.2021
59,73;08.06.2021
93,25;09.06.2021
85,51;10.06.2021
131,48;11.06.2021
47,13;12.06.2021
58,56;13.06.2021
29,36;14.06.2021
73,51;15.06.2021
144,79;16.06.2021
138,02;17.06.2021
84,50;18.06.2021
42,24;19.06.2021
94,64;20.06.2021
94,50;21.06.2021
170,60;22.06.2021
41,51;23.06.2021
76,66;24.06.2021
54,79;25.06.2021
25,45;26.06.2021
8,47;27.06.2021
97,29;28.06.2021
95,69;29.06.2021
43,82;30.06.2021
64,11;01.07.2021
78,98;02.07.2021
46,89;03.07.2021
46,52;04.07.2021
65,99;05.07.2021
63,33;06.07.2021
34,78;07.07.2021
37,86;08.07.2021
32,36;09.07.2021
31,02;10.07.2021
27,30;11.07.2021
69,74;12.07.2021
77,25;13.07.2021
56,22;14.07.2021
104,51;15.07.2021
70,38;16.07.2021
76,57;17.07.2021
32,56;18.07.2021
50,57;19.07.2021
37,43;20.07.2021
49,92;21.07.2021
95,29;22.07.2021
91,79;23.07.2021
65,36;24.07.2021
26,22;25.07.2021
59,15;26.07.2021
79,20;27.07.2021
53,30;28.07.2021
30,92;29.07.2021
80,90;30.07.2021
30,39;31.07.2021
40,69;01.08.2021
111,95;02.08.2021
50,82;03.08.2021
89,99;04.08.2021
99,66;05.08.2021
63,62;06.08.2021
50,91;07.08.2021
18,56;08.08.2021
42,61;09.08.2021
103,37;10.08.2021
71,91;11.08.2021
76,15;12.08.2021
95,29;13.08.2021
11,13;14.08.2021
55,99;15.08.2021
127,20;16.08.2021
157,74;17.08.2021
83,16;18.08.2021
49,64;19.08.2021
68,60;20.08.2021
95,35;21.08.2021
64,41;22.08.2021
189,93;23.08.2021
133,26;24.08.2021
47,53;25.08.2021
114,39;26.08.2021
103,81;27.08.2021
116,29;28.08.2021
81,68;29.08.2021
107,77;30.08.2021
203,01;31.08.2021
80,04;01.09.2021
106,26;02.09.2021
98,69;03.09.2021
52,84;04.09.2021
50,70;05.09.2021
81,71;06.09.2021
117,78;07.09.2021
85,30;08.09.2021
73,61;09.09.2021
65,94;10.09.2021
89,44;11.09.2021
69,01;12.09.2021
104,92;13.09.2021
69,79;14.09.2021
65,97;15.09.2021
119,12;16.09.2021
151,91;17.09.2021
103,52;18.09.2021
41,00;19.09.2021
59,96;20.09.2021
84,71;21.09.2021
54,23;22.09.2021
68,83;23.09.2021
92,75;24.09.2021
36,15;25.09.2021
33,21;26.09.2021
57,03;27.09.2021
96,16;28.09.2021
59,40;29.09.2021
102,68;30.09.2021
68,04;01.10.2021
57,64;02.10.2021
43,25;03.10.2021
65,81;04.10.2021
171,90;05.10.2021
56,07;06.10.2021
121,31;07.10.2021
94,40;08.10.2021
37,86;09.10.2021
26,15;10.10.2021
50,81;11.10.2021
81,57;12.10.2021
94,01;13.10.2021
55,36;14.10.2021
107,15;15.10.2021
27,15;16.10.2021
35,05;17.10.2021
126,71;18.10.2021
133,84;19.10.2021
76,41;20.10.2021
94,01;21.10.2021
86,04;22.10.2021
62,44;23.10.2021
49,44;24.10.2021
79,63;25.10.2021
144,65;26.10.2021
102,93;27.10.2021
96,13;28.10.2021
55,78;29.10.2021
49,84;30.10.2021
66,92;31.10.2021
124,33;01.11.2021
62,87;02.11.2021
73,81;03.11.2021
122,69;04.11.2021
76,94;05.11.2021
28,16;06.11.2021
46,44;07.11.2021
46,37;08.11.2021
84,58;09.11.2021
135,30;10.11.2021
83,04;11.11.2021
101,22;12.11.2021
63,28;13.11.2021
51,49;14.11.2021
141,16;15.11.2021
122,86;16.11.2021
126,07;17.11.2021
158,17;18.11.2021
108,76;19.11.2021
43,90;20.11.2021
34,06;21.11.2021
128,99;22.11.2021
80,91;23.11.2021
87,69;24.11.2021
118,10;25.11.2021
58,98;26.11.2021
57,11;27.11.2021
35,52;28.11.2021
60,78;29.11.2021
92,79;30.11.2021
86,94;01.12.2021
93,12;02.12.2021
106,17;03.12.2021
73,32;04.12.2021
86,76;05.12.2021
120,54;06.12.2021
202,43;07.12.2021
145,56;08.12.2021
104,56;09.12.2021
164,98;10.12.2021
95,62;11.12.2021
76,44;12.12.2021
110,42;13.12.2021
129,90;14.12.2021
72,01;15.12.2021
136,25;16.12.2021
95,44;17.12.2021
86,99;18.12.2021
61,02;19.12.2021
53,09;20.12.2021
101,41;21.12.2021
141,34;22.12.2021
135,31;23.12.2021
135,72;24.12.2021
43,88;25.12.2021
43,73;26.12.2021
78,87;27.12.2021
58,89;28.12.2021
37,89;29.12.2021
147,23;30.12.2021
76,59;31.12.2021
63,10;01.01.2022
37,86;02.01.2022
52,34;03.01.2022
88,96;04.01.2022
96,48;05.01.2022
70,01;06.01.2022
118,96;07.01.2022
38,28;08.01.2022
63,70;09.01.2022
130,01;10.01.2022
188,91;11.01.2022
78,21;12.01.2022
170,65;13.01.2022
133,57;14.01.2022
71,06;15.01.2022
46,01;16.01.2022
109,27;17.01.2022
138,82;18.01.2022
153,56;19.01.2022
136,37;20.01.2022
185,75;21.01.2022
145,81;22.01.2022
106,86;23.01.2022
185,80;24.01.2022
291,58;25.01.2022
260,34;26.01.2022
265,01;27.01.2022
182,23;28.01.2022
217,44;29.01.2022
63,53;30.01.2022
142,99;31.01.2022
190,59;01.02.2022
250,32;02.02.2022
176,29;03.02.2022
92,57;04.02.2022
47,57;05.02.2022
78,25;06.02.2022
195,15;07.02.2022
158,39;08.02.2022
117,18;09.02.2022
108,54;10.02.2022
179,28;11.02.2022
131,99;12.02.2022
118,00;13.02.2022
191,89;14.02.2022
229,06;15.02.2022
223,47;16.02.2022
228,45;17.02.2022
226,35;18.02.2022
140,16;19.02.2022
83,28;20.02.2022
152,37;21.02.2022
279,43;22.02.2022
431,02;23.02.2022
370,70;24.02.2022
515,89;25.02.2022
398,59;26.02.2022
202,09;27.02.2022
452,62;28.02.2022
540,83;01.03.2022
523,52;02.03.2022
436,82;03.03.2022
350,07;04.03.2022
322,36;05.03.2022
197,62;06.03.2022
362,31;07.03.2022
352,11;08.03.2022
295,31;09.03.2022
352,40;10.03.2022
410,33;11.03.2022
298,71;12.03.2022
181,01;13.03.2022
350,11;14.03.2022
311,88;15.03.2022
473,22;16.03.2022
290,33;17.03.2022
285,32;18.03.2022
175,89;19.03.2022
130,76;20.03.2022
227,74;21.03.2022
244,84;22.03.2022
267,47;23.03.2022
317,01;24.03.2022
350,74;25.03.2022
275,09;26.03.2022
189,29;27.03.2022
281,92;28.03.2022
233,36;29.03.2022
233,51;30.03.2022
254,81;31.03.2022
188,16;01.04.2022
188,16;02.04.2022
239,78;03.04.2022
163,02;04.04.2022
212,42;05.04.2022
175,75;06.04.2022
243,42;07.04.2022
219,48;08.04.2022
178,67;09.04.2022
148,98;10.04.2022
195,23;11.04.2022
226,25;12.04.2022
258,88;13.04.2022
265,66;14.04.2022
168,44;15.04.2022
166,67;16.04.2022
151,43;17.04.2022
218,63;18.04.2022
213,52;19.04.2022
189,61;20.04.2022
128,26;21.04.2022
246,80;22.04.2022
134,42;23.04.2022
50,45;24.04.2022
246,90;25.04.2022
160,54;26.04.2022
186,70;27.04.2022
176,38;28.04.2022
148,94;29.04.2022
168,44;30.04.2022
66,92;01.05.2022
96,67;02.05.2022
157,47;03.05.2022
163,45;04.05.2022
144,70;05.05.2022
174,07;06.05.2022
97,72;07.05.2022
98,48;08.05.2022
150,87;09.05.2022
143,25;10.05.2022
176,38;11.05.2022
158,26;12.05.2022
162,08;13.05.2022
83,80;14.05.2022
77,84;15.05.2022
168,75;16.05.2022
174,62;17.05.2022
165,90;18.05.2022
162,38;19.05.2022
140,96;20.05.2022
124,22;21.05.2022
75,10;22.05.2022
150,31;23.05.2022
222,36;24.05.2022
155,10;25.05.2022
134,57;26.05.2022
155,52;27.05.2022
118,48;28.05.2022
76,05;29.05.2022
115,82;30.05.2022
190,31;31.05.2022
168,34;01.06.2022
142,59;02.06.2022
142,78;03.06.2022
102,87;04.06.2022
70,29;05.06.2022
190,13;06.06.2022
139,03;07.06.2022
152,37;08.06.2022
115,55;09.06.2022
94,35;10.06.2022
103,96;11.06.2022
83,74;12.06.2022
147,23;13.06.2022
136,37;14.06.2022
110,05;15.06.2022
132,28;16.06.2022
114,05;17.06.2022
98,12;18.06.2022
56,46;19.06.2022
115,72;20.06.2022
116,77;21.06.2022
121,32;22.06.2022
143,56;23.06.2022
149,36;24.06.2022
123,24;25.06.2022
75,86;26.06.2022
132,00;27.06.2022
200,76;28.06.2022
181,89;29.06.2022
173,21;30.06.2022
119,08;01.07.2022
60,23;02.07.2022
30,21;03.07.2022
80,44;04.07.2022
109,65;05.07.2022
138,99;06.07.2022
88,63;07.07.2022
110,42;08.07.2022
70,48;09.07.2022
38,52;10.07.2022
112,85;11.07.2022
113,64;12.07.2022
182,87;13.07.2022
165,35;14.07.2022
192,03;15.07.2022
102,60;16.07.2022
107,43;17.07.2022
128,71;18.07.2022
151,08;19.07.2022
149,56;20.07.2022
117,51;21.07.2022
125,48;22.07.2022
109,92;23.07.2022
89,26;24.07.2022
109,56;25.07.2022
160,86;26.07.2022
145,54;27.07.2022
106,68;28.07.2022
68,25;29.07.2022
119,98;30.07.2022
125,18;31.07.2022
130,93;01.08.2022
204,48;02.08.2022
210,23;03.08.2022
212,05;04.08.2022
163,93;05.08.2022
138,23;06.08.2022
111,04;07.08.2022
149,10;08.08.2022
212,57;09.08.2022
80,65;10.08.2022
130,27;11.08.2022
182,54;12.08.2022
112,02;13.08.2022
120,09;14.08.2022
110,42;15.08.2022
96,54;16.08.2022
156,09;17.08.2022
100,74;18.08.2022
117,68;19.08.2022
81,54;20.08.2022
122,69;21.08.2022
101,73;22.08.2022
145,34;23.08.2022
102,45;24.08.2022
149,12;25.08.2022
108,25;26.08.2022
81,79;27.08.2022
103,81;28.08.2022
120,46;29.08.2022
115,27;30.08.2022
97,75;31.08.2022
187,71;01.09.2022
84,13;02.09.2022
117,78;03.09.2022
65,92;04.09.2022
83,96;05.09.2022
119,16;06.09.2022
124,29;07.09.2022
99,43;08.09.2022
94,33;09.09.2022
81,92;10.09.2022
66,75;11.09.2022
111,96;12.09.2022
132,26;13.09.2022
202,93;14.09.2022
95,61;15.09.2022
127,41;16.09.2022
119,16;17.09.2022
71,24;18.09.2022
122,18;19.09.2022
109,77;20.09.2022
189,75;21.09.2022
225,86;22.09.2022
187,80;23.09.2022
108,02;24.09.2022
71,05;25.09.2022
163,02;26.09.2022
155,89;27.09.2022
202,59;28.09.2022
156,94;29.09.2022
162,74;30.09.2022
154,97;01.10.2022
120,60;02.10.2022
123,90;03.10.2022
164,21;04.10.2022
171,15;05.10.2022
202,70;06.10.2022
144,24;07.10.2022
132,69;08.10.2022
97,95;09.10.2022
193,34;10.10.2022
228,25;11.10.2022
181,95;12.10.2022
133,84;13.10.2022
147,23;14.10.2022
92,42;15.10.2022
64,23;16.10.2022
171,67;17.10.2022
128,98;18.10.2022
160,19;19.10.2022
159,92;20.10.2022
174,35;21.10.2022
108,38;22.10.2022
52,30;23.10.2022
93,58;24.10.2022
139,72;25.10.2022
133,39;26.10.2022
180,49;27.10.2022
203,69;28.10.2022
81,26;29.10.2022
51,76;30.10.2022
113,79;31.10.2022
136,88;01.11.2022
150,82;02.11.2022
186,55;03.11.2022
115,89;04.11.2022
95,82;05.11.2022
101,15;06.11.2022
139,72;07.11.2022
225,74;08.11.2022
137,41;09.11.2022
98,15;10.11.2022
111,09;11.11.2022
47,66;12.11.2022
46,01;13.11.2022
188,93;14.11.2022
196,51;15.11.2022
170,58;16.11.2022
153,21;17.11.2022
77,71;18.11.2022
81,97;19.11.2022
60,39;20.11.2022
107,63;21.11.2022
105,25;22.11.2022
105,60;23.11.2022
46,47;24.11.2022
80,51;25.11.2022
94,33;26.11.2022
85,42;27.11.2022
88,00;28.11.2022
100,55;29.11.2022
81,59;30.11.2022
65,95;01.12.2022
109,10;02.12.2022
106,41;03.12.2022
51,62;04.12.2022
98,97;05.12.2022
139,10;06.12.2022
127,41;07.12.2022
140,96;08.12.2022
117,31;09.12.2022
46,73;10.12.2022
18,45;11.12.2022
158,37;12.12.2022
152,63;13.12.2022
133,39;14.12.2022
73,61;15.12.2022
98,80;16.12.2022
74,72;17.12.2022
49,74;18.12.2022
171,46;19.12.2022
132,74;20.12.2022
169,54;21.12.2022
159,00;22.12.2022
114,93;23.12.2022
80,79;24.12.2022
74,16;25.12.2022
64,70;26.12.2022
146,82;27.12.2022
151,89;28.12.2022
116,49;29.12.2022
150,23;30.12.2022
74,58;31.12.2022
34,63;01.01.2023
117,05;02.01.2023
198,45;03.01.2023
94,29;04.01.2023
100,74;05.01.2023
88,73;06.01.2023
88,86;07.01.2023
29,23;08.01.2023
86,13;09.01.2023
114,62;10.01.2023
129,44;11.01.2023
114,45;12.01.2023
103,70;13.01.2023
95,40;14.01.2023
42,61;15.01.2023
107,10;16.01.2023
127,41;17.01.2023
76,78;18.01.2023
115,06;19.01.2023
152,37;20.01.2023
126,19;21.01.2023
41,54;22.01.2023
87,71;23.01.2023
89,98;24.01.2023
110,61;25.01.2023
71,49;26.01.2023
120,77;27.01.2023
82,94;28.01.2023
55,21;29.01.2023
155,17;30.01.2023
148,32;31.01.2023
108,70;01.02.2023
130,60;02.02.2023
116,33;03.02.2023
119,19;04.02.2023
83,86;05.02.2023
112,53;06.02.2023
138,02;07.02.2023
134,98;08.02.2023
169,59;09.02.2023
147,88;10.02.2023
98,81;11.02.2023
75,78;12.02.2023
110,42;13.02.2023
82,67;14.02.2023
119,27;15.02.2023
134,75;16.02.2023
106,10;17.02.2023
86,77;18.02.2023
115,22;19.02.2023
146,03;20.02.2023
174,98;21.02.2023
150,31;22.02.2023
127,87;23.02.2023
110,97;24.02.2023
84,05;25.02.2023
67,60;26.02.2023
125,63;27.02.2023
146,95;28.02.2023
92,77;01.03.2023
121,40;02.03.2023
154,63;03.03.2023
101,26;04.03.2023
60,05;05.03.2023
106,86;06.03.2023
161,43;07.03.2023
125,93;08.03.2023
147,48;09.03.2023
113,44;10.03.2023
84,22;11.03.2023
77,71;12.03.2023
144,30;13.03.2023
117,31;14.03.2023
101,75;15.03.2023
112,81;16.03.2023
85,23;17.03.2023
87,94;18.03.2023
32,06;19.03.2023
94,07;20.03.2023
129,90;21.03.2023
114,43;22.03.2023
100,57;23.03.2023
72,62;24.03.2023
101,61;25.03.2023
31,65;26.03.2023
120,95;27.03.2023
76,76;28.03.2023
79,96;29.03.2023
129,30;30.03.2023
90,45;31.03.2023
52,35;01.04.2023
43,59;02.04.2023
84,60;03.04.2023
119,43;04.04.2023
117,88;05.04.2023
173,69;06.04.2023
169,01;07.04.2023
64,85;08.04.2023
44,02;09.04.2023
142,78;10.04.2023
92,75;11.04.2023
119,43;12.04.2023
126,19;13.04.2023
119,80;14.04.2023
87,31;15.04.2023
42,06;16.04.2023
91,62;17.04.2023
106,86;18.04.2023
158,03;19.04.2023
95,67;20.04.2023
140,05;21.04.2023
70,80;22.04.2023
56,46;23.04.2023
159,47;24.04.2023
180,23;25.04.2023
105,35;26.04.2023
117,88;27.04.2023
117,88;28.04.2023
63,05;29.04.2023
71,35;30.04.2023
104,61;01.05.2023
77,04;02.05.2023
149,53;03.05.2023
118,08;04.05.2023
69,74;05.05.2023
91,45;06.05.2023
42,61;07.05.2023
51,76;08.05.2023
116,35;09.05.2023
118,52;10.05.2023
137,28;11.05.2023
146,22;12.05.2023
88,82;13.05.2023
74,02;14.05.2023
135,87;15.05.2023
137,53;16.05.2023
89,38;17.05.2023
125,22;18.05.2023
160,85;19.05.2023
98,44;20.05.2023
60,23;21.05.2023
78,25;22.05.2023
183,69;23.05.2023
115,22;24.05.2023
106,29;25.05.2023
61,34;26.05.2023
85,71;27.05.2023
36,50;28.05.2023
44,97;29.05.2023
111,29;30.05.2023
219,58;31.05.2023
182,40;01.06.2023
129,57;02.06.2023
119,01;03.06.2023
38,19;04.06.2023
107,09;05.06.2023
133,47;06.06.2023
142,29;07.06.2023
78,74;08.06.2023
96,33;09.06.2023
97,14;10.06.2023
81,29;11.06.2023
65,73;12.06.2023
77,17;13.06.2023
72,13;14.06.2023
158,32;15.06.2023
111,43;16.06.2023
93,10;17.06.2023
84,70;18.06.2023
107,78;19.06.2023
142,78;20.06.2023
127,87;21.06.2023
154,50;22.06.2023
46,41;23.06.2023
105,08;24.06.2023
125,18;25.06.2023
169,51;26.06.2023
118,31;27.06.2023
82,54;28.06.2023
120,90;29.06.2023
102,67;30.06.2023
103,03;01.07.2023
69,43;02.07.2023
45,38;03.07.2023
109,93;04.07.2023
89,85;05.07.2023
172,66;06.07.2023
120,56;07.07.2023
58,68;08.07.2023
75,93;09.07.2023
138,30;10.07.2023
141,35;11.07.2023
203,19;12.07.2023
80,51;13.07.2023
151,37;14.07.2023
65,75;15.07.2023
30,58;16.07.2023
110,85;17.07.2023
151,43;18.07.2023
188,83;19.07.2023
127,64;20.07.2023
112,39;21.07.2023
36,52;22.07.2023
49,44;23.07.2023
143,43;24.07.2023
61,72;25.07.2023
84,08;26.07.2023
132,50;27.07.2023
130,33;28.07.2023
71,89;29.07.2023
10,07;30.07.2023
154,40;31.07.2023
116,91;01.08.2023
132,76;02.08.2023
88,73;03.08.2023
119,37;04.08.2023
97,43;05.08.2023
30,18;06.08.2023
117,57;07.08.2023
108,30;08.08.2023
105,72;09.08.2023
131,01;10.08.2023
142,36;11.08.2023
119,27;12.08.2023
60,70;13.08.2023
114,97;14.08.2023
114,64;15.08.2023
100,02;16.08.2023
116,03;17.08.2023
77,42;18.08.2023
114,05;19.08.2023
43,70;20.08.2023
97,22;21.08.2023
81,10;22.08.2023
126,71;23.08.2023
61,57;24.08.2023
40,26;25.08.2023
85,98;26.08.2023
41,93;27.08.2023
75,44;28.08.2023
115,63;29.08.2023
163,30;30.08.2023
117,42;31.08.2023
73,49;01.09.2023
58,98;02.09.2023
16,36;03.09.2023
100,62;04.09.2023
121,79;05.09.2023
76,63;06.09.2023
80,34;07.09.2023
80,14;08.09.2023
44,43;09.09.2023
16,60;10.09.2023
93,50;11.09.2023
164,97;12.09.2023
134,78;13.09.2023
119,94;14.09.2023
106,68;15.09.2023
79,46;16.09.2023
64,32;17.09.2023
114,69;18.09.2023
207,42;19.09.2023
190,11;20.09.2023
162,91;21.09.2023
131,63;22.09.2023
70,02;23.09.2023
66,42;24.09.2023
109,96;25.09.2023
81,25;26.09.2023
101,47;27.09.2023
64,38;28.09.2023
86,41;29.09.2023
82,56;30.09.2023
38,97;01.10.2023
63,46;02.10.2023
107,05;03.10.2023
61,24;04.10.2023
54,30;05.10.2023
161,31;06.10.2023
54,14;07.10.2023
75,67;08.10.2023
227,07;09.10.2023
259,08;10.10.2023
265,93;11.10.2023
218,01;12.10.2023
287,31;13.10.2023
216,04;14.10.2023
154,47;15.10.2023
290,34;16.10.2023
274,52;17.10.2023
333,01;18.10.2023
338,85;19.10.2023
298,63;20.10.2023
251,52;21.10.2023
105,16;22.10.2023
312,77;23.10.2023
250,01;24.10.2023
208,09;25.10.2023
168,44;26.10.2023
251,86;27.10.2023
173,54;28.10.2023
133,13;29.10.2023
205,43;30.10.2023
172,08;31.10.2023
251,73;01.11.2023
219,58;02.11.2023
174,92;03.11.2023
157,24;04.11.2023
92,95;05.11.2023
182,90;06.11.2023
140,21;07.11.2023
132,50;08.11.2023
201,48;09.11.2023
180,98;10.11.2023
161,46;11.11.2023
128,39;12.11.2023
131,05;13.11.2023
148,23;14.11.2023
130,60;15.11.2023
170,86;16.11.2023
149,48;17.11.2023
111,66;18.11.2023
101,56;19.11.2023
204,90;20.11.2023
96,48;21.11.2023
191,44;22.11.2023
175,45;23.11.2023
152,79;24.11.2023
125,11;25.11.2023
87,87;26.11.2023
166,35;27.11.2023
184,38;28.11.2023
88,78;29.11.2023
178,90;30.11.2023
94,81;01.12.2023
122,12;02.12.2023
110,70;03.12.2023
194,86;04.12.2023
89,69;05.12.2023
131,24;06.12.2023
194,16;07.12.2023
153,52;08.12.2023
106,34;09.12.2023
124,12;10.12.2023
153,77;11.12.2023
167,42;12.12.2023
192,79;13.12.2023
148,68;14.12.2023
169,26;15.12.2023
104,33;16.12.2023
90,89;17.12.2023
144,02;18.12.2023
187,76;19.12.2023
143,77;20.12.2023
114,02;21.12.2023
89,37;22.12.2023
150,30;23.12.2023
52,92;24.12.2023
136,40;25.12.2023
139,57;26.12.2023
180,18;27.12.2023
122,69;28.12.2023
221,28;29.12.2023
190,98;30.12.2023
110,09;31.12.2023
167,60;01.01.2024
131,12;02.01.2024
149,39;03.01.2024
180,69;04.01.2024
167,49;05.01.2024
131,24;06.01.2024
89,05;07.01.2024
106,63;08.01.2024
241,27;09.01.2024
118,10;10.01.2024
165,31;11.01.2024
210,59;12.01.2024
160,03;13.01.2024
107,43;14.01.2024
106,40;15.01.2024
193,39;16.01.2024
176,20;17.01.2024
167,49;18.01.2024
207,41;19.01.2024
83,86;20.01.2024
70,11;21.01.2024
186,62;22.01.2024
169,07;23.01.2024
159,14;24.01.2024
202,29;25.01.2024
141,32;26.01.2024
178,92;27.01.2024
152,74;28.01.2024
140,53;29.01.2024
206,28;30.01.2024
205,61;31.01.2024
147,50;01.02.2024
171,52;02.02.2024
96,80;03.02.2024
85,67;04.02.2024
125,88;05.02.2024
118,75;06.02.2024
100,38;07.02.2024
116,23;08.02.2024
194,53;09.02.2024
98,50;10.02.2024
86,26;11.02.2024
156,39;12.02.2024
187,86;13.02.2024
135,81;14.02.2024
214,81;15.02.2024
160,93;16.02.2024
87,03;17.02.2024
80,79;18.02.2024
167,82;19.02.2024
170,21;20.02.2024
193,75;21.02.2024
219,58;22.02.2024
167,07;23.02.2024
111,12;24.02.2024
87,17;25.02.2024
200,97;26.02.2024
166,86;27.02.2024
177,46;28.02.2024
153,25;29.02.2024
155,18;01.03.2024
82,69;02.03.2024
82,36;03.03.2024
170,75;04.03.2024
83,46;05.03.2024
108,02;06.03.2024
122,23;07.03.2024
183,72;08.03.2024
89,67;09.03.2024
98,22;10.03.2024
155,81;11.03.2024
199,55;12.03.2024
149,75;13.03.2024
187,15;14.03.2024
138,02;15.03.2024
126,56;16.03.2024
69,19;17.03.2024
147,65;18.03.2024
183,30;19.03.2024
116,03;20.03.2024
130,51;21.03.2024
125,00;22.03.2024
107,03;23.03.2024
69,01;24.03.2024
187,99;25.03.2024
165,63;26.03.2024
126,74;27.03.2024
99,63;28.03.2024
126,19;29.03.2024
161,59;30.03.2024
119,95;31.03.2024
123,22;01.04.2024
197,96;02.04.2024
181,87;03.04.2024
160,98;04.04.2024
142,05;05.04.2024
130,30;06.04.2024
69,74;07.04.2024
126,33;08.04.2024
171,76;09.04.2024
208,52;10.04.2024
123,34;11.04.2024
161,33;12.04.2024
130,12;13.04.2024
137,64;14.04.2024
230,79;15.04.2024
340,54;16.04.2024
227,50;17.04.2024
155,67;18.04.2024
208,12;19.04.2024
134,36;20.04.2024
70,48;21.04.2024
162,91;22.04.2024
148,32;23.04.2024
139,23;24.04.2024
172,40;25.04.2024
150,83;26.04.2024
154,33;27.04.2024
106,33;28.04.2024
191,11;29.04.2024
167,80;30.04.2024
130,76;01.05.2024
137,77;02.05.2024
110,42;03.05.2024
86,46;04.05.2024
68,83;05.05.2024
93,62;06.05.2024
176,27;07.05.2024
163,58;08.05.2024
145,40;09.05.2024
185,28;10.05.2024
106,00;11.05.2024
54,01;12.05.2024
177,11;13.05.2024
154,67;14.05.2024
129,21;15.05.2024
124,90;16.05.2024
181,66;17.05.2024
110,92;18.05.2024
98,48;19.05.2024
135,08;20.05.2024
165,28;21.05.2024
140,05;22.05.2024
101,83;23.05.2024
116,64;24.05.2024
91,42;25.05.2024
121,31;26.05.2024
145,43;27.05.2024
143,46;28.05.2024
135,44;29.05.2024
93,58;30.05.2024
156,50;31.05.2024
121,19;01.06.2024
90,02;02.06.2024
111,11;03.06.2024
110,21;04.06.2024
119,32;05.06.2024
122,01;06.06.2024
122,69;07.06.2024
66,66;08.06.2024
92,95;09.06.2024
107,29;10.06.2024
121,79;11.06.2024
117,68;12.06.2024
133,47;13.06.2024
90,14;14.06.2024
109,90;15.06.2024
102,35;16.06.2024
120,95;17.06.2024
142,94;18.06.2024
114,89;19.06.2024
177,01;20.06.2024
128,30;21.06.2024
64,95;22.06.2024
85,16;23.06.2024
212,61;24.06.2024
109,99;25.06.2024
128,58;26.06.2024
120,68;27.06.2024
121,46;28.06.2024
42,54;29.06.2024
46,92;30.06.2024
71,45;01.07.2024
79,60;02.07.2024
107,82;03.07.2024
90,28;04.07.2024
73,11;05.07.2024
87,63;06.07.2024
94,92;07.07.2024
89,18;08.07.2024
90,05;09.07.2024
124,67;10.07.2024
127,85;11.07.2024
86,32;12.07.2024
31,75;13.07.2024
45,01;14.07.2024
67,88;15.07.2024
68,24;16.07.2024
105,26;17.07.2024
133,52;18.07.2024
143,77;19.07.2024
79,50;20.07.2024
81,29;21.07.2024
130,04;22.07.2024
36,47;23.07.2024
78,87;24.07.2024
91,54;25.07.2024
95,77;26.07.2024
81,65;27.07.2024
105,16;28.07.2024
124,38;29.07.2024
107,07;30.07.2024
112,86;31.07.2024
133,20;01.08.2024
191,22;02.08.2024
92,18;03.08.2024
76,25;04.08.2024
187,00;05.08.2024
131,50;06.08.2024
172,72;07.08.2024
174,67;08.08.2024
151,34;09.08.2024
122,04;10.08.2024
61,83;11.08.2024
118,31;12.08.2024
151,60;13.08.2024
175,77;14.08.2024
139,61;15.08.2024
118,94;16.08.2024
137,03;17.08.2024
75,07;18.08.2024
136,53;19.08.2024
151,47;20.08.2024
140,69;21.08.2024
184,37;22.08.2024
143,76;23.08.2024
87,32;24.08.2024
110,73;25.08.2024
176,03;26.08.2024
174,35;27.08.2024
156,19;28.08.2024
132,50;29.08.2024
166,55;30.08.2024
124,58;31.08.2024
113,67;01.09.2024
145,51;02.09.2024
171,23;03.09.2024
180,32;04.09.2024
141,97;05.09.2024
100,38;06.09.2024
90,48;07.09.2024
122,36;08.09.2024
146,76;09.09.2024
97,61;10.09.2024
212,91;11.09.2024
103,11;12.09.2024
185,64;13.09.2024
100,38;14.09.2024
55,87;15.09.2024
88,97;16.09.2024
100,79;17.09.2024
122,01;18.09.2024
93,75;19.09.2024
175,54;20.09.2024
90,29;21.09.2024
8,95;22.09.2024
158,10;23.09.2024
161,12;24.09.2024
175,30;25.09.2024
240,48;26.09.2024
134,85;27.09.2024
66,58;28.09.2024
102,35;29.09.2024
160,49;30.09.2024
135,87;01.10.2024
178,71;02.10.2024
237,06;03.10.2024
144,28;04.10.2024
72,58;05.10.2024
89,29;06.10.2024
80,63;07.10.2024
98,59;08.10.2024
137,03;09.10.2024
119,59;10.10.2024
157,45;11.10.2024
96,02;12.10.2024
52,17;13.10.2024
151,47;14.10.2024
125,71;15.10.2024
117,64;16.10.2024
104,24;17.10.2024
124,89;18.10.2024
72,25;19.10.2024
77,84;20.10.2024
119,06;21.10.2024
214,15;22.10.2024
215,39;23.10.2024
136,47;24.10.2024
170,03;25.10.2024
114,06;26.10.2024
93,91;27.10.2024
145,17;28.10.2024
160,80;29.10.2024
133,96;30.10.2024
133,90;31.10.2024
131,07;01.11.2024
79,76;02.11.2024
101,41;03.11.2024
114,69;04.11.2024
57,44;05.11.2024
120,14;06.11.2024
98,80;07.11.2024
108,89;08.11.2024
77,40;09.11.2024
54,01;10.11.2024
154,23;11.11.2024
106,86;12.11.2024
116,55;13.11.2024
58,63;14.11.2024
97,59;15.11.2024
97,27;16.11.2024
33,89;17.11.2024
253,14;18.11.2024
197,48;19.11.2024
195,19;20.11.2024
193,79;21.11.2024
102,10;22.11.2024
183,45;23.11.2024
85,60;24.11.2024
123,71;25.11.2024
169,26;26.11.2024
199,63;27.11.2024
176,28;28.11.2024
226,97;29.11.2024
105,60;30.11.2024
184,54;01.12.2024
197,00;02.12.2024
164,99;03.12.2024
136,60;04.12.2024
127,66;05.12.2024
150,85;06.12.2024
151,06;07.12.2024
68,65;08.12.2024
170,97;09.12.2024
194,50;10.12.2024
153,94;11.12.2024
233,83;12.12.2024
191,36;13.12.2024
101,75;14.12.2024
64,41;15.12.2024
194,04;16.12.2024
133,30;17.12.2024
182,29;18.12.2024
152,59;19.12.2024
128,64;20.12.2024
89,21;21.12.2024
37,22;22.12.2024
146,57;23.12.2024
143,37;24.12.2024
120,14;25.12.2024
132,86;26.12.2024
168,56;27.12.2024
106,21;28.12.2024
79,41;29.12.2024
108,20;30.12.2024
63,40;31.12.2024
112,81;01.01.2025
198,48;02.01.2025
137,50;03.01.2025
69,86;04.01.2025
48,15;05.01.2025
98,32;06.01.2025
117,64;07.01.2025
70,21;08.01.2025
123,14;09.01.2025
65,54;10.01.2025
71,65;11.01.2025
81,90;12.01.2025
106,86;13.01.2025
147,37;14.01.2025
147,09;15.01.2025
92,82;16.01.2025
88,34;17.01.2025
77,16;18.01.2025
68,30;19.01.2025
151,89;20.01.2025
50,10;21.01.2025
157,46;22.01.2025
126,48;23.01.2025
148,64;24.01.2025
84,67;25.01.2025
128,06;26.01.2025
209,14;27.01.2025
163,21;28.01.2025
105,26;29.01.2025
120,68;30.01.2025
109,84;31.01.2025
65,25;01.02.2025
62,00;02.02.2025
146,05;03.02.2025
141,46;04.02.2025
135,57;05.02.2025
162,32;06.02.2025
124,44;07.02.2025
131,89;08.02.2025
0,00;09.02.2025
121,01;10.02.2025
119,80;11.02.2025
95,37;12.02.2025
167,42;13.02.2025
119,53;14.02.2025
108,19;15.02.2025
86,55;16.02.2025
156,25;17.02.2025
217,61;18.02.2025
166,24;19.02.2025
265,49;20.02.2025
181,82;21.02.2025
124,81;22.02.2025
96,91;23.02.2025
144,02;24.02.2025
165,32;25.02.2025
162,38;26.02.2025
143,77;27.02.2025
122,69;28.02.2025
119,86;01.03.2025
83,74;02.03.2025
154,23;03.03.2025
253,45;04.03.2025
180,47;05.03.2025
229,88;06.03.2025
179,53;07.03.2025
195,74;08.03.2025
105,72;09.03.2025
238,45;10.03.2025
221,64;11.03.2025
218,23;12.03.2025
254,81;13.03.2025
223,68;14.03.2025
108,86;15.03.2025
92,95;16.03.2025
155,96;17.03.2025
201,12;18.03.2025
275,09;19.03.2025
246,20;20.03.2025
158,82;21.03.2025
110,77;22.03.2025
96,91;23.03.2025
141,51;24.03.2025
139,72;25.03.2025
155,46;26.03.2025
155,95;27.03.2025
156,46;28.03.2025
132,29;29.03.2025
55,06;30.03.2025
188,36;31.03.2025
90,91;01.04.2025
115,75;02.04.2025
97,94;03.04.2025
176,97;04.04.2025
148,77;05.04.2025
115,76;06.04.2025
125,71;07.04.2025
128,11;08.04.2025
189,45;09.04.2025
166,20;10.04.2025
134,75;11.04.2025
93,66;12.04.2025
91,55;13.04.2025
168,12;14.04.2025
141,71;15.04.2025
156,31;16.04.2025
122,46;17.04.2025
187,73;18.04.2025
117,39;19.04.2025
170,10;20.04.2025
158,40;21.04.2025
133,23;22.04.2025
146,83;23.04.2025
179,21;24.04.2025
190,11;25.04.2025
123,45;26.04.2025
154,07;27.04.2025
113,79;28.04.2025
127,87;29.04.2025
140,21;30.04.2025
105,35;01.05.2025
181,07;02.05.2025
85,18;03.05.2025
95,39;04.05.2025
213,92;05.05.2025
214,70;06.05.2025
250,21;07.05.2025
246,39;08.05.2025
150,08;09.05.2025
116,98;10.05.2025
104,52;11.05.2025
200,17;12.05.2025
150,03;13.05.2025
145,08;14.05.2025
213,53;15.05.2025
206,70;16.05.2025
142,74;17.05.2025
137,70;18.05.2025
231,88;19.05.2025
167,24;20.05.2025
222,44;21.05.2025
205,25;22.05.2025
103,69;23.05.2025
89,67;24.05.2025
142,21;25.05.2025
180,83;26.05.2025
203,35;27.05.2025
228,04;28.05.2025
169,43;29.05.2025
185,32;30.05.2025
54,93;31.05.2025
161,38;01.06.2025
247,21;02.06.2025
205,09;03.06.2025
197,03;04.06.2025
245,16;05.06.2025
137,79;06.06.2025
109,03;07.06.2025
102,72;08.06.2025
145,34;09.06.2025
188,47;10.06.2025
177,36;11.06.2025
168,15;12.06.2025
166,78;13.06.2025
307,25;14.06.2025
169,09;15.06.2025
273,92;16.06.2025
293,20;17.06.2025
320,77;18.06.2025
205,75;19.06.2025
284,89;20.06.2025
155,70;21.06.2025
239,67;22.06.2025
540,16;23.06.2025
351,72;24.06.2025
328,47;25.06.2025
233,97;26.06.2025
231,24;27.06.2025
112,29;28.06.2025
95,39;29.06.2025
147,65;30.06.2025
189,46;01.07.2025
95,84;02.07.2025
96,76;03.07.2025
156,77;04.07.2025
101,03;05.07.2025
48,71;06.07.2025
115,55;07.07.2025
151,72;08.07.2025
136,30;09.07.2025
146,06;10.07.2025
134,52;11.07.2025
123,26;12.07.2025
42,69;13.07.2025
107,63;14.07.2025
166,55;15.07.2025
177,90;16.07.2025
155,01;17.07.2025
140,04;18.07.2025
58,32;19.07.2025
88,87;20.07.2025
144,32;21.07.2025
118,56;22.07.2025
142,94;23.07.2025
199,48;24.07.2025
122,90;25.07.2025
124,05;26.07.2025
152,61;27.07.2025
142,26;28.07.2025
126,92;29.07.2025
219,12;30.07.2025
176,51;31.07.2025
179,06;01.08.2025
113,90;02.08.2025
89,53;03.08.2025
127,92;04.08.2025
163,99;05.08.2025
133,52;06.08.2025
149,16;07.08.2025
175,30;08.08.2025
115,55;09.08.2025
103,81;10.08.2025
176,85;11.08.2025
140,15;12.08.2025
159,26;13.08.2025
173,33;14.08.2025
139,08;15.08.2025
99,59;16.08.2025
154,97;17.08.2025
224,33;18.08.2025
135,60;19.08.2025
155,58;20.08.2025
122,21;21.08.2025
104,54;22.08.2025
110,24;23.08.2025
86,17;24.08.2025
131,92;25.08.2025
108,73;26.08.2025
186,90;27.08.2025
170,36;28.08.2025
175,67;29.08.2025
100,55;30.08.2025
44,76;31.08.2025
144,02;01.09.2025
122,69;02.09.2025
187,50;03.09.2025
114,89;04.09.2025
142,68;05.09.2025
102,91;06.09.2025
74,23;07.09.2025
115,22;08.09.2025
95,37;09.09.2025
236,61;10.09.2025
179,06;11.09.2025
103,72;12.09.2025
103,36;13.09.2025
94,40;14.09.2025
100,58;15.09.2025
102,52;16.09.2025
142,62;17.09.2025
96,48;18.09.2025
140,83;19.09.2025
159,58;20.09.2025
110,11;21.09.2025
131,45;22.09.2025
115,33;23.09.2025
117,20;24.09.2025
148,88;25.09.2025
159,20;26.09.2025
54,96;27.09.2025
78,64;28.09.2025
119,88;29.09.2025
161,75;30.09.2025
169,26;01.10.2025
184,74;02.10.2025
293,15;03.10.2025
139,06;04.10.2025
64,23;05.10.2025
190,01;06.10.2025
163,92;07.10.2025
83,78;08.10.2025
194,48;09.10.2025
184,03;10.10.2025
135,21;11.10.2025
96,58;12.10.2025
198,07;13.10.2025
202,96;14.10.2025
184,03;15.10.2025
149,95;16.10.2025
133,90;17.10.2025
114,56;18.10.2025
103,22;19.10.2025
161,08;20.10.2025
177,11;21.10.2025
122,93;22.10.2025
193,34;23.10.2025
158,65;24.10.2025
108,36;25.10.2025
124,46;26.10.2025
163,15;27.10.2025
129,65;28.10.2025
100,99;29.10.2025
132,02;30.10.2025
158,78;31.10.2025
64,53;01.11.2025
57,25;02.11.2025
236,61;03.11.2025
107,06;04.11.2025
140,96;05.11.2025
82,08;06.11.2025
99,21;07.11.2025
64,22;08.11.2025
24,72;09.11.2025
105,16;10.11.2025
104,42;11.11.2025
77,42;12.11.2025
71,03;13.11.2025
81,86;14.11.2025
76,28;15.11.2025
79,63;16.11.2025
111,82;17.11.2025
81,25;18.11.2025
59,47;19.11.2025
84,79;20.11.2025
163,01;21.11.2025
38,45;22.11.2025
113,39;23.11.2025
173,25;24.11.2025
188,15;25.11.2025
118,31;26.11.2025
181,40;27.11.2025
151,37;28.11.2025
93,31;29.11.2025
77,04;30.11.2025
149,95;01.12.2025
110,01;02.12.2025
106,48;03.12.2025
154,63;04.12.2025
150,30;05.12.2025
82,40;06.12.2025
40,90;07.12.2025
110,64;08.12.2025
104,48;09.12.2025
95,67;10.12.2025
142,22;11.12.2025
175,30;12.12.2025
75,29;13.12.2025
185,32;14.12.2025
202,24;15.12.2025
145,12;16.12.2025
125,11;17.12.2025
209,34;18.12.2025
100,20;19.12.2025
134,85;20.12.2025
113,11;21.12.2025
106,63;22.12.2025
97,63;23.12.2025
134,29;24.12.2025
147,23;25.12.2025
144,02;26.12.2025
223,72;27.12.2025
79,82;28.12.2025
62,95;29.12.2025
218,89;30.12.2025
161,76;31.12.2025
164,66;01.01.2026
175,08;02.01.2026
197,96;03.01.2026
135,55;04.01.2026
263,34;05.01.2026
255,33;06.01.2026
242,22;07.01.2026
267,44;08.01.2026
131,63;09.01.2026
192,20;10.01.2026
118,91;11.01.2026
186,33;12.01.2026
167,42;13.01.2026
119,88;14.01.2026
152,98;15.01.2026
194,86;16.01.2026
87,90;17.01.2026
89,31;18.01.2026
191,91;19.01.2026
251,43;20.01.2026
180,36;21.01.2026
133,72;22.01.2026
193,19;23.01.2026
123,73;24.01.2026
85,16;25.01.2026
80,79;26.01.2026
206,28;27.01.2026
134,14;28.01.2026
177,57;29.01.2026
161,46;30.01.2026
129,20;31.01.2026
106,86;01.02.2026
109,21;02.02.2026
141,46;03.02.2026
239,61;04.02.2026
139,29;05.02.2026
114,82;06.02.2026
110,24;07.02.2026
64,23;08.02.2026
114,01;09.02.2026
59,26;10.02.2026
107,05;11.02.2026
125,65;12.02.2026
116,79;13.02.2026
69,01;14.02.2026
21,51;15.02.2026
72,96;16.02.2026
76,59;17.02.2026
122,04;18.02.2026
113,25;19.02.2026
153,68;20.02.2026
78,07;21.02.2026
62,06;22.02.2026
139,29;23.02.2026
197,68;24.02.2026
138,26;25.02.2026
167,30;26.02.2026
197,11;27.02.2026
89,53;28.02.2026
273,91;01.03.2026
500,81;02.03.2026
391,07;03.03.2026
465,92;04.03.2026
413,36;05.03.2026
314,75;06.03.2026
226,08;07.03.2026
213,71;08.03.2026
372,13;09.03.2026
457,11;10.03.2026
368,66;11.03.2026
313,28;12.03.2026
322,28;13.03.2026
270,52;14.03.2026
236,61;15.03.2026
259,94;16.03.2026
354,06;17.03.2026
337,79;18.03.2026
375,65;19.03.2026
328,52;20.03.2026
300,23;21.03.2026
174,76;22.03.2026
300,58;23.03.2026
402,07;24.03.2026
316,81;25.03.2026
310,55;26.03.2026
294,21;27.03.2026
241,18;28.03.2026
233,63;29.03.2026
266,53;30.03.2026
447,82;31.03.2026
282,56;01.04.2026
271,80;02.04.2026
217,01;03.04.2026
220,84;04.04.2026
138,02;05.04.2026
305,31;06.04.2026
265,82;07.04.2026
294,45;08.04.2026
446,98;09.04.2026
320,75;10.04.2026
267,47;11.04.2026
206,04;12.04.2026
374,41;13.04.2026
337,55;14.04.2026
256,49;15.04.2026
348,04;16.04.2026
305,10;17.04.2026
204,60;18.04.2026
175,67;19.04.2026
218,81;20.04.2026
164,68;21.04.2026
224,48;22.04.2026
240,91;23.04.2026
257,90;24.04.2026
178,49;25.04.2026
139,48;26.04.2026
124,88;27.04.2026
203,46;28.04.2026
248,29;29.04.2026
193,48;30.04.2026
250,23;01.05.2026
168,52;02.05.2026
145,14;03.05.2026
207,04;04.05.2026
287,18;05.05.2026
284,82;06.05.2026
298,73;07.05.2026
250,95;08.05.2026
174,63;09.05.2026
139,84;10.05.2026
274,90;11.05.2026
218,41;12.05.2026
238,80;13.05.2026
207,80;14.05.2026
201,26;15.05.2026
168,60;16.05.2026
130,27;17.05.2026
225,25;18.05.2026
222,44;19.05.2026
256,69;20.05.2026
190,38;21.05.2026
149,31;22.05.2026
116,60;23.05.2026
179,06;24.05.2026
198,41;25.05.2026
163,74;26.05.2026
181,51;27.05.2026
184,40;28.05.2026
193,23;29.05.2026
204,28;30.05.2026
109,51;31.05.2026
152,68;01.06.2026
198,75;02.06.2026
242,84;03.06.2026
190,74;04.06.2026
127,85;05.06.2026
110,42;06.06.2026
111,75;07.06.2026
237,08;08.06.2026
219,68;09.06.2026
168,03;10.06.2026
168,15;11.06.2026
168,34;12.06.2026
176,08;13.06.2026
214,54;14.06.2026
208,67;15.06.2026
275,54;16.06.2026
255,69;17.06.2026
250,23;18.06.2026
222,96;19.06.2026
190,91;20.06.2026
78,46;21.06.2026
180,94;22.06.2026
169,54;23.06.2026
116,85;24.06.2026
223,32;25.06.2026
124,29;26.06.2026
128,79;27.06.2026
113,32;28.06.2026
175,05;29.06.2026
140,15;30.06.2026
153,68;01.07.2026
89,21;02.07.2026
56,79;03.07.2026
61,80;04.07.2026
36,01;05.07.2026
95,92;06.07.2026
158,69;07.07.2026
192,59;08.07.2026
186,10;09.07.2026
154,74;10.07.2026
166,43;11.07.2026
190,07;12.07.2026
207,52;13.07.2026
356,74;14.07.2026
175,37;15.07.2026
226,69;16.07.2026
182,16;17.07.2026
147,52;18.07.2026
144,39;19.07.2026
216,20;20.07.2026
141,12;21.07.2026
207,04;22.07.2026
313,82;23.07.2026
291,51;24.07.2026
182,86;25.07.2026
194,36;26.07.2026
187,20;27.07.2026
144,62;28.07.2026
144,62;29.07.2026
236,61;30.07.2026
182,68;31.07.2026
150,57;01.08.2026
91,00;02.08.2026
208,04;03.08.2026
166,72;04.08.2026
141,87;05.08.2026
117,00;06.08.2026
170,60;07.08.2026
101,48;08.08.2026
71,43;09.08.2026
154,97;10.08.2026
