id,onset,tkr,duration,class,vola_t_5,vola_t_10,vola_t_15,vola_t_20,vola_t_30,vola_ratio,momentum_t-5,momentum_t-10,momentum_t-15,momentum_t-20,momentum_t-30,max_drawdown_t-5,max_drawdown_t-10,max_drawdown_t-15,max_drawdown_t-20,max_drawdown_t-30,onset_return,intra_day_range,p-onset,max_panic_t-5,max_panic_t-10,max_panic_t-15,max_panic_t-20,max_panic_t-30,mean_panic_onset,asset_panic_t-5,asset_panic_t-10,asset_panic_t-15,asset_panic_t-20,asset_panic_t-30,asset_correl_t-10,asset_correl_t-15,asset_correl_t-20,asset_correl_t-30,^VIX,GPR,BAA10Y,T10Y2Y
0,2001-09-24,CL=F,1,0,0.013511645149328474,0.032188743337200364,0.027783431509835203,0.02771747289348055,0.024051171903043223,0.4874775273075692,-0.1284647197735968,-0.036298918920987494,-0.026597341819881687,-0.045539420716244686,-0.06593340740101139,-0.09857689015042115,-0.12055541112469315,-0.12055541112469315,-0.12055541112469315,-0.12055541112469315,-16.5445093297343,0.09995459973019812,0.999988506752105,0.0263487419696079,0.0489172866058586,0.0489172866058586,0.0489172866058586,0.0489172866058586,0.41513960299063035,0.27069335762078583,0.15824752577917398,0.10845937933662035,0.08684430120811672,0.06535980879146894,,,,0.09637792605648773,37.75,789.36,3.48,1.79
1,2001-11-14,CL=F,3,1,0.03948868013781787,0.033854922567971554,0.028265873198793885,0.02554693285685169,0.024149054386125125,1.5457307677241185,0.08420456308251541,-0.009187053993417096,-0.008272119931182594,-0.015113634289330598,-0.0503930643609343,-0.04455444652165941,-0.05949009493516999,-0.10792654973785265,-0.10792654973785265,-0.1465295652928581,-9.32817966584741,0.10385010983680767,0.6495753511394453,0.0444077741027854,0.0444077741027854,0.0444077741027854,0.0444077741027854,0.0444077741027854,0.10689864151085506,0.01949020477312671,0.018452365983660176,0.02059699727543294,0.020529999577157263,0.0229514695308819,-0.05556024961753504,-0.03143695443757302,-0.04293546406348455,-0.02453267451673375,26.559999465942383,381.34,3.19,1.84
2,2003-03-18,CL=F,4,1,0.028166745445472614,0.02457029102394014,0.024391490262068077,0.02318053551043067,0.021911630576488605,1.2151033108272358,-0.0648426582180078,-0.0268339994041708,-0.043418085102262,-0.052151756887312696,0.04150221589483869,-0.07665877307725355,-0.07665877307725355,-0.07665877307725355,-0.07665877307725355,-0.07665877307725355,-9.79762045959448,0.06315130731072192,0.5952502496484879,0.0174812489924857,0.0174812489924857,0.0174812489924857,0.0174812489924857,0.0174812489924857,0.2580604675781205,0.17509069781111858,0.13685659672714737,0.1624521847611813,0.15956144040589468,0.11486067315774946,-0.10498868823003366,-0.04811720400846585,-0.04604586395812483,-0.03898560528122282,30.43000030517578,554.58,3.11,2.19
3,2008-09-17,CL=F,91,1,0.025958841613432752,0.02019239319394624,0.022235439621201007,0.027532597700338567,0.024412940944508518,0.9428402614226822,-0.1247435822744046,-0.1853339946194449,-0.23338168036432538,-0.21373022043658707,-0.2866667598540659,-0.1114252300755516,-0.16643801739557795,-0.22852306095049923,-0.24781315979262497,-0.24781315979262497,6.38526239605262,0.06453269253541183,0.1569655190020144,0.0385993095600077,0.0385993095600077,0.0385993095600077,0.0516075471116473,0.0516075471116473,0.4999357380757556,0.3001954622629689,0.22311181937527239,0.19990042732242705,0.2201715091793097,0.26213800860559683,0.09144663968706201,0.16919105540203153,0.23130354555514127,0.2212716111674924,36.220001220703125,127.53,3.84,1.77
4,2009-02-12,CL=F,20,1,0.02858625869448107,0.02506976456462582,0.03695088750159103,0.04727881511226453,0.0556094662749705,0.6046314533602926,-0.11499677304951411,-0.159621057469094,-0.192058842635055,-0.04992898661777889,-0.10752849744920481,-0.12703424277005038,-0.13771597016408876,-0.2265978549039258,-0.2265978549039258,-0.27473877218020537,-5.60787403725311,0.07945852852597649,0.0760524458746292,0.0305388475706414,0.5773691735106498,0.994059978323652,0.9996088731332916,0.9999849090148584,0.3241392601811429,0.37592817429264047,0.39471454904310377,0.45155796026173606,0.48325285586106886,0.49528591263858956,0.14458332204589003,0.17674694894883453,0.2052738469192864,0.2638164846530543,41.25,82.81,5.16,1.86
5,2015-02-02,CL=F,3,1,0.04461881171047526,0.041503389612943566,0.04083994385961944,0.03820758395531346,0.034542129898589985,1.1677998735188333,0.056500189640707604,0.0421271232545833,-0.011336805379379492,-0.0991847423091636,-0.14791232707686697,-0.03850311046770927,-0.08708149483174699,-0.08708149483174699,-0.15638637461631288,-0.22181369758172098,2.7197218663004104,0.0784749491283913,0.0998024268258037,0.1822749774024896,0.1822749774024896,0.1822749774024896,0.1822749774024896,0.1822749774024896,0.03762784948721082,0.029011988826892317,0.040177662601103156,0.05571315611934845,0.05006021390173872,0.04665646479317483,0.009382826242808102,0.008614042320143572,-0.031206913381258288,0.029690122059937523,19.43000030517578,101.15,2.61,1.19
6,2015-08-27,CL=F,4,1,0.03158705660624336,0.02665580681506427,0.025308960602265257,0.023909172418949128,0.020926025268748965,1.3211271411974577,-0.0554298257703767,-0.11490038044835249,-0.156738076718519,-0.23427315565215448,-0.286580466159112,-0.0704909517308192,-0.10276859134647276,-0.1494661375188211,-0.21187136608223123,-0.24887052066234416,9.76626403603218,0.09187029420224295,0.6582351826827633,0.0262231708965693,0.0262231708965693,0.0262231708965693,0.0262231708965693,0.0262231708965693,0.26291659685649205,0.10108324414903228,0.07346911483485496,0.06087403089537312,0.0476842309724906,0.03711129908913751,0.07215213706479963,0.19125749502874792,0.16261780282636673,0.17337557682996593,26.100000381469727,85.71,3.15,1.5
7,2016-01-20,CL=F,18,1,0.03215880838887336,0.027206920434011996,0.02789542797319052,0.030500160512640758,0.02923325088673353,1.054381611386772,-0.098626748199825,-0.25591069133455346,-0.2917146815905488,-0.20541893001648362,-0.36702186914046475,-0.08782056447003284,-0.2087851509971027,-0.24848165072139283,-0.25301836681689815,-0.2879660191320853,-6.9469841540791695,0.09001881198973022,0.1691145209753102,0.0358633507942678,0.0358633507942678,0.0358633507942678,0.0358633507942678,0.0433437912545077,0.0404239904884209,0.02308272137049309,0.020635585107407112,0.024147102033807804,0.027844876575724348,0.022553116694870385,-0.05646737602844414,0.07999207420236006,0.06102803311982855,0.06117287853325159,27.59000015258789,194.34,3.4,1.16
8,2019-09-16,CL=F,1,0,0.01893177438105964,0.02254293445747439,0.02123742025272719,0.019375356410171962,0.023587190118247413,0.9771058648046628,-0.029992407013355798,-0.0333483869798014,-0.0090744726847085,0.006952045095973995,0.016544453056369392,-0.05185825547328293,-0.05185825547328293,-0.05185825547328293,-0.05185825547328293,-0.08210563613640931,13.6944029063085,0.07329094592239195,0.9972690540440606,0.0043684985408571,0.0107768867693046,0.0107768867693046,0.0107768867693046,0.0981541675510621,0.1487488149831871,0.010511051251048311,0.01167919547850078,0.010596288919125094,0.0104689478148809,0.017691308947829353,0.24361046458143973,0.18568579304255328,0.1491020317453596,0.11520622888197977,14.670000076293944,178.92,2.2,0.1
9,2020-03-06,CL=F,50,1,0.03483273054813499,0.027001506183670046,0.025487451018828256,0.023419173463112876,0.02116677882499113,1.4873595177472596,-0.025595517185761106,-0.15843647783258308,-0.1086882367231977,-0.10044646761184829,-0.21201430865237658,-0.02713011384097963,-0.16148374998311688,-0.16772035445333655,-0.16772035445333655,-0.19481924449231214,-10.60870587080376,0.129118265229403,0.7963861629935307,0.0307432429315619,0.0307432429315619,0.0307432429315619,0.0307432429315619,0.0307432429315619,0.3706676657182352,0.278917861916414,0.17505621288884518,0.11875312996457583,0.08962333732177075,0.061036671563594824,0.2903528024606353,0.27600451034876106,0.24408782643630758,0.216442113065728,41.93999862670898,51.33,2.55,0.25
10,2021-11-26,CL=F,1,0,0.022688214446954017,0.018082083390585115,0.02163474353698491,0.020480536491452178,0.01827506848935583,1.1077939514144681,0.00038275954913060024,-0.0369414950422917,-0.031022911346334392,-0.0530394929723272,-0.0258152348405596,-0.03683082626794387,-0.06728763463885534,-0.09566254195826929,-0.09566254195826929,-0.10100416890298503,-13.99851798819939,0.1650770322540343,0.998200219809698,0.0056283840006757,0.0056283840006757,0.005641240116741,0.005641240116741,0.005641240116741,0.1759980175926689,0.017056991633911247,0.021638320109121294,0.01948918296525892,0.018887997697417648,0.0197693994281333,-0.009520062319260518,-0.04771371215822499,-0.03744797478147257,0.03090877674775904,28.6200008392334,58.98,1.82,0.98
11,2022-03-01,CL=F,14,1,0.02171121012913043,0.023590749469379165,0.022105609489751214,0.020119541754478783,0.01911472183598782,1.079110567928185,0.049798837564300896,0.027753107899681197,0.0362748242388722,0.09759026943661808,0.15324565019633538,-0.01314514872099759,-0.04598784236069098,-0.04598784236069098,-0.04598784236069098,-0.04598784236069098,7.727442881735069,0.11082099099346356,0.1802169598741702,0.0054513747602659,0.0054513747602659,0.0054513747602659,0.0054513747602659,0.0054513747602659,0.1959285024043849,0.13627353630582198,0.08244129598409676,0.06967831426905433,0.08244205337703223,0.08573800922197827,0.01991886004678447,0.04753318399752131,0.07240483615453867,0.02257564146264516,33.31999969482422,540.83,2.25,0.41
12,2026-03-05,CL=F,32,1,0.02770354543018886,0.024024310993037062,0.02453844557903397,0.023608703764676282,0.02391314731271103,1.173446272456489,0.1321165284159049,0.1356384021498513,0.154686648885231,0.1664820205366165,0.21294928627720658,0.0,-0.018365214738800373,-0.03558711929608882,-0.043137819848372505,-0.05013755535159703,8.16281076754358,0.08875450255284752,0.3352937680138429,0.0494926362042579,0.0494926362042579,0.0494926362042579,0.0494926362042579,0.0494926362042579,0.19369474677654816,0.1402319341500797,0.14378240300168613,0.14960234382184123,0.1697525216062513,0.20525942106726477,0.026636387638814346,0.1366313068048174,0.0672245003342755,0.07172828995361158,23.75,413.36,1.76,0.56
13,2001-09-14,GC=F,1,0,0.00570650335036885,0.005048877886933734,0.005567033245378236,0.0063111383966273985,0.006836422535165928,0.9041955653227858,-0.010256455451612998,-0.0033081959463147,-0.0279560110883411,-0.008432635828310601,0.015584776314555298,-0.005492493469338999,-0.0137980678183931,-0.01629844223296706,-0.0275688579519765,-0.0275688579519765,6.62399643573038,0.0,0.995958721829558,0.0106282793460113,0.0106282793460113,0.0237587907541208,0.0237587907541208,0.0257171436280887,0.22811701292363554,0.016548357766299523,0.013197155542862429,0.01797354384059016,0.022800623200096994,0.0216472513987568,,,-0.18427910906780448,-0.05163443094219792,,667.81,3.36,1.7
14,2003-02-12,GC=F,5,1,0.0076316671385644255,0.011796212815804332,0.010744251563649526,0.010469028468334635,0.010586427273034838,0.7289756792282786,-0.0445117307876966,-0.0204785313435402,0.014448743430021407,0.021752078100067608,0.037379615372149094,-0.03692878353315565,-0.04353562005277045,-0.04353562005277045,-0.04353562005277045,-0.04353562005277045,-2.76901870209324,0.03403289787940918,0.1838626017299062,0.065175536111079,0.065175536111079,0.065175536111079,0.065175536111079,0.0926418152211847,0.03408387376176526,0.013879393333483715,0.017042880456778292,0.018601156138512313,0.018445975830533607,0.021656877754661914,-0.11603848663092348,-0.02092339117521938,-0.029109127026061034,0.0762371021279205,34.33000183105469,296.34,3.16,2.31
15,2006-02-07,GC=F,5,1,0.007162731260421436,0.006839472261315097,0.010770452960136276,0.010657641081463566,0.011435533235668953,0.6720747307656386,0.007746560594253902,0.0210907674352344,0.025039107595675205,0.054973745644128005,0.1454780238442136,-0.008908254298580776,-0.008908254298580776,-0.017528029958620905,-0.022298082940645614,-0.022298082940645614,-3.4252388733989503,0.037023637775068056,0.2219875126725641,0.0801037550587408,0.4427078095419277,0.8014451546032817,0.8014451546032817,0.8014451546032817,0.04760188625638353,0.024059602727536843,0.038583615318946496,0.055225339987073116,0.057944022297637766,0.05156070976869569,0.038786026514027565,0.09080061230733551,0.07526604716682621,0.1272547207585648,13.59000015258789,144.17,1.71,-0.04
16,2006-04-17,GC=F,67,1,0.010070432692292713,0.009511294763823726,0.010562250887782045,0.009653108546961905,0.010360654176655973,1.0432320991005692,0.0021817375099638997,0.0165656047998995,0.08097920603769461,0.0731927496253692,0.048605750634196,-0.004016003140818625,-0.011424710439359775,-0.011424710439359775,-0.011424710439359775,-0.04611303107056097,3.11932610218295,0.01868703208283008,0.1646205027845144,0.1139774909348415,0.1139774909348415,0.1139774909348415,0.1139774909348415,0.4275100868817013,0.040171880983318684,0.014069868930524853,0.014930696936096496,0.013537868421910454,0.014392974620317453,0.024455360125641864,0.32295852887518767,0.19660173200475323,0.16063055741915022,0.16279407650446456,12.579999923706056,139.61,1.7,0.1
17,2006-09-05,GC=F,10,1,0.008982894137686489,0.007815846194563946,0.011040849800194982,0.011154551097600572,0.010834434646936904,0.8053120254762002,0.014681293834021402,-0.002079814772404799,-0.006544800288989793,-0.036790760152089104,0.01891578808636271,-0.0023965488760033793,-0.022254184953924616,-0.02863050684031576,-0.0611836860768159,-0.06276851582464815,2.23304477312817,0.0,0.0585458146668023,0.0561766459011834,0.2027845657622858,0.4097477091543979,0.4097477091543979,0.8952573017585829,0.035212830392134624,0.032606534177152924,0.0299802853882701,0.03708887935714579,0.04005335129428528,0.07621282229766259,-0.049475764299087496,-0.003964998397695825,0.04017347891648863,0.041588177511272265,12.630000114440918,173.75,1.73,-0.02
18,2006-09-28,GC=F,5,1,0.0050884635859414044,0.011254606251395974,0.01434305470041587,0.01413222293806392,0.013265356253017235,0.36006108934469666,0.029391375760776203,0.013823572216585502,-0.05884052045995241,-0.033583443162682906,-0.05123473550407922,0.0,-0.016035524084470065,-0.0658022294747771,-0.09725916301634696,-0.09725916301634696,1.28089787295999,0.014049586776859505,0.1503714925632012,0.5399990466240615,0.8775544385898492,0.9021862390528536,0.9021862390528536,0.9021862390528536,0.20725500631929306,0.06378333184895084,0.10075172134475005,0.10296682509158636,0.08489058162350183,0.06980306323902717,0.06777901673178728,0.07922576785302968,0.13101948670972613,0.09363232752842039,11.720000267028809,117.82,1.73,-0.05
19,2007-11-12,GC=F,12,1,0.007521607600408519,0.008238635861485677,0.00902725670625764,0.008175068511081093,0.009397012297742938,0.9200666135351864,0.0327217419206093,0.06015172951556439,0.08586543268807799,0.10609483631365689,0.11400640880985412,-0.003232773189138727,-0.006082863948138617,-0.006082863948138617,-0.010862436929937158,-0.023956135066420248,-3.25976642463112,0.006453229443790051,0.1807165973975454,0.0383882234661294,0.0383882234661294,0.0383882234661294,0.0383882234661294,0.0510601036550533,0.04125601472348461,0.02682418895213697,0.03284993056408796,0.03116993034071816,0.0289835145288145,0.0332862816002746,0.3354867299413253,0.25662995345588335,0.22509104479681158,0.2115952491344744,31.09000015258789,101.76,2.18,0.765
20,2008-03-19,GC=F,266,1,0.004646270184276218,0.009343787008818931,0.010009211060349426,0.0094035373851088,0.011140244496926514,0.49409812435413203,0.029333548143993703,0.0399626019284088,0.0586019361413002,0.0794282354122077,0.10312571470981621,0.0,-0.01652807502657694,-0.017931712262799437,-0.017931712262799437,-0.02177921344606626,-6.008275235006541,0.043294128136353964,0.9786550620674352,0.029379191776711,0.2841361059247239,0.2841361059247239,0.2841361059247239,0.2841361059247239,0.5782173454674506,0.23870129466648038,0.2186687976977398,0.19271949444944242,0.16643437170993464,0.14147912942405877,0.40452921050070806,0.3281967245749093,0.2967324343471915,0.29908750460323036,29.84000015258789,77.11,3.44,1.84
21,2011-08-08,GC=F,92,1,0.01008584089039409,0.0073914017901930236,0.006953471790774836,0.006720348595321608,0.008030767387408157,1.500791327612883,0.0125112244332357,0.0292319503693564,0.036439527338202105,0.06748647812047501,0.0812716741014424,-0.008777188512474887,-0.008777188512474887,-0.009549920099222842,-0.009549920099222842,-0.01827933978386953,3.6562513980145104,0.024500073447757658,0.2694499247973259,0.0246218047006677,0.0246218047006677,0.0246218047006677,0.0246218047006677,0.0742567756800811,0.2829842827217676,0.11154812098229962,0.0609088603293916,0.05079644733798383,0.06671165209014569,0.07597237230304224,0.30359704989118547,0.3039827380893611,0.36784207340798414,0.2450277728744361,48.0,94.77,2.88,2.13
22,2013-04-12,GC=F,60,1,0.012551442295048051,0.010975925581805688,0.009318371045173203,0.008389478130406271,0.007321683928930263,1.4960933326183223,0.008022891856441602,-0.026432639572816698,-0.0272417063300089,-0.015225821801725294,-0.0195606188164019,-0.01758914588487892,-0.030124969482421826,-0.03841863807416657,-0.03841863807416657,-0.03841863807416657,-4.130691814830359,0.053697600037475014,0.5718167054708132,0.0462131640702397,0.0462131640702397,0.0462131640702397,0.0462131640702397,0.0760873758043267,0.0914709078814786,0.024276848010762936,0.05945498856017354,0.04018545006879782,0.03063015878714664,0.022111503772380945,0.1424566007874963,0.14049214286579467,0.1299573249622356,0.14789785840855457,12.0600004196167,97.21,2.82,1.53
23,2013-09-12,GC=F,15,1,0.010560771714830709,0.009952963122980576,0.011213099689314682,0.01105289754302772,0.0108677451733855,0.9554754012437716,-0.01888355882303485,-0.040731039544954155,-0.00672267871444005,0.03180788327378694,0.02969080333606134,-0.016512852327495553,-0.03883014488085801,-0.039912679252643746,-0.039912679252643746,-0.039912679252643746,-2.48685936033778,0.028262157919380193,0.1392663608286959,0.0953241397149892,0.0953241397149892,0.0953241397149892,0.1245303328524294,0.1245303328524294,0.038849792434124085,0.020454933630344483,0.019393888070605325,0.028362516653261945,0.03361343531218574,0.031020767142389504,0.08419491981842563,0.05393128413106237,0.027505020823848474,0.060291410995030936,14.289999961853027,76.3,2.61,2.47
24,2020-02-27,GC=F,36,1,0.013975952563338067,0.00962896473556258,0.008184200875902554,0.008685506713844325,0.007452840131910364,1.6091119405919057,0.020016064706469407,0.0464271203304385,0.05618326393479721,0.04413033759941831,0.05747408634746641,-0.019373369971944387,-0.019373369971944387,-0.019373369971944387,-0.02090304741770599,-0.02090304741770599,0.0,0.011890243902439025,0.0273332851594632,0.1258430322568852,0.1258430322568852,0.1258430322568852,0.1258430322568852,0.1258430322568852,0.15085789923453238,0.04199534440485413,0.023762697423899352,0.01673272911626546,0.013485676539479642,0.009908438931135832,0.22900408594458557,0.1664263649095085,0.15890402070872275,0.12349393346709496,39.15999984741211,63.97,2.27,0.19
25,2020-08-07,GC=F,8,1,0.006108237027978495,0.0074509125944911825,0.0065315481818867495,0.007216611394310872,0.007448507403247709,0.8464134611424207,0.054698369904821506,0.0824707206430814,0.1315070782946572,0.13122913837593247,0.14996735976263176,0.0,-0.005733274211351391,-0.005733274211351391,-0.007011191934976124,-0.01104297201791693,-2.03867729685859,0.022585953417978016,0.1374765125519615,0.0496317027516965,0.0496317027516965,0.0496317027516965,0.0496317027516965,0.0496317027516965,0.03895532544069667,0.05603240332003844,0.03404430015902192,0.029921749674368833,0.030539341020532292,0.03455393553052588,-0.013666062507913156,-0.028088019357155887,0.0211396276528449,0.038363944686475006,22.209999084472656,43.82,2.57,0.44
26,2022-03-04,GC=F,4,1,0.01677891024449749,0.012323125071069098,0.01081090906216212,0.009474053593368809,0.009465547545130867,1.7710381389695307,0.0048193117389199016,0.0337518625886861,0.0526437727128542,0.0669124818666332,0.0483482901701458,-0.011068780750497331,-0.020050894018732057,-0.020050894018732057,-0.020050894018732057,-0.03659520081215928,1.5745908688366,0.017963487490044748,0.1128045484336189,0.1080429364891421,0.1080429364891421,0.1080429364891421,0.1080429364891421,0.1080429364891421,0.2876240655106841,0.20134653510585143,0.1389447727101702,0.10238383116800254,0.09857754845873631,0.09434706016005771,0.15300750994255874,0.11541256366792157,0.1045404356546003,0.060026245381539105,31.979999542236328,350.07,2.31,0.24
27,2025-04-03,GC=F,36,1,0.005591330771149782,0.006496283391025411,0.006466433078697003,0.006397191269513242,0.008242626093830745,0.8740290129820087,0.0386361532697543,0.033683032430219,0.06608747591441361,0.07421817396970079,0.0728128389140193,-0.0012489260994595908,-0.00884865208675989,-0.00884865208675989,-0.00884865208675989,-0.03768779714239767,-1.37570201865,0.037100388228527605,0.019001886808586,0.0143765359024534,0.0143765359024534,0.0220589695500935,0.0220589695500935,0.1435438117360231,0.16342033212097454,0.009130729097866854,0.00984770989192981,0.012996133983072268,0.01672546459145772,0.018998710060928906,-0.05917927622280065,-0.026250942308748842,-0.030427841521191733,0.012611754736200822,30.020000457763672,97.94,1.89,0.35
28,2025-10-08,GC=F,14,1,0.008962664289386905,0.009136748408613386,0.009493322680392038,0.008438967229060332,0.0082728686397282,1.0620570084124958,0.0347465164519661,0.05054445437475451,0.07509892324268902,0.08753732964974753,0.16438748738275574,-0.007188118636877849,-0.007188118636877849,-0.012828651205417652,-0.012828651205417652,-0.012828651205417652,1.66339949075202,0.015334009163621072,0.0504562590024791,0.0383972464411941,0.05074064222997,0.05074064222997,0.05074064222997,0.0780505952166346,0.013373092013129497,0.015428716161656485,0.027777012332688873,0.02079905655719153,0.017414246973723662,0.014743631850604236,-0.0748892685500736,-0.04872988950899485,-0.02474465252007493,-0.044206497498688824,16.299999237060547,83.78,1.68,0.55
29,2025-12-29,GC=F,72,1,0.007177525600198715,0.006519571403879775,0.00775992278696079,0.007959034403617166,0.00879264725192291,0.9018085908683501,0.042764131719455,0.055286034464816905,0.0726332024307685,0.0837589252565086,0.0743916930817099,-0.000490699368048908,-0.001840138010350767,-0.006100241550233032,-0.012431229084807538,-0.031144738442577702,-4.60879817388294,0.012462116743369266,0.729321122681925,0.0246985125986211,0.0246985125986211,0.0293588843618401,0.0293588843618401,0.6011910618939936,0.22914872887900523,0.021115679302596658,0.015001045070383875,0.014531530744578965,0.013032303882104386,0.020828571619904424,0.17361744783837615,0.18222248120413007,0.16400439438369882,0.12579103635001498,14.199999809265137,62.95,1.76,0.67
30,2026-06-01,GC=F,37,1,0.011072136672396506,0.011879709997061273,0.01002237702356553,0.012305126034555181,0.012485196694763445,0.8997987213868268,0.0045493514408821,-0.025459798827319403,-0.03008764642341431,-0.011814636110663104,-0.0481373289322396,-0.016257465162574647,-0.023771853314552893,-0.05781287772001076,-0.05781287772001076,-0.08442442552117857,-1.88811795292179,0.020490637966833276,0.1498087925335194,0.0500890717519295,0.4285741580584088,0.6407226093207697,0.9393979655147262,0.9393979655147262,0.03870855691457777,0.029078055899104976,0.07961921481423598,0.09026169763203674,0.104479350643869,0.12525830485365186,0.16515136617528772,0.1826810057496148,0.1043252238441674,0.038265884744021116,16.049999237060547,152.68,1.54,0.42
31,2004-04-20,HG=F,2,0,0.019628832948937996,0.018395340429111093,0.0160415055187565,0.01456029266598367,0.017612211495147585,1.3481070332326253,0.0532958972037231,0.011764865298518206,0.011395137974816411,-0.008008719957882406,0.0221738356113071,-0.006523392284752627,-0.027128871707899016,-0.05835159730877426,-0.05835159730877426,-0.0638143170448543,-3.7993394851218403,0.009111590301668287,0.2074507809466626,0.0906664826750884,0.0906664826750884,0.0906664826750884,0.0906664826750884,0.5387234040365747,0.0668250405031475,0.10234521109619074,0.062169910647280315,0.0507331400496238,0.06254609146303838,0.06448457789759196,0.16699852147328806,0.11604644069631724,0.05641851347732182,0.11429892538815806,16.670000076293945,144.69,2.1,2.32
32,2004-10-13,HG=F,1,0,0.015884290007451025,0.011349230389120224,0.01263059947397334,0.012422939484901375,0.01299592865821876,1.2786257251559918,0.0332371997610015,0.0529971619846402,0.0798419262166678,0.12833399608500518,0.14093261364299553,-0.013912496579862488,-0.013912496579862488,-0.013912496579862488,-0.013912496579862488,-0.031615959601731136,-11.66652632881649,0.02706889891365595,0.999999914671511,0.019552742688112,0.019552742688112,0.0273209476718097,0.0273209476718097,0.0273209476718097,0.18060401605232787,0.022582110811465782,0.04011988506686027,0.03138358382017357,0.028002998890668963,0.024408161164003305,0.12718134298728145,0.07651712178039835,0.0904883783473124,0.09054048926834735,15.420000076293944,95.64,2.12,1.56
33,2004-10-29,HG=F,1,0,0.015357473668336341,0.017788558021335003,0.03433754372162137,0.03023393547969173,0.026086659833089054,0.5079548336885228,-0.0473690939333548,-0.014996282536830503,-0.1302955082323055,-0.1073465548881562,-0.03169893668004302,-0.03970975746485028,-0.04626468530014338,-0.1465897244263109,-0.1465897244263109,-0.1465897244263109,6.91253343270955,0.06567719857543347,0.9488651565010728,0.0617768245936512,0.8360724516998811,0.999999914671511,0.999999914671511,0.999999914671511,0.18196285605906334,0.04239346655886691,0.060010830400583734,0.06755932010433613,0.05469167758296284,0.048126989715458,-0.011603724917807095,0.0035980057999804574,0.008617381771813157,0.032916348016217234,16.270000457763672,113.72,2.09,1.49
34,2005-01-03,HG=F,2,0,0.025049533581572764,0.018644123391634734,0.016553010395344844,0.017064383957211982,0.016755553689516034,1.4679424492781639,0.008102653826169301,0.015246806358386204,0.0779433847459413,0.013200406557706906,0.034551092875201694,-0.03889793273705766,-0.03889793273705766,-0.03889793273705766,-0.04279754413937453,-0.07591537477887023,2.42496371265693,0.01575323214849637,0.0676759066129004,0.1592204675175165,0.1592204675175165,0.1592204675175165,0.1592204675175165,0.1592204675175165,0.026753817333935715,0.021435463634057652,0.02629389799931206,0.03161791513684626,0.031143562273292815,0.03261339379191393,-0.01163112280294214,0.11072241753585794,0.15548504829048002,0.12400183502593487,14.079999923706056,141.9,1.86,1.13
35,2005-05-26,HG=F,2,0,0.008140716112257574,0.015448688049282537,0.01291400212760204,0.0135039207488939,0.014106780911598973,0.6028409277301466,0.0420763788454342,0.030884132696450795,0.0468626919804332,0.0315588476513701,0.011511419769916997,0.0,-0.03231293427254034,-0.04658174948902605,-0.05040054081863665,-0.06229396712966817,5.41015911653433,0.01858734329683712,0.364197422132377,0.0091465995630985,0.0322748184285379,0.0322748184285379,0.0322748184285379,0.0322748184285379,0.09179423258883447,0.04691243904949137,0.028388681777613323,0.02043153508128049,0.017417836587213117,0.015198409971741636,0.3392141901447183,0.24809209544300945,0.21353742227960543,0.25150568893064945,12.239999771118164,133.25,1.91,0.44
36,2005-11-29,HG=F,1,0,0.016710797590647468,0.012033141646406974,0.011419597276250096,0.011980922737033793,0.012658072112723037,1.3947838540844046,0.06343823802966639,0.1038326451157768,0.1348429138633956,0.11973450250270751,0.1587484120075347,-0.00952380087370197,-0.00952380087370197,-0.00952380087370197,-0.00952380087370197,-0.03658537841164655,-6.6130068014927,0.020828238482150496,0.9292704009225738,0.021432816926619,0.021432816926619,0.021432816926619,0.021432816926619,0.0499055367592136,0.1389201158914661,0.008742938077652588,0.012264949993672326,0.010713831619713215,0.011446383587426653,0.012496012586049047,-0.17506821189882973,-0.1105711348824837,-0.03291669973013213,0.08280603336568924,11.890000343322754,60.58,1.88,0.08
37,2006-04-21,HG=F,52,1,0.015591902613471233,0.01337603164903604,0.014089934856917327,0.013920505414860328,0.014322285133525726,1.1200672783638062,0.08310509473761969,0.1541506668669092,0.2135274885634684,0.26595848789866705,0.34449524560274597,-0.00016344026083103813,-0.0022417492164433783,-0.006191359600169144,-0.0070168099440623966,-0.014774102166338232,5.7665618051926595,0.05449508955341219,0.578592087911932,0.086898402063999,0.086898402063999,0.086898402063999,0.086898402063999,0.1103882890783183,0.20427915401528143,0.044437827552343365,0.029514538167590903,0.025368710807474493,0.021442180630988204,0.024581230855018014,0.32620613099801404,0.32640010590343255,0.20628490632287796,0.15428871906401004,11.59000015258789,71.95,1.7,0.11
38,2006-11-10,HG=F,1,0,0.02061462334483581,0.018772493901079122,0.01533047220890716,0.018036786154413568,0.01935660408811485,1.1429210929460099,0.0034957464683211988,-0.0259093277879742,-0.056913964630969,-0.023541091940589103,-0.0353267207636834,-0.03392613364097197,-0.04733118491782784,-0.06212802686734109,-0.09255617001173744,-0.09255617001173744,-6.84403005009482,0.03980501660563074,0.9710932396690656,0.0573654883121548,0.0573654883121548,0.0573654883121548,0.1652562396977845,0.2703272446530885,0.24546272236460873,0.049348964132077136,0.06185765980405731,0.0867017621378959,0.12145463949085802,0.14462865677759157,-0.10327689359833551,-0.07486122739631773,0.09736131391594986,0.10582220311411634,10.789999961853027,114.9,1.61,-0.14
39,2007-01-03,HG=F,1,0,0.007127487637311388,0.012042030395081504,0.011393512634470212,0.01176629867655509,0.013932387921323066,0.6057544375881981,0.0012270961727355,-0.050723742896218296,-0.0776680426504255,-0.1251527841397156,-0.0672393789935747,-0.009715433111096128,-0.037251289767824325,-0.07060760170803226,-0.10130200472248996,-0.12505797378773975,-8.07876114662558,0.0560304052753678,0.995092576585267,0.0089032860855266,0.0396068062603815,0.0396068062603815,0.0396068062603815,0.0396514269104158,0.17585397900640998,0.013719061437297867,0.014013756873681836,0.013361772458438725,0.014992829893454398,0.015099069766471327,,,0.03989816911353206,0.05837697838160042,12.039999961853027,76.7,1.61,-0.09
40,2007-08-16,HG=F,1,0,0.020093392525117628,0.016710125462449918,0.015952875108881576,0.016733321936745392,0.0143829623902345,1.2008011679374744,-0.0208248794821501,-0.06344499352587489,-0.05660660755494169,-0.0676087376799868,-0.05450387084712659,-0.03115577930730795,-0.056783235232703566,-0.07704943066023051,-0.10175811793361844,-0.10175811793361844,-7.52257862586556,0.075091836294691,0.98874019295808,0.0299709705781297,0.0299709705781297,0.0299709705781297,0.0299709705781297,0.0299709705781297,0.20929946971014562,0.03809455168285457,0.030330660046241985,0.028067702951692024,0.03293210835742573,0.039728868979477215,-0.0334459871398663,-0.049788861856581365,-0.010706262624226071,0.04529190957299324,30.82999992370605,106.0,2.06,0.52
41,2007-11-14,HG=F,6,1,0.008758307871123467,0.01268496616582971,0.01307557048016835,0.012504868581603318,0.01305485137396099,0.7003918365050515,-0.0716757032077794,-0.1134035026151292,-0.12214348899784351,-0.15553134404105493,-0.1764208846084935,-0.04583203099045563,-0.10553631600389546,-0.12112197439089256,-0.13460735563703774,-0.17268970046373178,6.23298713550573,0.03422691252100109,0.7012385217332886,0.0254237583062198,0.0399188739507967,0.0399188739507967,0.0399188739507967,0.0399188739507967,0.19160445500940293,0.039896870030937705,0.035624491362037825,0.03512680412865352,0.031366384325524424,0.03151620640477599,0.2536149656041661,0.23210337711666773,0.17819129545953044,0.20734116150118606,25.940000534057617,128.47,2.16,0.71
42,2008-09-29,HG=F,151,1,0.0227431369008924,0.020428903358797653,0.018131441975127862,0.02096960106124191,0.020752851384075014,1.0845765179066051,-0.0336850379203196,-0.041192163463256104,-0.014186969620033602,-0.1069180231118347,-0.0761007424586431,-0.05710351213339582,-0.05710351213339582,-0.05710351213339582,-0.10453418663012326,-0.13760179572502984,-5.404014142201239,0.06872314368970789,0.655241904175343,0.0878796882541066,0.0878796882541066,0.3620463502841872,0.6179956349102688,0.6179956349102688,0.7500923711818691,0.46092425826247485,0.47080092476238533,0.3713419833514293,0.31507329961927205,0.30108734224179595,0.15310068361967513,0.13688152935648784,0.16511803527068475,0.16733894206598637,46.720001220703125,101.52,4.01,1.91
43,2009-06-01,HG=F,11,1,0.017258530839933776,0.01857102726943874,0.018999461988293942,0.021887657685328386,0.025649420539518845,0.7885051515358091,0.06753128301832159,0.0768244851655798,0.014669098915608192,0.0680182212073448,0.0063912287086429,-0.014435453680294641,-0.02584780787205343,-0.05542615459495437,-0.07333781882017609,-0.13452403553671322,5.38157145034771,0.0577835543820029,0.5121086491381561,0.0452144293699343,0.068381387718596,0.5412490015796024,0.9490858065173492,0.9851377386552544,0.2892134889776178,0.08185295983508396,0.10918796507197781,0.126956413081074,0.1702657208076434,0.22209215264363438,0.23557058892072988,0.22033372917194943,0.21855736327763384,0.2749274338053171,30.040000915527344,85.28,4.26,2.74
44,2010-05-17,HG=F,5,1,0.021712087565422034,0.01911109840805243,0.019254100740468037,0.017402215102536204,0.015316604375205614,1.2476622911216462,-0.002558407371709301,-0.0664280039263171,-0.11724921456570912,-0.11724921456570912,-0.1357303847078039,-0.02997364695330007,-0.053378126112189506,-0.12007373603338245,-0.12156810187498324,-0.14409819321321027,-6.6183528966363205,0.06500164641767328,0.9546493763528694,0.0432360120371442,0.1085125074990923,0.2303661589031105,0.2303661589031105,0.2303661589031105,0.21771639754379862,0.14155077637772553,0.0914654544930323,0.07228992713514966,0.06361396366376797,0.047974899982329684,0.10393252249834967,0.07473844177574417,0.1295601174734435,0.1205774386282209,30.84000015258789,125.48,2.59,2.66
45,2011-09-22,HG=F,26,1,0.021468096366097093,0.017820410064184663,0.017249554372436644,0.016336924492571958,0.015666659918935354,1.3140843232677097,-0.03443424739914681,-0.09207159297648909,-0.0938923549175587,-0.062229661397013296,-0.05532140948970491,-0.05792139245638772,-0.09968501946911901,-0.11237157312424018,-0.11237157312424018,-0.11237157312424018,-7.55127772712092,0.07542021231960626,0.9923757741706328,0.1006026198132411,0.1006026198132411,0.1006026198132411,0.1006026198132411,0.1197378943613696,0.44000042202172024,0.17863008508404055,0.2044162733893185,0.20735818004373038,0.22191242280286527,0.23947679133162056,0.12175756900337523,0.08998824089456527,0.13956843215726591,0.2120695088102778,41.34999847412109,84.16,3.32,1.52
46,2020-03-17,HG=F,2,0,0.013173559646023153,0.010818399962200926,0.011738305388871358,0.010790928428599012,0.010757606767443263,1.2207994644009958,-0.0510013890727052,-0.0810524859531959,-0.077779122439856,-0.0827810611327877,-0.049415366308567105,-0.05347275394919593,-0.07500963144881811,-0.07785470950012308,-0.08384265175369698,-0.08436723142913083,-3.52178716462122,0.04664221078632207,0.1242910705992542,0.0137909375556751,0.0137909375556751,0.0137909375556751,0.0137909375556751,0.0137909375556751,0.44758444209476106,0.3972363083957928,0.35835213762263624,0.29617886224520823,0.22567507108626053,0.15134060530624893,0.22952796383332205,0.258989784852037,0.2624076171920073,0.23557393992756998,75.91000366210938,99.09,3.49,0.55
47,2021-04-27,HG=F,2,0,0.01246467506499785,0.01300582977101797,0.013949572380957372,0.014992081766133376,0.014592852783698025,0.8314172280700299,0.0455355637205061,0.098688118636616,0.0695871648513704,0.0867253234055439,0.0704310939130018,-0.0013997531771160476,-0.01193721552362137,-0.0233854154509332,-0.028681598752523296,-0.040009670059500735,6.421530667284831,0.05987769725153597,0.8065050507700435,0.0183470367635124,0.0202865913277538,0.0239968772848909,0.0458266785904302,0.0458266785904302,0.15294904277643478,0.032829338350879485,0.02135074948640009,0.018267425513135472,0.028440895243410553,0.02549320968787046,0.008869445358472778,0.03160031835097423,0.0330355106191229,0.10627377301398326,17.559999465942383,131.65,1.97,1.46
48,2022-07-05,HG=F,6,1,0.013337080968519946,0.018211606738677426,0.015337503019933106,0.014064252681687163,0.01805860876288578,0.9482964555867192,-0.0382212218786545,-0.1277117923829869,-0.19290366381292337,-0.229808212875643,-0.1445919063308233,-0.04360464200479275,-0.10487267870659789,-0.1585678078274242,-0.19173646256367682,-0.20531400156851576,-5.50962751948451,0.056496363403102615,0.729204187302394,0.1027187671933305,0.4529184164984701,0.4529184164984701,0.4529184164984701,0.4529184164984701,0.33797385894592574,0.19890514243862922,0.2161810031280209,0.20776681952545875,0.18632049836252412,0.18002144014992685,0.2477765527200659,0.1938927554744163,0.18297866967396748,0.20406108846252122,27.540000915527344,109.65,2.41,0.0
49,2022-10-28,HG=F,6,1,0.02609239496337046,0.02142846116684721,0.018653403095708,0.016947635415053088,0.01669451093072154,1.5395891122483607,0.0493281629029132,0.044558334877869504,0.042397748260862,0.052520711814590504,0.0285373957926109,-0.020579049226229218,-0.027492343592956714,-0.033783735149994554,-0.048690709113204944,-0.06950299737203947,-4.49909854276302,0.024235392459947262,0.6042433198856584,0.2712754086299287,0.2712754086299287,0.2712754086299287,0.2712754086299287,0.2712754086299287,0.1596250669779728,0.06388289433165917,0.0924772433446612,0.10579821000815816,0.0988839829268048,0.10502759249114177,0.2211025991015219,0.07961320678955161,0.10782145193774123,0.18707962709593207,25.75,203.69,2.3,-0.39
50,2025-04-03,HG=F,4,1,0.012125934013081312,0.012757402103775834,0.012644350514151437,0.013505150245224029,0.015576735941274136,0.8978747953855261,-0.0376039448967055,-0.010396696851161005,0.041145499089476095,0.0525146129347161,0.0974623476456526,-0.018288534736594753,-0.03776840944733606,-0.03776840944733606,-0.03776840944733606,-0.03776840944733606,-4.32219593275732,0.027125305196603406,0.1494176873256286,0.0216491835825557,0.0216491835825557,0.0239486858214669,0.127402713765096,0.2786196486374984,0.16342033212097454,0.009130729097866854,0.00984770989192981,0.012996133983072268,0.01672546459145772,0.018998710060928906,-0.05917927622280065,-0.026250942308748842,-0.030427841521191733,0.012611754736200822,30.020000457763672,97.94,1.89,0.35
51,2025-07-08,HG=F,2,0,0.013953914638328672,0.014213640835492673,0.011878564319404024,0.011782961426422113,0.014715618530648237,1.1842451259356934,-0.009086942118041202,0.028798733674345503,0.037092366581945306,0.031486631836374006,0.06978850417689929,-0.031947995950449726,-0.031947995950449726,-0.031947995950449726,-0.031947995950449726,-0.033808364933157975,12.44371105177899,0.1232063594956862,0.999999980209952,0.0096991173191216,0.0223312201007952,0.0223312201007952,0.0223312201007952,0.0648095708542334,0.1508984896846055,0.022303914245214492,0.062257483174722524,0.05876927389502207,0.054155547869487286,0.07978441277573085,0.10091627268143673,0.053826413055028124,0.02744639543532241,0.06598418370557285,16.809999465942383,151.72,1.71,0.52
52,2025-07-31,HG=F,1,0,0.01245171590436628,0.013964851944189798,0.012787713014472709,0.03179839296320982,0.02652755845161192,0.39158318216812704,-0.039600405199082006,0.013283555945237696,0.0229728407104306,0.07859253109618941,0.14867502308477792,-0.035831708590010725,-0.038826557665286865,-0.038826557665286865,-0.038826557665286865,-0.038826557665286865,-25.1712046899755,0.06281025933752395,1.0000000000000009,0.0327395065242339,0.0327395065242339,0.8347521897397985,0.999999980209952,0.999999980209952,0.1468542235318104,0.009652539159477577,0.010688018006878852,0.028034592474562626,0.03818676403197607,0.04981730036103791,0.014808107423386872,0.02014613389955739,-0.012558425868909302,0.039477068431633594,16.719999313354492,176.51,1.67,0.43
53,2025-12-26,HG=F,6,1,0.005612588539175684,0.014927670394647275,0.01462179020646706,0.014970965104172479,0.01334150347599313,0.3748982447104515,0.0248585350770893,0.041401876566194706,0.0352601711812961,0.09513743718672202,0.08538412262865411,-0.0003676542135855332,-0.02644183711376369,-0.02644183711376369,-0.02644183711376369,-0.02644183711376369,4.75900058416753,0.029567376846560474,0.1602640250932415,0.010406156360609,0.0526053221139599,0.0526053221139599,0.0526053221139599,0.0526053221139599,0.031987519316632275,0.0158044960480898,0.014191771777181603,0.012751185474293002,0.011857481756369859,0.02207484740661834,0.175592280152411,0.21852697233316687,0.21389066834084833,0.12579878357297888,13.600000381469728,144.02,1.75,0.68
54,2026-01-29,HG=F,4,1,0.020293527281218443,0.01743998147681451,0.018604771247747606,0.02216667009842295,0.022373255215531976,0.9154973295994615,0.0280521079545153,-0.0130665493802202,-0.01982758926559259,0.07066102168835169,0.10909154915946578,-0.02598603052044579,-0.04651356561681019,-0.04651356561681019,-0.04675154138078652,-0.047862658990854956,4.6909494425695,0.060966745173061276,0.2264486785154382,0.0387674625581103,0.0832606975905054,0.8507588277891385,0.9228064249250184,0.9228064249250184,0.31411712051817375,0.21426775929889044,0.18200411607031744,0.17806272994492023,0.2019754487103336,0.14676973252883388,0.06608979899669094,0.024659690789914528,0.09221932961228888,0.1109156534296487,16.8799991607666,177.57,1.63,0.71
55,2000-12-06,NG=F,8,1,0.04636389312127517,0.044801677832815946,0.04656003266776485,0.04186337016550274,0.039224593808315486,1.1075050321553197,0.19947178536413798,0.1912683408910989,0.3053816219723981,0.41155650798637117,0.40607260039089454,-0.00536912253383981,-0.07708681140369411,-0.07708681140369411,-0.07708681140369411,-0.11671924379192711,13.133600008107171,0.09467458092220196,0.8615098585649742,0.357590361702069,0.357590361702069,0.357590361702069,0.357590361702069,0.357590361702069,0.219079347377881,0.04352382101048912,0.034803603579280924,0.029133074896307825,0.024298334401826032,0.023843495256710145,0.0304935268749632,0.06796245880083973,0.08719672126049804,0.08561867985884722,25.06999969482422,49.65,2.73,-0.1
56,2001-01-02,NG=F,1,0,0.0530445488203896,0.05488256575255046,0.06966730598648067,0.06929481288002248,0.061761363067391065,0.7654909020712892,-0.007643427065495291,0.2765928367631328,0.15159640641018818,0.39579333310399106,0.4847408106940155,-0.07739048109544888,-0.07739048109544888,-0.21305731987552412,-0.21305731987552412,-0.21305731987552412,-15.589124696884271,0.14347199465468075,0.9626674060542408,0.0791576285788638,0.9069119563315532,0.9616497646219572,0.9616497646219572,0.9616497646219572,0.1709318965127276,0.04860647998460459,0.08475431433294822,0.08739720375958669,0.08750437384407315,0.06577949635704007,-0.04049938333782387,-0.017398590703998185,-0.0008336387908990245,0.011642911630155763,29.989999771118164,48.01,2.99,0.05
57,2001-01-17,NG=F,1,0,0.029227888520541572,0.06847480570113346,0.062360554859707665,0.06492161846913391,0.07030468147849299,0.4502027092013667,-0.1798915409709867,-0.1875937419714306,-0.1952371690369259,0.08899909479170226,0.20819959113256054,-0.17316331331752632,-0.17316331331752632,-0.19292831494201534,-0.19292831494201534,-0.21305731987552412,-15.94094269631289,0.15921260926138,0.9562298556702724,0.062932971084073,0.9626674060542408,0.9626674060542408,0.9626674060542408,0.9626674060542408,0.1649722183339836,0.06893300621527622,0.12591988770700033,0.10086585316647269,0.10596709486103963,0.1023685351197011,0.03446694382232559,0.0710039658440746,0.007551128205537675,0.0599678570007189,24.93000030517578,44.02,2.72,0.35
58,2001-01-31,NG=F,4,1,0.05799629364619745,0.06870605284032279,0.057377823767106276,0.06694570529063865,0.06689660400256829,0.8663183604446596,-0.130369101653858,-0.2844374579279099,-0.46432899889889667,-0.4720311998993405,-0.1954383631362077,-0.16250000736870585,-0.18489303388724854,-0.3778571425095939,-0.3778571425095939,-0.3927290691996155,-7.614130490951119,0.1061946715938151,0.274745968861426,0.237417133896562,0.9562298556702724,0.9562298556702724,0.9626674060542408,0.9626674060542408,0.04833299740869442,0.02308393992045238,0.051546894416407814,0.05538173381710779,0.09456381623737165,0.09515719041245335,0.10297374714036411,0.06413242345168715,0.06923539210871249,0.034735462130508175,22.020000457763672,47.83,2.62,0.57
59,2001-09-27,NG=F,1,0,0.04630950287099597,0.04891235749857797,0.044614042602841325,0.04161712693727242,0.04683335783865285,1.1127510781990346,-0.1385732812430256,-0.311974741569818,-0.2690672325946641,-0.42922434029628304,-0.4795210431082025,-0.1436593490648682,-0.28291535654787847,-0.28291535654787847,-0.32372506197693407,-0.4723183168582976,20.79466804581693,0.03994669921491186,0.9998510483904176,0.1587947808018344,0.1587947808018344,0.1587947808018344,0.1587947808018344,0.4073182916259729,0.3283766163469998,0.3094759452703769,0.2550524296416171,0.1745206119813298,0.13378033569774644,0.0976929519894538,0.347985150192974,,,0.12378042691111366,34.0,786.58,3.47,1.8
60,2001-12-27,NG=F,1,0,0.03676935872606535,0.03691154405306921,0.03673175563346305,0.05021402400371178,0.047180795479252476,0.7322527810825794,0.08044353077286359,0.05798726987462348,0.09999304213277747,0.07672743951135047,-0.016692611873425772,-0.015430984867015773,-0.0808151871464402,-0.0808151871464402,-0.11128164535537544,-0.20820512051386908,-13.044441956630301,0.09784735556476881,0.6652813865973204,0.0705512605797047,0.0705512605797047,0.0705512605797047,0.7521488418775184,0.7521488418775184,0.13025910644453328,0.023597280468716703,0.019173462365296035,0.019344568761031734,0.040534242476991174,0.0626968817773047,0.2281714958977971,0.1288323620014678,0.11430970673388903,0.023401277036777902,21.59000015258789,263.37,2.88,1.94
61,2003-02-24,NG=F,6,1,0.026482917086449755,0.03183446201325537,0.028133147782575658,0.02685490202362582,0.0302205571502386,0.9861483413028724,0.1411245036058553,0.12590977394764918,0.168857374937255,0.19848784453451668,0.2474533585050671,0.0,-0.05014073126601326,-0.05014073126601326,-0.05014073126601326,-0.05014073126601326,32.37484391390373,0.19700117077429233,0.9999999999978548,0.0517528165214657,0.0517528165214657,0.0517528165214657,0.0517528165214657,0.0517528165214657,0.25371737685129736,0.11482656628061585,0.06945947440109575,0.051656865713018515,0.04520384806291474,0.0370467466123061,-0.031860920127133596,-0.03786724397772948,0.005101199731554489,0.005430326423871936,31.979999542236328,186.14,3.17,2.26
62,2004-09-29,NG=F,1,0,0.046639727117636906,0.04579959222641105,0.04168906099681164,0.03980621877653477,0.03463030246609862,1.1716693660220345,0.0202990377315566,0.1495599312795723,0.1779627486332404,0.08931730862740293,0.0621766346764826,-0.06519809749688876,-0.06519809749688876,-0.06519809749688876,-0.09932986240231012,-0.17687317471512587,18.86211604505614,0.13022719211073552,0.9992178467896792,0.1032489495115619,0.1032489495115619,0.1032489495115619,0.1032489495115619,0.1032489495115619,0.14820687399436325,0.013910981326800163,0.015886112714477655,0.01606569965069499,0.016552299212574825,0.028798387067552646,0.059465492242095894,0.06390135842736251,0.0931550609039599,0.0780050412858084,13.210000038146973,142.18,2.12,1.49
63,2004-11-24,NG=F,1,0,0.04242537485300611,0.03969734293750418,0.037322612229493575,0.0480050726421013,0.046089905946432114,0.883768579402134,-0.0475766728215523,-0.0951361822544788,-0.23202495562045258,-0.21257712081789495,0.023383306882814415,-0.07153644226184874,-0.11930188754356386,-0.22737657724843818,-0.22737657724843818,-0.22737657724843818,16.05443088357535,0.20687062814568452,0.9661179171921798,0.0342378245863927,0.0354681322371659,0.0453182122071721,0.8096431621051676,0.8096431621051676,0.1444832199737728,0.012483248107227585,0.012175008075480017,0.019636136477102616,0.044626028912131806,0.055088916836400104,0.062021041756256674,0.044125666271526,0.04782672492805874,0.0281053665230786,12.720000267028809,176.0,1.95,1.19
64,2006-09-28,NG=F,1,0,0.030368641756139382,0.04010487080705388,0.03348716081688575,0.0321525317632803,0.03913514711105488,0.9445178992349771,-0.16021921139475698,-0.2601094408609342,-0.3505864380926469,-0.4036384216098803,-0.4765873968753377,-0.12131351329139906,-0.1608069959230709,-0.26530250764811614,-0.3053901601086444,-0.41302219148279695,24.95937673608619,0.07696586546471636,0.9999995172709392,0.0585141320896715,0.2581970973593707,0.2581970973593707,0.2581970973593707,0.2581970973593707,0.20725500631929306,0.06378333184895084,0.10075172134475005,0.10296682509158636,0.08489058162350183,0.06980306323902717,0.06777901673178728,0.07922576785302968,0.13101948670972613,0.09363232752842039,11.720000267028809,117.82,1.73,-0.05
65,2009-09-10,NG=F,6,1,0.062651082217866,0.05135210514357197,0.046987572240315,0.04161384626110799,0.046914691695534985,1.5055345238880085,0.0028318237926452878,-0.018561196017298304,-0.09018765058689661,-0.2244858509172424,-0.22279003265778238,-0.07624310265566692,-0.1730959764879818,-0.1958961427557825,-0.2791032391482885,-0.3795150889120845,14.057617005678038,0.17813265240519383,0.8562956072742502,0.206712587126657,0.206712587126657,0.206712587126657,0.206712587126657,0.3706087966896417,0.13990799114092828,0.11098226727168894,0.0862527705414829,0.07330660795576058,0.0734484701157686,0.07188962739494797,0.16188322277848405,0.11916615628112595,0.22249140934929615,0.34043537194946005,23.549999237060547,92.47,2.96,2.46
66,2009-09-29,NG=F,1,0,0.048142668202120646,0.06790839960571733,0.07456999104338204,0.07265831691988973,0.06305190866903945,0.6625899173414779,0.042163388391865106,0.12339529550603803,0.31283952605585735,0.20685601257827657,0.14145240943208046,-0.06398993293228361,-0.08031916131445493,-0.09090909090909094,-0.1575411828652885,-0.20708194362618138,26.77118656805511,0.07733330359825721,0.999999965382611,0.1637917594803581,0.9240691236568718,0.9354323429588002,0.9354323429588002,0.9354323429588002,0.17935048060809014,0.06178793848039814,0.15135872297667416,0.14919532548240513,0.14343492041466435,0.11527190331272534,0.1801651730671111,0.18835016008186475,0.17850580968346869,0.20342805950467427,25.190000534057617,129.52,2.81,2.31
67,2009-10-29,NG=F,1,0,0.02851273680495275,0.04464564502812096,0.04143308893700831,0.044474191438881,0.06871842829233667,0.6411074801469208,-0.1731869074913126,-0.03369942671066317,-0.1339975454228319,-0.12106771396603999,0.13163465867403518,-0.1330099027327386,-0.16895946107882354,-0.16895946107882354,-0.16895946107882354,-0.16895946107882354,16.57080086429323,0.03713951198889427,0.9844616108896396,0.0379161188815923,0.0526251772156541,0.0526251772156541,0.4545207323133314,0.999999965382611,0.22245043356286778,0.0827864439315874,0.09556714870628198,0.09121881686758924,0.0898320365875293,0.09905279471092418,0.30863672934630804,0.35020079801261406,0.3640156953249249,0.28527347972722683,24.76000022888184,69.81,2.86,2.55
68,2010-10-28,NG=F,1,0,0.022432649478271383,0.022329638080904327,0.02560843161566121,0.024586785224247114,0.025396310948289504,0.9123864414835594,-0.07234891144734479,-0.11575588099732399,-0.16046638488974282,-0.18525362170026252,-0.19354825095509512,-0.022565313098524054,-0.09980858711079321,-0.10930736824342024,-0.14979336953740818,-0.18956173826522127,16.691388498090408,0.06889463204567475,0.9760651851680812,0.0067255480293888,0.0067255480293888,0.0196738040628352,0.0196738040628352,0.0196738040628352,0.15448649541771528,0.01448121496421116,0.020078843270671293,0.05872343691214691,0.05548168423322952,0.04381233138429199,0.4055578216000703,0.4521741793947813,0.40132146522954465,0.3146735790463883,20.8799991607666,55.87,3.16,2.32
69,2018-11-14,NG=F,2,0,0.03507235764688125,0.03379463668238152,0.030497431439166604,0.031002898272594535,0.02790017506411022,1.1312606111372487,0.1428757234480877,0.2521507586754119,0.2443370426510729,0.23596613997110408,0.258761878964821,-0.0033755509699008313,-0.007359684155692214,-0.007359684155692214,-0.05481925465611026,-0.05481925465611026,16.50638662769727,0.1817241532961012,0.9898891403013556,0.0854046537419223,0.0854046537419223,0.0854046537419223,0.0854046537419223,0.0854046537419223,0.15100084468388872,0.012773743470422705,0.012195134194873378,0.015463622251416339,0.013724444317207438,0.013692450015734606,0.03268295749647521,0.037784882118076346,0.05199288581390967,0.03784374300367178,21.25,33.38,2.09,0.26
70,2019-01-14,NG=F,1,0,0.027416817592781795,0.0524018847563306,0.054107599885432144,0.0558508939918624,0.053276905058458134,0.4908930839455584,0.0179070608703684,-0.1614534988875811,-0.18425581969984461,-0.2886497036011227,-0.31865908194755166,-0.005026764962663632,-0.10990006630678428,-0.22955973035208477,-0.28709990166100974,-0.37645812045057925,14.7351266132173,0.09384575998028383,0.9043165432652568,0.025095485729869,0.7609870660929628,0.7609870660929628,0.7609870660929628,0.7609870660929628,0.1361730584094491,0.06622247250660047,0.1062024374334767,0.11257343044765108,0.09256280730544449,0.06978156269562627,0.1428330180669735,0.08735674371878213,0.05120553658025616,0.09255650750910602,19.06999969482422,89.27,2.46,0.18
71,2020-08-03,NG=F,1,0,0.033423278149010964,0.03426153468097988,0.031059333520457807,0.03127401701237956,0.04038746343557472,1.0687235392812071,-0.0049902758119696015,0.046070113548170796,-0.0033295939741665136,0.03680010909249559,0.09375497633384645,-0.02966556006923393,-0.04092920477973894,-0.07705284866957274,-0.1252665290252689,-0.1252665290252689,15.518248670118531,0.14374109263792698,0.9425238491114166,0.0227361342485737,0.0369199928197518,0.0369199928197518,0.0631104594273447,0.7596360118746222,0.14008732263608167,0.011088661593426297,0.01470009875887872,0.021024823799910036,0.02158618216420007,0.02821815682865846,-0.031145870662689732,0.026143794820613436,0.028825646918698287,0.08270655322162986,24.280000686645508,42.17,2.63,0.45
72,2020-09-23,NG=F,5,1,0.05449234549530716,0.04720416318788208,0.04453046274131787,0.04283985374431472,0.041350902650687936,1.2720012029111758,-0.25300934377578416,-0.26896940793602814,-0.3604845205490281,-0.3149778939611101,-0.16036290326799138,-0.1910013128271617,-0.23773895740918471,-0.2913446872041361,-0.3097478559826191,-0.3097478559826191,14.727243322207912,0.18447056938620174,0.965568827724895,0.4509232013026134,0.4509232013026134,0.4509232013026134,0.4509232013026134,0.4509232013026134,0.17519427042405017,0.05192702725308427,0.054983670134152604,0.06828822441230034,0.07952875482783103,0.0972998316218223,0.4033317205373242,0.3176154714480302,0.30892267722358324,0.22442637163578727,28.57999992370605,62.17,2.68,0.54
73,2022-01-12,NG=F,2,0,0.02595056383788354,0.05205677098100676,0.05065149646920935,0.04490937195718894,0.04827705446318156,0.5778429469604164,0.1337667848229454,0.04673303295651488,0.10277500471317999,0.11326283030600479,-0.13311944797507808,-0.01803192524293884,-0.11505965204160717,-0.12290636480133688,-0.12290636480133688,-0.22027585348580292,13.37372592547143,0.14268073596484226,0.7640487211302545,0.032819687097151,0.499200396864886,0.499200396864886,0.499200396864886,0.6105162648514124,0.12117246184464978,0.01518369410074077,0.025194456837233963,0.02416818233953073,0.0359562236513659,0.051239898494740435,0.1563887248045567,0.2579802009860271,0.17623509140743196,0.18652062375676118,17.6200008392334,78.21,1.77,0.82
74,2022-01-27,NG=F,6,1,0.0454281616029437,0.07236794986659545,0.061002287480614224,0.06138914231499761,0.05433654780220753,0.7400031974684458,0.0592372994466723,0.006568139459318313,0.1403349242822637,0.053301172415833174,0.11983096976532309,0.0,-0.21721224123582217,-0.21721224123582217,-0.21721224123582217,-0.21721224123582217,38.17267493869263,0.49736635943841123,0.9999999999999996,0.0809564828398696,0.9748498552919044,0.9748498552919044,0.9748498552919044,0.9748498552919044,0.17119899302413957,0.03665846656546346,0.08544438543397563,0.06202415498956402,0.05531942113560479,0.05245227757890248,0.11617605643806339,0.13764768027701102,0.10470147094654522,0.1345483151942153,30.489999771118164,265.01,1.86,0.63
75,2022-05-09,NG=F,1,0,0.062062083773016564,0.050897295144478195,0.056199503578656565,0.051000333465088886,0.04451023329113674,1.216895646682384,0.10462864120207091,0.2077828745120247,0.0969278011482188,0.23493101075132428,0.3982180495821051,-0.08425364587965023,-0.08425364587965023,-0.16445015646295136,-0.16445015646295136,-0.16445015646295136,-13.51846183293515,0.18858522700665575,0.8923240070565361,0.1455053811642016,0.1455053811642016,0.1696477193687484,0.1696477193687484,0.1696477193687484,0.29064308420240276,0.13635438859345844,0.09821187983355273,0.07568588631398629,0.06984422660594432,0.09453034561733742,0.04454386213123529,0.159986413661421,0.1887828283672174,0.21656519443874653,34.75,150.87,2.17,0.44
76,2022-06-14,NG=F,1,0,0.03508411016800148,0.05150254788688662,0.04682732630383759,0.04254529505942911,0.05046201616406645,0.8246296122519418,-0.0795689580597141,-0.013613503678738901,0.06304507819866279,0.11640462567665551,0.17263465737497002,-0.07360378768683629,-0.07648566598379014,-0.09207438255937872,-0.09207438255937872,-0.20004553922448465,-18.02560935603811,0.26164974377879746,0.992967427434156,0.0635068055198969,0.1359913001163707,0.1359913001163707,0.1359913001163707,0.8923240070565361,0.2946903523720169,0.11356215731634027,0.14587773432195636,0.14103953178917827,0.16379361739537687,0.1664320388842353,0.22585971455129,0.1791314096467588,0.21630926098684863,0.22479503046247734,32.689998626708984,136.37,1.99,0.04
77,2022-06-30,NG=F,1,0,0.051120677199255435,0.04308689701939846,0.05847393647962158,0.05929313042333912,0.053342542437280115,0.8621686329304209,-0.05392136556114321,-0.10105763848806629,-0.3577669928286277,-0.2259098387007286,-0.20243188273714982,-0.008090363660569144,-0.1666667199041113,-0.3060359719173088,-0.33276120032839474,-0.33276120032839474,-18.066094830176578,0.22953547408375893,0.99294833781112,0.1599653700853419,0.4727886070865822,0.992967427434156,0.992967427434156,0.992967427434156,0.2862842860474709,0.19533333236801115,0.20079732763297345,0.18284254117590823,0.17769673244151912,0.1784010715197081,0.20959316342448325,0.1950857026584757,0.19541287109713718,0.20890894400592797,28.709999084472656,173.21,2.31,0.06
78,2022-07-07,NG=F,1,0,0.08815655034904504,0.06962078565660502,0.07268134576703282,0.06472513916714714,0.06250547578787188,1.362014071864539,-0.17305306309710008,-0.2115337394543881,-0.44624352689935143,-0.5258124849590655,-0.38319844870068864,-0.16528167661165893,-0.20909887091521306,-0.27331194763888633,-0.41633491259661803,-0.41815060627683887,13.35086538981024,0.1418135835513063,0.854403219407342,0.99294833781112,0.99294833781112,0.992967427434156,0.992967427434156,0.992967427434156,0.39290817339185996,0.23851240147228828,0.22558908052442833,0.22578871376235155,0.19773207465084872,0.18341412277576488,0.30666945060907175,0.24247664339341055,0.22892949972291218,0.23388165643041678,26.07999992370605,88.63,2.33,-0.02
79,2022-10-28,NG=F,8,1,0.07061514625007667,0.05302322155462464,0.04858234070074478,0.0461274038831885,0.04332697383093298,1.530871896213802,-0.032628071993457596,-0.2622456457955774,-0.2959394830595376,-0.28178352686472447,-0.47318028950253194,-0.07607341032615389,-0.23152021418582036,-0.26511558919702405,-0.28872633049328433,-0.3625144318487262,9.16925508124828,0.060344816015017184,0.2955562375438734,0.1190301937790127,0.1190301937790127,0.1190301937790127,0.1190301937790127,0.3087491206958976,0.1596250669779728,0.06388289433165917,0.0924772433446612,0.10579821000815816,0.0988839829268048,0.10502759249114177,0.2211025991015219,0.07961320678955161,0.10782145193774123,0.18707962709593207,25.75,203.69,2.3,-0.39
80,2022-12-19,NG=F,1,0,0.07084545699730016,0.06736478310424085,0.06330247212696818,0.06020044831703433,0.060584096263396704,1.1768260698692126,0.055288509330434894,0.04954040924631529,-0.062263245646214126,0.0356271697819636,0.09948555272627069,-0.07281905098884756,-0.07281905098884756,-0.24409125615118277,-0.25164206390100685,-0.25164206390100685,-12.04570764635066,0.08716462886893343,0.7096472883229528,0.193042480826064,0.5670688077461912,0.5670688077461912,0.5670688077461912,0.9326869789380486,0.12737047266613064,0.059286315080660346,0.05601677284913854,0.04573025473117453,0.04150611584780972,0.10150401776018411,0.12928368099948612,0.12899058329585458,0.1067898964324454,0.16206323572622244,22.420000076293945,171.46,1.98,-0.68
81,2023-01-30,NG=F,1,0,0.06745614431726407,0.05875841997985843,0.053419596460199226,0.057734249121947974,0.061074122598096386,1.1683904327703514,-0.02069150926905239,-0.17267941568602138,-0.1794225553287354,-0.4151744741066836,-0.8022799248685859,-0.14592399683325907,-0.17902954994204423,-0.24705883859422317,-0.35424435273775023,-0.5776183508836094,-14.96043390091506,0.060141953903010935,0.9242658776869488,0.1100984013340769,0.1211313589178541,0.2672016982732206,0.7690503972797023,0.7883966485845085,0.142964781472226,0.02012360250896832,0.04108644522065997,0.039125711455021125,0.04618803724700036,0.051463698117020215,0.025591090436250175,0.13618682186165446,0.09838336306818113,0.11791133965750523,19.940000534057617,155.17,1.87,-0.7
82,2023-03-06,NG=F,1,0,0.053092719851383106,0.06224383739779472,0.05800752433818365,0.054900018328904884,0.06097158100354513,0.9670801844419379,0.2051117241365093,0.2307329757707283,0.21371653374143232,0.20307377178052907,-0.08471007964105262,-0.016364283897399745,-0.08879126711033147,-0.19244253016083368,-0.19775547001766547,-0.3986075027082331,-15.692400180846919,0.1158630854441382,0.9776080310700244,0.51376252827051,0.51376252827051,0.51376252827051,0.51376252827051,0.9242658776869488,0.14752641745758704,0.03874449802419666,0.033595734314191175,0.027325475554667012,0.024466602639438728,0.030548987922777892,0.10953691185510772,0.1150691887513736,0.093653228969589,0.06215141046138866,18.61000061035156,106.86,1.79,-0.91
83,2024-01-30,NG=F,1,0,0.0642188505887793,0.06369364211571439,0.06320962650310533,0.05774017888409426,0.04925935579127542,1.1122038731069765,0.02892851973760531,-0.2855713980725123,-0.15001127278879173,-0.026551951419195724,0.06427080684873972,-0.08185836740234176,-0.16586212730861127,-0.26984608004373145,-0.26984608004373145,-0.26984608004373145,-18.13582162469299,0.03514682601951496,0.9980376563919064,0.1352681766153066,0.780962588399172,0.780962588399172,0.780962588399172,0.780962588399172,0.1521127217227472,0.01787345878027099,0.05553943541242009,0.0435250016106152,0.03747137620981626,0.044363248298500794,0.08666931397260597,0.00026279484695540333,0.011270443086087246,0.05239518147287205,13.3100004196167,206.28,1.58,-0.3
84,2024-02-28,NG=F,1,0,0.07448676071785308,0.05475534832984841,0.04565369182506164,0.05520320822617142,0.05715396870487683,1.3493194165939704,0.024444986877242593,-0.09051400541158722,-0.25399401585807563,-0.4329477517269093,-0.7185191497994213,-0.09588266040709204,-0.09588266040709204,-0.21553015140469367,-0.24952378724978252,-0.45655175055958497,15.459285326096989,0.065782532152042,0.95707577634696,0.455788817586862,0.455788817586862,0.455788817586862,0.9980376563919064,0.9980376563919064,0.14500219310009624,0.03687536169043346,0.02468522254277661,0.01943541565471995,0.028307604023447636,0.03738488115310513,0.021190051987379954,-0.007554266020111119,-0.036939981095419176,-0.007244117578182512,13.84000015258789,177.46,1.55,-0.37
85,2024-04-29,NG=F,1,0,0.04474889126624617,0.036483911189045266,0.035757497180475696,0.03371794998206629,0.035380312662877146,1.3271533794328227,-0.0820424310135819,-0.09226398900617441,-0.10070284972852349,-0.088301363103411,-0.07574414630112779,-0.10927156151929474,-0.10927156151929474,-0.1437665936486049,-0.1437665936486049,-0.1437665936486049,22.93202321564049,0.06896551116650461,0.9999865526487772,0.1215308203822326,0.1215308203822326,0.1215308203822326,0.1215308203822326,0.1215308203822326,0.15224127873991808,0.02299482696292084,0.015928204205145798,0.013231370999324745,0.012649631074629662,0.012328321559133234,0.01787316337205167,-0.017915773370851075,0.0027066208487376894,0.023980560837447835,14.670000076293944,191.11,1.45,-0.34
86,2024-10-30,NG=F,1,0,0.06469240186802988,0.04878338136904365,0.04156622364973585,0.03801506656474897,0.04261256252254423,1.7017569009866884,0.015031353195462713,-0.06277864275763419,-0.15268819006995138,-0.2106187113781695,0.009421943426639198,-0.09804684887931159,-0.09804684887931159,-0.15588787392389658,-0.23973068173343615,-0.23973068173343615,19.285134610282668,0.05237255814752538,0.9994070364375977,0.2454534396466272,0.2454534396466272,0.2454534396466272,0.2454534396466272,0.4286095451207313,0.14698292908787747,0.01776136572829135,0.01298321625855998,0.012214954608768829,0.014418338131628614,0.018865229615290385,0.11487554572778576,0.1273743145381334,0.04173083664586877,0.045401106567745465,20.350000381469727,133.96,1.44,0.14
87,2025-01-30,NG=F,1,0,0.04868986790863123,0.051961198603559765,0.04992951978819747,0.056470700512186486,0.05702439315963887,0.8622146965951638,-0.11353071127067581,-0.11554884945062992,0.024629023961012218,-0.10745168318288388,0.07486990995536583,-0.13806804100444414,-0.18482854859298892,-0.18482854859298892,-0.18482854859298892,-0.18482854859298892,-14.85558461603485,0.06727926758311631,0.9051078795794602,0.0967297117637183,0.0967297117637183,0.2608634677150344,0.554742849904449,0.554742849904449,0.1462424346771715,0.022528475306647318,0.022350449357952096,0.022719624944263103,0.03428036507783852,0.03229381327037928,0.2841680378534901,0.16582761173078717,0.1179893366893914,0.10799072581377686,15.84000015258789,120.68,1.45,0.34
88,2025-10-30,NG=F,1,0,0.030005172097351724,0.045954083560129394,0.04153064098593573,0.03943952214202513,0.04444639576519147,0.7607894433735911,-0.0216826895998962,0.112760094368059,0.012818772534729314,-0.029190672441024003,0.08528947453732649,-0.028181256863539228,-0.04893496759181859,-0.10125423194794325,-0.1600914687654954,-0.1600914687654954,15.854188115633969,0.07204248720232871,0.9574773566902016,0.029279780869498,0.5278538000078532,0.5278538000078532,0.5278538000078532,0.8144247896656048,0.24453157865247704,0.1410004823875736,0.15665903815557317,0.1472477776910667,0.11347443088182384,0.08424670756558683,0.17605366761638472,0.2956252246683394,0.23161210942868066,0.15700052861675148,16.90999984741211,132.02,1.64,0.5
89,2025-12-30,NG=F,1,0,0.05765442244987259,0.048249129285612764,0.053364243358420195,0.048315653621323625,0.043485281402036495,1.1932866085542801,0.16250634422089189,0.1306400069605802,-0.12083652277064634,-0.034186009481547,0.008786061161950388,-0.03765877714634591,-0.03765877714634591,-0.20887626707190077,-0.2652675566725331,-0.2652675566725331,-16.55229589136423,0.06545826699340178,0.9872500061897284,0.2726045676053258,0.2726045676053258,0.2726045676053258,0.2726045676053258,0.2726045676053258,0.37169604785591953,0.06595514595416514,0.036358300165834356,0.029381678410026695,0.023821319729757175,0.02691257455412292,0.14685551592534835,0.15401716234422472,0.13838326087746355,0.1208704933313808,14.329999923706056,218.89,1.75,0.69
90,2026-01-20,NG=F,10,1,0.058513631251673776,0.05127895971119737,0.06475145667925189,0.06315361906910559,0.05715359481333637,0.9265285523486069,-0.021046690926792094,-0.1535520339142676,-0.31266551892897537,-0.25990711301507224,-0.47606802769565537,-0.09242468354099342,-0.11971635697503158,-0.3379560359580198,-0.3379560359580198,-0.4133106626071045,23.04004711775431,0.1561299935937594,0.9999887492088032,0.167031365306439,0.167031365306439,0.9872500061897284,0.9872500061897284,0.9872500061897284,0.27235537111886443,0.1011777757383653,0.15477208724260438,0.17866520285619697,0.13795002615417015,0.095708194165245,0.0345977509181554,0.0797086168327785,0.12553840200427785,0.11860308015967547,20.09000015258789,251.43,1.65,0.7
91,2000-07-17,ZM=F,1,0,0.018620598091819093,0.016564368500483043,0.013750140076207146,0.012892662389836869,0.012500050233260191,1.4442787322576203,-0.015019808017674802,-0.028053150139953603,-0.0286415944364946,-0.0507483877765449,-0.07181376630170322,-0.03504672959669464,-0.03504672959669464,-0.038167938247332334,-0.0432242641845465,-0.09352514765855269,-9.120236680279099,0.012599428766803514,0.9999288424142558,0.0676983618091703,0.0676983618091703,0.0676983618091703,0.0676983618091703,0.0676983618091703,0.5012153554558237,0.010379238885493799,0.008816221353993878,0.007448090030604504,0.007407714652163327,0.012106865422901906,-0.4739994343003005,-0.4850927172604079,-0.18538101465436632,-0.007501752674506527,19.450000762939453,56.75,2.22,-0.29
92,2003-07-14,ZM=F,2,0,0.01511264723342713,0.013312663356012302,0.013468142696349845,0.012578420645736962,0.012949686622940064,1.20147414838993,0.0182439247676489,-0.0036091657209162964,0.021405181846419097,0.008819835160955901,0.0077781048217946975,-0.006266302601786844,-0.04000001565004008,-0.05215191418611553,-0.05215191418611553,-0.05215191418611553,5.5751271389903305,0.05569122650923552,0.3881241883202386,0.0068887513781735,0.0159978302546627,0.0159978302546627,0.0217559707571783,0.0270036971646726,0.06265828497839204,0.01308286647559792,0.021822864959009473,0.03598990416014059,0.039318061208523936,0.03276297061966518,0.0005018168311966916,0.11794418769484444,0.1293926844694265,0.1006923158825459,19.59000015258789,143.31,2.72,2.39
93,2003-09-15,ZM=F,1,0,0.011722899770474113,0.016159844868928453,0.014730128791368157,0.01974060367578473,0.021053911597552682,0.5938470759561564,0.0273201602576285,0.053909659732288305,0.10930837647387401,0.1786404318232259,0.22551039824534239,-0.0009718024551822468,-0.026852356993434245,-0.026852356993434245,-0.026852356993434245,-0.027843583313212794,-11.08919241497781,0.0174326624329506,0.9999995684855132,0.0266208468173367,0.0634447743879831,0.0634447743879831,0.7852135219125305,0.7852135219125305,0.1803100567180723,0.010725647367701917,0.01636213414617733,0.016234305403474696,0.02826350788964735,0.028372995702393898,-0.0455677809683613,-0.05792539455646998,-0.055824279180124246,-0.04179324083860979,19.280000686645508,111.35,2.55,2.65
94,2004-04-15,ZM=F,1,0,0.025330207290363917,0.026276076238556774,0.02239229674859037,0.021770103455713563,0.01974921963828962,1.1635317830203515,0.0006213489197223962,0.01722830396017769,-0.010810916104215501,0.06379343694815529,0.13976194237515852,-0.046224961479198745,-0.07886904761904767,-0.07886904761904767,-0.07886904761904767,-0.07886904761904767,-5.94994987470353,0.016809412289169448,0.9104750186590096,0.0807431620175086,0.1713665080986424,0.1713665080986424,0.1713665080986424,0.1713665080986424,0.21065954044594348,0.03459473054757931,0.03214078114008716,0.03858200993537836,0.05309469272176879,0.059582177122647816,0.10161496665790197,0.1063047589142878,0.061942766292177175,0.13356776643810764,15.739999771118164,177.98,2.09,2.32
95,2004-05-12,ZM=F,7,1,0.013487839146615378,0.01187932562265885,0.012324108600678592,0.020751064010759,0.021365997238841705,0.6499830148286473,0.0332499569879638,0.0782939861954229,0.11430125974452642,0.07150341657405261,0.058058872548441706,-0.013488731604552773,-0.013488731604552773,-0.013488731604552773,-0.0854037267080745,-0.12351190476190477,-5.96499627806837,0.0031847133757961785,0.8393444843994955,0.0240538745319982,0.026068408412574,0.0461619588543485,0.9104750186590096,0.9104750186590096,0.14571673629265744,0.0398365929747362,0.056482574970883305,0.07179225717219395,0.08062581242731151,0.06285924561520678,0.41879469555055904,0.3718233606689776,0.2680560517567336,0.23912261698262724,18.13999938964844,122.35,2.0,2.21
96,2004-05-26,ZM=F,6,1,0.03166115675504463,0.038310682554337616,0.03326638826785766,0.029978351510650376,0.028575539414450412,1.0561340153676029,0.015803665173125602,-0.1495607329293157,-0.11631077594135192,-0.07126674673389281,-0.07805731635526313,-0.04894637599106921,-0.13775042282598227,-0.16051605748402198,-0.16051605748402198,-0.16051605748402198,-3.43823071589183,0.010818608482016198,0.2230690562941883,0.878544234262235,0.9823974303432114,0.9823974303432114,0.9823974303432114,0.9823974303432114,0.04086190259069156,0.08749688888153762,0.11469657450450084,0.08974324732791264,0.08558957473769209,0.09198273311970795,0.2252370622909237,0.26456619972791884,0.29353753249860076,0.25243905295008234,15.970000267028809,131.19,2.05,2.15
97,2004-07-06,ZM=F,13,1,0.031950689390547536,0.024125639151743306,0.0210661031986365,0.018756254066626,0.029124847507254532,1.703468575177764,0.019929981699095295,0.104582867029432,0.1468045900023709,0.17521762502207108,0.10705947265457048,-0.0023809939014668435,-0.0477273123604911,-0.0477273123604911,-0.0477273123604911,-0.11324041811846686,9.26447442636429,0.004351609941629711,0.9992438359719732,0.3850393016820452,0.3850393016820452,0.3850393016820452,0.3850393016820452,0.998044554526013,0.1516385929071098,0.033723619192690214,0.02762644337238746,0.03794981424451234,0.04971446162792768,0.07983730232675779,0.13914055180008894,0.10141197827160704,0.11361701377928196,0.23186916233454086,16.25,86.04,2.14,1.93
98,2004-07-28,ZM=F,1,0,0.03370308624980393,0.04148575823877773,0.03548260897529998,0.04501940338889203,0.03983803838525434,0.7486346711142721,-0.1393326010564448,-0.3482236977632316,-0.4827918010778307,-0.32369705948019967,-0.273119584736672,-0.109335574711246,-0.25684209455523577,-0.37669214049294786,-0.3855526673885117,-0.3855526673885117,-6.75833982851138,0.0,0.9872095147417927,0.9995867860044252,0.9999999959072516,0.9999999959072516,0.9999999959072516,0.9999999959072516,0.16110171525740105,0.07141442303503896,0.08984030707277678,0.09726923492446082,0.0858131847679586,0.07008626057366354,0.06574846395536482,0.005215783140864803,0.046945692887595925,0.06624606062210558,16.149999618530273,110.73,2.1,1.83
99,2004-08-11,ZM=F,1,0,0.030121780455938985,0.03265287572804428,0.03329521689328093,0.038942446948590614,0.04093944411445409,0.773494806212457,0.048283465666221895,-0.0751572793623106,-0.21448988041875539,-0.42338097712554223,-0.3988543388425103,-0.011027553625274078,-0.08145928313128326,-0.22708157824643405,-0.35508770859032346,-0.46678271963226625,-4.66889766261723,0.0,0.717891797010771,0.4328208236248017,0.9872095147417927,0.9995867860044252,0.9999999959072516,0.9999999959072516,0.10871576476267772,0.029981598186319035,0.04800082123173825,0.05580535516617182,0.06892056415225749,0.07320906358921846,-0.07141320972616062,-0.01601644704720868,0.00882566005290086,0.01995655053459281,18.040000915527344,130.34,2.17,1.76
100,2005-06-27,ZM=F,2,0,0.010895373944149928,0.013284299001816232,0.013101964492908808,0.014635318264755552,0.014928462023404494,0.744457602291296,0.009561120044338102,0.0895310790343217,0.0717153094919793,0.09474802637847438,0.1682344152259019,-0.017211704410722506,-0.017211704410722506,-0.019052002336750418,-0.021799684944232234,-0.021799684944232234,-7.078638721201689,0.027855153992638656,0.9784745362525312,0.022009890566078,0.0310001099720031,0.0310001099720031,0.0427763598212483,0.0925350122999658,0.1483522811041871,0.010721819441783414,0.010496606097660219,0.012984633054900658,0.03851301433041857,0.03795802196800392,0.24833908750641387,0.2638959496803671,0.15126405454489603,0.12147396250452419,12.520000457763672,156.5,1.89,0.3
101,2007-01-12,ZM=F,1,0,0.013689164209418233,0.01299490111137651,0.010907753624379244,0.00983772170105755,0.011719618308320653,1.39149740411407,0.0052882194508775005,0.006349292266776002,0.025101516629198996,0.010071694678694301,-0.032687671781754295,-0.023036617259080683,-0.027618488595824275,-0.027618488595824275,-0.027618488595824275,-0.06384065273326756,7.80933571259494,0.0,0.9647952754901068,0.0074723563013735,0.0074723563013735,0.0074723563013735,0.0074723563013735,0.0376960415240339,0.24501704068694577,0.10135165849118077,0.08677337570256269,0.06221302152298119,0.050269220036184704,0.039113962166447754,0.27411490159642654,,0.17574018976219252,0.11451682549806212,10.149999618530272,160.66,1.59,-0.11
102,2007-07-16,ZM=F,2,0,0.013846406452417111,0.01898352482701982,0.02145497318234551,0.022677904479341805,0.01904234783759713,0.6105681618436284,0.07968092156004529,0.1491625096427141,0.1131550188650205,0.09475766672484379,0.1551381793625658,-0.0015766413137402457,-0.013570809613347667,-0.013570809613347667,-0.08578641250409613,-0.08578641250409613,-7.20147720611778,0.08570215192950542,0.98455954754292,0.041513665895677,0.2192694655279861,0.4052565068954956,0.4052565068954956,0.4052565068954956,0.14895804420841682,0.017998280665827142,0.029643026710923153,0.034148230777443125,0.039139797071361705,0.03984574194033947,-0.08755087071575986,0.05074824016358574,0.05880634071218977,0.16009007001597567,15.59000015258789,176.56,1.58,0.16
103,2008-03-07,ZM=F,2,0,0.01647090809330659,0.015420126696397312,0.013660214524351144,0.014098599375479179,0.013420585305835469,1.1682655599075622,-0.017556156518301898,0.021204187909579304,0.042299050449894196,0.04229905044989439,0.12832894947485896,-0.02652519893899208,-0.02652519893899208,-0.02652519893899208,-0.027370815814061755,-0.027370815814061755,-7.936174067412,0.08672564571234329,0.9977748582921916,0.0331077379017999,0.0331077379017999,0.0331077379017999,0.0331077379017999,0.187959940238823,0.21536254246565734,0.13136710239736757,0.1259012932984574,0.11318714566897146,0.10861518475139775,0.08841304138679776,0.3348216471419732,0.29334231542366773,0.28517553929906503,0.26247477777393574,27.489999771118164,91.69,3.39,2.03
104,2008-03-14,ZM=F,7,1,0.04602487707032919,0.03266641148892384,0.027953821216700887,0.02460939480625617,0.02152806641523393,1.870215721787226,-0.03889379112127349,-0.05644994763957539,-0.017689603211694188,0.0034052593286207113,0.02961259243256722,-0.021800713309482633,-0.10079575596816981,-0.10079575596816981,-0.10079575596816981,-0.10079575596816981,-4.78699078485142,0.017236309986766344,0.6177358644292021,0.9977748582921916,0.9977748582921916,0.9977748582921916,0.9977748582921916,0.9977748582921916,0.26178350310387805,0.21673390445223695,0.17405050342480227,0.15617883034971727,0.13907383536478782,0.11574271958029458,0.33004980494270575,0.2244678916788972,0.21679162752130884,0.21085174036437163,31.15999984741211,89.45,3.42,1.97
105,2008-03-31,ZM=F,1,0,0.03988723910242802,0.04243321542915601,0.04204760275214317,0.036879601983878185,0.030951779889468456,1.0815528627414313,0.09814797775946352,-0.030780547058949094,-0.06967433818022262,-0.08723049469852448,-0.027375287730328397,-0.037130836025404346,-0.07786036317096956,-0.12146099357696594,-0.17692310930247013,-0.17692310930247013,-6.020475892770389,0.07601613691570387,0.9545119257479144,0.9766845240139232,0.9847448607891542,0.9977748582921916,0.9977748582921916,0.9977748582921916,0.4339394798338882,0.4186184762548306,0.40100857036511595,0.3395836817274896,0.28752953689495914,0.2263854136982306,0.5274353102154754,0.4239955282124243,0.43407427403011734,0.3684021892786252,25.61000061035156,108.1,3.45,1.83
106,2008-07-15,ZM=F,5,1,0.01866433827047069,0.020576321446936295,0.019568963801120647,0.018397199372318998,0.019148490946779246,1.014520628534017,0.04386865220436019,0.05479267067334309,0.0933872214060654,0.09947811592330488,0.28033450082138583,-0.004185930649996172,-0.056381784453905404,-0.056381784453905404,-0.056381784453905404,-0.056381784453905404,-6.915094072788739,0.04954953651336442,0.9717215320587907,0.1296256876055217,0.2233994199832004,0.2233994199832004,0.2233994199832004,0.2914389517196646,0.2462890680394265,0.17243902331672256,0.19716847563704662,0.17043125795457018,0.16575716149318448,0.18124816737432564,0.2560189384890084,0.1898698281068659,0.15482073497853857,0.14977551839598377,28.540000915527344,119.99,3.22,1.48
107,2008-08-04,ZM=F,11,1,0.00833586928722864,0.016923416611433293,0.025071641695521497,0.02613155824353671,0.024312825678290725,0.31899625768740386,-0.0021373727186444983,-0.05818310373474509,-0.1938885303564482,-0.1863697113892499,-0.11507516024811862,-0.015015838027876316,-0.015015838027876316,-0.17300887656422825,-0.17647060405509285,-0.17647060405509285,-5.46914525253683,0.06638418079096045,0.6953617603899037,0.0115773924031598,0.9650109493092304,0.9717215320587907,0.9717215320587907,0.9717215320587907,0.23380767282266723,0.0985098466371469,0.13184702562618414,0.16054226770452668,0.17019662030000335,0.16356847738303687,-0.02745278307689541,0.007452828226736016,0.11756953738219005,0.11306398929404216,23.489999771118164,75.92,3.22,1.45
108,2008-09-15,ZM=F,2,0,0.02501160084501087,0.02550083752092576,0.021133083400076896,0.025100148082524653,0.029193583340522702,0.9964722424257156,0.051439911204762004,-0.026389673306086183,0.0036277080968570054,0.02538923400481931,-0.055795694326302506,-0.012895733460269287,-0.08927596172527485,-0.09224091002985935,-0.09224091002985935,-0.1273067849171826,-6.472423940349641,0.04219914474600669,0.961263208247124,0.1757237904435087,0.2876264433779827,0.2876264433779827,0.9379786721953158,0.9379786721953158,0.4376959649471713,0.17242410052951732,0.1593456744761588,0.17362031106779643,0.21623055098150132,0.24247780004335664,0.2766434113657067,0.2067270673785423,0.25709195606888646,0.26434013975081866,31.700000762939453,72.88,3.66,1.69
109,2008-09-29,ZM=F,10,1,0.022849806940651078,0.029913278996844626,0.02973091818848932,0.027578046234720106,0.0271619168020473,0.8285506067461629,0.007968169649176706,-0.1307497496626461,-0.07930983845788409,-0.15713942296873232,-0.10536051565782677,-0.03846155637596127,-0.07161963180836739,-0.12980503092901285,-0.14970060128933027,-0.15246883146075785,-6.32271706853923,0.06865061533631567,0.9471698640563572,0.1742119643807614,0.9734077390646626,0.9734077390646626,0.9734077390646626,0.9734077390646626,0.7500923711818691,0.46092425826247485,0.47080092476238533,0.3713419833514293,0.31507329961927205,0.30108734224179595,0.15310068361967513,0.13688152935648784,0.16511803527068475,0.16733894206598637,46.720001220703125,101.52,4.01,1.91
110,2008-10-29,ZM=F,1,0,0.03579526400486798,0.0316644216453532,0.035507169527239944,0.037398837417239,0.03522013872515957,0.9571223726962206,0.0037551679344587086,0.0471984322973996,0.057467109159327706,-0.04614515668980339,-0.18338300807274804,-0.03438291863812293,-0.03452162178998597,-0.09745291432738934,-0.12927346642099002,-0.253663017568008,5.89476293552604,0.05865715754748233,0.8430815070595109,0.3303945513708651,0.4601032744462514,0.999227669251997,0.9995097449452964,0.9995097449452964,0.7744997354909336,0.6015999327763633,0.6131806014616975,0.6402146564865877,0.654390797157948,0.6113912392469237,0.25958742720404426,0.3653079272314826,0.3628826973477449,0.33211079433588564,69.95999908447266,104.75,5.58,2.35
111,2009-01-09,ZM=F,2,0,0.01207888632399555,0.017297423051168978,0.015524897020847535,0.016374579264487384,0.01913759026221659,0.7376608662056934,-0.005004180584575902,0.060666450400218806,0.1359231660679927,0.1971466261561109,0.14864740836321302,-0.019933554817275767,-0.019933554817275767,-0.019933554817275767,-0.019933554817275767,-0.08624624298716055,5.4665489776544,0.025649165347105093,0.3726805146211982,0.0229979744661328,0.0613541477894166,0.0613541477894166,0.122740434511319,0.122740434511319,0.5370810125371694,0.4868056326347852,0.4494903062669772,0.4935344863039895,0.5229598650963944,0.556660255610655,0.3232275237604427,0.22673547293996282,0.20153656355874916,0.29516651928673565,42.81999969482422,105.79,5.72,1.68
112,2009-05-15,ZM=F,1,0,0.011963901843800745,0.01217340294263258,0.02183166183628622,0.021377878667638812,0.018931500488185253,0.5596393369895648,0.0616244321549641,0.10783919302223141,0.16059342683528502,0.1468380515101627,0.2595112369632742,0.0,-0.0008356205932277261,-0.041487400901103255,-0.05427530187696994,-0.05427530187696994,-6.301932701908659,0.023171462947214134,0.9137087982034732,0.0452567992813249,0.3699141580484531,0.5490868325709037,0.5490868325709037,0.5490868325709037,0.20226843618317641,0.16249330909926632,0.23134347654330892,0.2635494591695665,0.2785442464294627,0.3173650063089794,0.2457612258050166,0.3884873508515882,0.3146568958237187,0.2530867565085836,33.119998931884766,49.39,4.85,2.26
113,2009-07-07,ZM=F,8,1,0.018205619515376747,0.020914432653242967,0.02292232524515424,0.02236833681091694,0.02255503250623597,0.8139013494508647,-0.0094269805924597,0.028313347390387204,-0.05220264993737562,0.013045875259598792,0.05639628394167489,-0.04065040531750175,-0.04065040531750175,-0.07005425338939719,-0.11915887850467288,-0.11915887850467288,-5.1660711387378395,0.06010497085691437,0.6957873999816309,0.057127968987352,0.3576041334412206,0.3576041334412206,0.3576041334412206,0.3576041334412206,0.12590959299278254,0.04162073391908921,0.09059551095291443,0.10274238925354262,0.13162346436836422,0.14746502141814696,0.5989286324222916,0.4365950142248159,0.4456941479299936,0.5270456432884946,30.850000381469727,111.88,3.66,2.49
114,2009-08-17,ZM=F,1,0,0.028170206918627153,0.020066596277209938,0.020665731294019364,0.018738744104219857,0.02832096697840917,1.503313496462305,0.014579449763157191,0.05129329438755039,0.16189988830421173,0.179693434387685,-0.07890849110688347,-0.02788435422531843,-0.02788435422531843,-0.02788435422531843,-0.02788435422531843,-0.2298105917291282,-20.52131605957806,0.03715670436187399,0.9999999999999998,0.1436852215227834,0.1436852215227834,0.2541313985694268,0.2883719591069481,0.990019671050557,0.1779427569694016,0.04252000957785398,0.06138050892338122,0.055590397826709506,0.05527514919478864,0.09036991017929916,0.44108670182229276,0.47849397082571105,0.40901752861476187,0.3293209727177313,27.88999938964844,103.52,3.08,2.44
115,2009-09-01,ZM=F,3,1,0.020981146055263508,0.01651280218189979,0.060809613471983937,0.05260231851630024,0.04393189631164147,0.39886352250351736,0.09971197526442659,0.21177056114193948,0.040821961276705995,0.04109434613749932,0.16475134984011564,-0.011627906976744207,-0.011627906976744207,-0.20823738850720008,-0.20823738850720008,-0.20823738850720008,-8.395007907800709,0.09667329775350024,0.9992474962468644,0.1736805911540528,0.4613749729273338,0.9999999999999998,0.9999999999999998,0.9999999999999998,0.1725435603324398,0.036527798978664115,0.0458157172229829,0.05310423121745815,0.05634151084856027,0.054552246489277575,0.05848733518997219,0.2632114792463784,0.2699806358055583,0.3505533199572357,29.149999618530277,54.72,3.01,2.46
116,2009-09-14,ZM=F,1,0,0.026596160540612077,0.04180557698482933,0.03963678429510025,0.05860700918697157,0.04896446153551382,0.4538051149439041,0.04725290378204581,-0.1144903095994074,0.03339160042374919,-0.14540586170188263,-0.051322845440027506,-0.03151862464183386,-0.16692508037084142,-0.16692508037084142,-0.18552631578947365,-0.20823738850720008,-8.647359800382679,0.09838709677419355,0.999827152131341,0.6614241046577992,0.9996183725524774,0.9996183725524774,0.9999999999999998,0.9999999999999998,0.28716869583169274,0.1150910176414484,0.10973085947416275,0.08820752942110666,0.08482780863425474,0.07760791615914561,0.14106569167227945,0.1201185093151566,0.20393234202425967,0.27626801808328594,23.86000061035156,71.05,2.94,2.48
117,2009-10-15,ZM=F,1,0,0.012152965232562027,0.02691744588044892,0.02287321002204238,0.02324553831443833,0.03150950517640819,0.5228085092360948,0.14481931040652268,0.1517230310115606,0.16637790639681832,0.12068908070399882,-0.04566741422537919,0.0,-0.04460840064100846,-0.05947445187076339,-0.09030100334448166,-0.22063037249283668,-12.607621691738219,0.04557731074826585,0.999999998338864,0.1666941278314474,0.3710140259434057,0.3710140259434057,0.3710140259434057,0.999827152131341,0.19004056749788237,0.08252215319020381,0.08409692446877663,0.08814363503128413,0.10079561771324529,0.12567391875328815,0.43617772554979745,0.2956867204495441,0.29868976790411694,0.21140048578646903,21.71999931335449,58.44,2.96,2.52
118,2010-03-31,ZM=F,1,0,0.01838517813957738,0.013567521259295468,0.016780285635941146,0.01732977312478776,0.015715617549995148,1.0609012597677931,0.040365884486652195,0.0793659301724507,0.08897215197789049,0.045528115390892285,-0.0028218283026744083,-0.01845699561702685,-0.022066936869017617,-0.035175901330198434,-0.06341461124384395,-0.11395102844342164,-6.305611332390989,0.07148232081484923,0.919076893558192,0.0271693094676009,0.0271693094676009,0.0925979607017754,0.0925979607017754,0.0925979607017754,0.1563251336800158,0.009981734592174234,0.009493613928514838,0.010314270416923631,0.011876044166391366,0.029012403623299043,0.33626776479746595,0.2688915910158047,0.2792869325495091,0.26480989245993064,17.59000015258789,66.39,2.47,2.82
119,2010-10-08,ZM=F,1,0,0.030155803469733615,0.02354731504355872,0.02216430186741962,0.020943422667105888,0.018136159935251972,1.4398698793916267,-0.034004306327971204,-0.04519597634336841,-0.0037600662725693033,-0.04519597634336841,-0.02602821278517011,-0.011190192815423106,-0.08780331713978984,-0.08780331713978984,-0.08780331713978984,-0.08780331713978984,8.214797160899879,0.10914828423821964,0.98891649560195,0.732098107899095,0.732098107899095,0.732098107899095,0.732098107899095,0.732098107899095,0.28770514527640473,0.04641640399598892,0.0336020920518591,0.02859587712661107,0.029641089055798316,0.035018732757704264,0.330750756524825,0.2519045552106647,0.17492475721902054,0.1297475089064631,20.709999084472656,67.21,3.21,2.06
120,2010-11-12,ZM=F,3,1,0.026327938682316605,0.019143470417945847,0.015907254319123744,0.01538813265983199,0.02312592300546585,1.710924857766599,0.028035231656936003,0.06280871160036981,0.07146934203874371,0.0954498323999276,0.17005418545229853,-0.019044974134604042,-0.019044974134604042,-0.019044974134604042,-0.02042627041393874,-0.02042627041393874,-5.27493829472744,0.06594060526677517,0.7046072935037466,0.2091276767471036,0.2091276767471036,0.2091276767471036,0.2091276767471036,0.98891649560195,0.1740892810657981,0.04550259841560833,0.046894441180670134,0.04473271450617539,0.039342728399602477,0.05739263206859064,0.277421607320459,0.2515250034369719,0.3561631070848978,0.3587517377052564,20.61000061035156,75.51,3.24,2.25
121,2013-05-15,ZM=F,1,0,0.012164978480487518,0.019090625819810636,0.01837532766937916,0.016194552075983793,0.015054341232339988,0.7511772121519771,0.1019919181183976,0.07357418687644669,0.11310308457048279,0.13868879614249452,0.13669721391432121,0.0,-0.013139034686587947,-0.04242000012025937,-0.04242000012025937,-0.04242000012025937,-11.60221141041656,0.01753954126541579,0.9999999132259576,0.0584802135621986,0.0866426935233404,0.0866426935233404,0.0866426935233404,0.0866426935233404,0.25554149923094793,0.11615416504463012,0.13812268596692093,0.13306341777363684,0.13097159955636054,0.11035304429559545,0.20659858409408585,0.291568115651306,0.23686261158172903,0.269186137233823,12.8100004196167,44.51,2.82,1.68
122,2013-07-15,ZM=F,1,0,0.016482702151653414,0.015678691806423166,0.014235650458152987,0.014641481496617632,0.014813673814775375,1.1257537125229524,0.09063390986341661,0.11024845400818122,0.1837791875774313,0.1681921432029137,0.19460965974200062,-0.0005760134408605566,-0.011217622143450678,-0.011217622143450678,-0.01763668406603669,-0.03841171348169026,-17.06255170307633,0.03189367418933416,1.0,0.1268603714326784,0.1268603714326784,0.1268603714326784,0.1268603714326784,0.1268603714326784,0.2414562286156528,0.13927192366639912,0.14099276023897797,0.1411425409307331,0.1208981133045081,0.11126174859357796,0.017052531926582848,0.06154591796448051,0.2042290812978616,0.15446019834875782,13.789999961853027,125.86,2.76,2.23
123,2013-07-24,ZM=F,3,1,0.02645296717019077,0.06093873492436754,0.05086479076606522,0.044789045534174954,0.03720715148376482,0.5906124333461542,0.044004586495206915,-0.06546060669820411,0.006169051181570188,0.07843812125447609,0.08444283682536431,-0.02906052205590548,-0.1568627450980392,-0.1568627450980392,-0.1568627450980392,-0.1568627450980392,-4.18646327016285,0.043822147359851044,0.5937279811703728,0.2562588710223806,1.0,1.0,1.0,1.0,0.16535480315984377,0.08615369282051524,0.12342065093410849,0.1308430879928988,0.1337666406474459,0.11664198199577618,0.0507186137629216,0.024623897780565125,0.022818450963604808,0.13158794882871805,13.18000030517578,49.38,2.67,2.27
124,2013-09-16,ZM=F,1,0,0.03108341572780229,0.02744006009022303,0.027692252849717106,0.026034769794958418,0.027845607335618555,1.193919361400366,0.0288275217868856,0.059793686812415106,0.18280540387656638,0.19130988984170919,0.1539492074403038,-0.010519523454050161,-0.05047383664620486,-0.05047383664620486,-0.05047383664620486,-0.057847445163835776,-14.040704795450202,0.03571427054851381,0.9999999999956534,0.1544102672686567,0.213281920162877,0.8021061020437245,0.8021061020437245,0.8021061020437245,0.17282103736823204,0.031541525714070935,0.026602418256607002,0.03397906611614234,0.03172919743743334,0.03268313948260736,0.0500173029393516,0.02604745871115193,0.01814732936454683,0.04112355977403761,14.380000114440918,127.76,2.68,2.47
125,2014-07-15,ZM=F,1,0,0.013270355068087523,0.01030418449419751,0.014663847993526196,0.01470764838966955,0.013295112799067168,0.902275789881436,-0.0513289084548558,-0.10848726879943771,-0.085666094146702,-0.10443480738577221,-0.17118826540590792,-0.04095563139931746,-0.0802967243577426,-0.10280968294587023,-0.10280968294587023,-0.16699604743083007,-10.601973881960621,0.03139011792375163,0.9999979589550104,0.0452097926685793,0.0456468768975592,0.0456468768975592,0.0456468768975592,0.0456468768975592,0.2513521815789958,0.03439509641365601,0.02075926664390726,0.014885898131666088,0.012575554045365187,0.009128276853975976,0.02726346528966886,0.0199292147258712,0.052728253373514264,0.008648758600479286,11.960000038146973,97.3,2.2,2.07
126,2014-08-14,ZM=F,2,0,0.017935575785238984,0.016696708858590197,0.016535815029194646,0.015316174831330269,0.024547601929213448,1.1710218760725135,0.0761493625564241,0.0771808064161423,0.0671691867488399,0.0872936731127931,-0.08555739491992415,-0.0004994547764772816,-0.023255752286790665,-0.05114194689729101,-0.05114194689729101,-0.16183945095076813,10.31608179575607,0.07906077389473064,0.9999751678158856,0.1371707220986306,0.1371707220986306,0.1371707220986306,0.1714775985837154,0.9999979589550104,0.14846272534809743,0.011424571436146284,0.01057434211059372,0.010927105104292017,0.021797271673270446,0.033888789519706204,0.02231262026988049,0.014558060237017553,-0.027369100386377368,0.013971343746712998,12.420000076293944,106.74,2.29,1.98
127,2014-08-22,ZM=F,4,1,0.0873331679279226,0.0713842169346157,0.05769281781271431,0.050117406856752256,0.04578496805387787,1.7425715615642694,-0.11493278432565021,0.05769870174302972,0.05590823779133491,0.04573779638939193,-0.04835277562179621,0.0,-0.16350715729884857,-0.16350715729884857,-0.16350715729884857,-0.16350715729884857,4.60475647620157,0.06000461743013671,0.2317314464388837,1.0000000000000002,1.0000000000000002,1.0000000000000002,1.0000000000000002,1.0000000000000002,0.03761107123985348,0.05642156154881202,0.04786701804008393,0.035091356163562244,0.029044541322591457,0.04695799313197381,-0.06877370981113509,-0.053951333781658575,-0.03293445609590625,-0.035733285144991675,11.470000267028809,109.58,2.26,1.87
128,2014-09-11,ZM=F,3,1,0.0263872758334433,0.03026220550672293,0.036141915398995805,0.05781292623267951,0.04736075026606575,0.4564251898830118,-0.009887775870810397,0.1303103040037204,0.10215378173320541,0.10115372061470052,0.11322027796645023,-0.024024739080431456,-0.0415463495966506,-0.10293094124721602,-0.16350715729884857,-0.16350715729884857,-3.7036954464711696,0.09210214827437309,0.2339051482057827,0.2256491284212702,0.9957237417221376,0.9957237417221376,1.0000000000000002,1.0000000000000002,0.041577488052612875,0.017701771432923563,0.04571567964128388,0.053830123422631104,0.06174361542794756,0.04426802132350244,0.0645581818432477,0.017231528405345736,-0.01483832778042756,-0.0038299991904728694,12.800000190734863,118.18,2.25,1.96
129,2014-10-14,ZM=F,2,0,0.005481042401030915,0.01378576663406534,0.014751205596734094,0.015155321551117817,0.03881037401520374,0.361657941901381,0.069637912185728,0.10847150527679679,0.07245171401800068,0.013486003941896299,-0.24674178643563505,0.0,-0.0022676131498232666,-0.039419740647748336,-0.09961567515656156,-0.3286312587434508,6.373740271176991,0.08360657405332138,0.6958932575207957,0.041446441840433,0.0677415245450233,0.0677415245450233,0.4371089401632527,1.0,0.10589025806662779,0.013374792809508604,0.009917554499748847,0.008542713211691531,0.013624669657882902,0.023601900142782094,0.06864627532603555,0.08127021174625883,0.13951480518254528,0.05224636619348908,22.790000915527344,70.29,2.39,1.82
130,2014-10-27,ZM=F,4,1,0.027115538688761005,0.04812740661359606,0.039934029518738735,0.03467093842195943,0.045082321504650746,0.7820826295139135,0.05789779541732381,0.03161981889598462,0.12840467173549042,0.1310054136991184,-0.15276271969509653,-0.01428986288627232,-0.1057377382705772,-0.1057377382705772,-0.1057377382705772,-0.1057377382705772,7.32100555965632,0.08359872882296256,0.9596278437920568,0.2027963937689064,0.9999999810374248,0.9999999810374248,0.9999999810374248,1.0,0.13971460111140083,0.021996960847335868,0.04999279369415975,0.03797929028178126,0.029563793227023766,0.030231462426282697,0.08019954561970158,0.02982674764173894,0.07074093890915664,0.07667797474195089,16.040000915527344,96.68,2.44,1.86
131,2014-12-12,ZM=F,2,0,0.016943718458479813,0.017796735119742026,0.01936855080645023,0.02097691135190864,0.024890959000384114,0.8077318044697818,0.051539552858627304,0.011142866146323894,0.09201596342799019,0.027713684820718586,0.022159486818116088,-0.015549061714238088,-0.025568907808590557,-0.05104581595727353,-0.05870395451973476,-0.07538694894384879,-6.932714780579791,0.08023223643753782,0.9721393533364756,0.0328854485239488,0.1119948549651107,0.1119948549651107,0.2189288858853158,0.9409070918147888,0.17728853649101797,0.07410274068069904,0.11472870316553438,0.08089673429822705,0.06725536159505727,0.06705481561535725,0.2123282909736077,0.19750467195630433,0.14201111388643484,0.11322202219043936,21.07999992370605,77.55,2.58,1.54
132,2015-01-14,ZM=F,1,0,0.01194670184786446,0.018312469394838625,0.017455268659082375,0.018223707388047437,0.021319843897224983,0.6555582568067385,-0.0585871217944212,-0.07622993778543,-0.038703617997091905,-0.08019662293955959,-0.11188761839100869,-0.05101760595106852,-0.056903927401740995,-0.07900974199506361,-0.07900974199506361,-0.15038870986050668,-6.13219443388307,0.06932203932397393,0.9105630335911534,0.0408719233490219,0.0833908893564112,0.0833908893564112,0.8806468458379472,0.9721393533364756,0.2354924201395149,0.022678269183687788,0.030425509920927317,0.031022948133091508,0.04620222197749367,0.07016825129778087,-0.010887504086934365,0.03606562257367687,0.10539728672939325,0.12458586619552456,21.479999542236328,88.39,2.58,1.35
133,2021-05-13,ZM=F,1,0,0.012646571181885818,0.014296024331565904,0.013867641014178804,0.012102633231415211,0.017068527286337943,1.0449437688534333,0.060804848452275996,0.0679004318804487,0.0894943617850465,0.1242911496051187,0.1242911496051185,0.0,-0.023004666180677646,-0.02938427225893714,-0.02938427225893714,-0.06663518760305642,-6.26920577986338,0.05785123966942149,0.8983006383278067,0.0447086655501351,0.0447086655501351,0.0447086655501351,0.0447086655501351,0.5946656228055494,0.15639128972009506,0.02325497210246445,0.04374307346530089,0.060240333950225745,0.047253076195132075,0.042944674403704065,0.12070844829570981,0.04634820437774395,0.06034716880300621,0.025400053944248744,23.1299991607666,140.43,2.04,1.5
134,2021-06-30,ZM=F,4,1,0.01678771634355426,0.024505904795939882,0.020517548419891122,0.018861032647182314,0.017597582489511796,0.8900740833011711,-0.041877678167093396,-0.06661730155358869,-0.11228252829767402,-0.1348580575447463,-0.1746862851683646,-0.02371548312977656,-0.08808023032400958,-0.10507248122367274,-0.1272085382665925,-0.15822785280304863,7.49072437445434,0.08415447697341046,0.9488998715731868,0.1475747677570524,0.4463253588464236,0.4463253588464236,0.4463253588464236,0.4463253588464236,0.17179073860942753,0.02561368278785409,0.0746823147729383,0.053610806829530774,0.045997508608525486,0.03892878578399802,0.21918065194310302,0.20864223926370984,0.2691328578546376,0.24417974073334714,15.829999923706056,43.82,1.87,1.2
135,2021-12-14,ZM=F,2,0,0.010233094056411344,0.014871558045344874,0.017210208980745,0.01682963972980472,0.01811912893922685,0.6080399949553812,0.0653721679494486,0.09930247846597019,0.03228651013263559,0.05872211896024769,0.14370196747798117,0.0,-0.023932602715259432,-0.06027023727829395,-0.07205764376938928,-0.07205764376938928,5.20091839108195,0.0,0.2973898361371592,0.0273775875837323,0.049117991743243,0.049117991743243,0.1295359494731718,0.2219688741464005,0.05067672097745416,0.02889612203207351,0.08180724818148952,0.08514788729781482,0.06843436648843652,0.05177625712584052,0.160282830939601,0.08258052268819804,0.06884842141033862,0.06623778575561443,21.88999938964844,129.9,1.82,0.77
136,2022-01-14,ZM=F,2,0,0.019259913806172403,0.016771837502124937,0.014546653103228514,0.014242884649643838,0.023356586155006458,1.352248107033151,0.007819061958623103,0.024126348491797605,0.05058555590409919,0.12959430943794845,0.17269144658871532,-0.02260666157547564,-0.02260666157547564,-0.02260666157547564,-0.02260666157547564,-0.07985163854874833,4.9048595723174095,0.0,0.2421385665235334,0.042270010487866,0.042270010487866,0.042270010487866,0.4311839315003622,0.9997926113564056,0.09952672758764725,0.06321955125512438,0.04333401724572071,0.03949533025868053,0.03901114390682276,0.04789511022644118,0.25475069085768987,0.24303032701770189,0.25702313500429763,0.1720289171965399,19.190000534057617,133.57,1.79,0.79
137,2022-03-14,ZM=F,2,0,0.027488430463181984,0.020267179104250563,0.022539260346802745,0.02145984605019289,0.019689482459468836,1.2809239357490594,0.0503224925290532,0.0952493816761353,0.09324375556859009,0.08261480756657728,0.1975659235629445,-0.02703232442667247,-0.02703232442667247,-0.04839740610306198,-0.04839740610306198,-0.05001083872863721,5.67640398206367,0.06035644576361771,0.6166428804150974,0.1559933917512028,0.1559933917512028,0.1971408021837283,0.1971408021837283,0.1971408021837283,0.42642548635177857,0.3944090811248443,0.30794643388205045,0.2410255164213661,0.18871806118946918,0.1578529983361727,0.07579549565794753,0.09244693936640787,0.08345757518890203,0.07347159265003941,31.770000457763672,350.11,2.33,0.27
138,2022-07-15,ZM=F,1,0,0.012982178153588441,0.016445324187183065,0.016050284564243882,0.015887253309599347,0.017135801657495862,0.8171442791652594,0.056460746469974205,0.07103448856159861,0.1398423695244636,0.1906002266778436,0.18139699424742178,-0.008697415080840543,-0.0363907348917365,-0.0363907348917365,-0.0363907348917365,-0.04218132334202107,-14.30853510703306,0.035034746139066125,0.9999999999964198,0.0319946182966594,0.0430937442200275,0.0430937442200275,0.0431121322203793,0.111303084717552,0.3097454611015504,0.29190400719273224,0.29365952870890427,0.2608841299286066,0.24722842817093885,0.21635099786398085,0.43570280707418113,0.3901920565877589,0.30713812234381493,0.28226420322024987,24.229999542236328,192.03,2.3,-0.2
139,2022-08-15,ZM=F,1,0,0.012434288340215314,0.02631752145435231,0.026339284096009687,0.023418456018485335,0.034765384987641264,0.530961064657735,0.0414068877759783,0.0490497615321258,0.1869458659571025,0.18810528637683707,0.10169348336078189,0.0,-0.029199921439664323,-0.029199921439664323,-0.029199921439664323,-0.13331990633502722,-14.008878964195459,0.042016805588455414,0.9999999999873154,0.2273500020424635,0.746773281920398,0.746773281920398,0.746773281920398,0.9999999999964198,0.15407928714053187,0.03253951941935704,0.06261400487488257,0.08963965431367525,0.11079828687987071,0.17253407332468457,0.15269665843197452,0.0944913012137836,0.07275462540329886,0.20228471734772313,19.950000762939453,110.42,2.27,-0.41
140,2022-09-12,ZM=F,4,1,0.022834379786318075,0.02439047168294866,0.02218364072571934,0.037714193483470264,0.03455564721112654,0.6054585204460529,-0.0248641013116498,-0.0380511055936036,-0.01909526764917051,-0.16539529796000407,-0.10497490511526071,-0.03670348589625427,-0.10576924487683903,-0.10576924487683903,-0.1776240335367173,-0.1776240335367173,7.006585822268139,0.057940355783726576,0.9143836386563148,0.0665907100150182,0.1687103279198111,0.1687103279198111,0.9999999999873154,0.9999999999873154,0.21342496037832773,0.07369597250419681,0.07650699602750875,0.06266022740264086,0.06872017026418749,0.06926072395225227,0.20232246200415777,0.1459715279045437,0.10921361055587975,0.1413119461999871,23.8700008392334,111.96,2.2,-0.21
141,2023-01-17,ZM=F,1,0,0.010866851120117722,0.013493632556418424,0.014461098977698419,0.015369302611602029,0.018181714395349626,0.7070490701324676,0.0194868755416827,0.1001757857723449,0.117783035656383,0.11778303565638291,0.20551234444324068,0.0,-0.012721116714054403,-0.012721116714054403,-0.030021585089599068,-0.049607852042607425,-6.39928357023505,0.027431446118401346,0.9195902488207088,0.030565988267526,0.0458217455408438,0.0458217455408438,0.0891101440263169,0.5564573751077079,0.14497432939297408,0.026846780171976704,0.049655563441605315,0.04654129951861935,0.05598996819905177,0.054263135809108576,0.1696770506931557,0.21029953309610933,0.1600153327219652,0.1524120168572143,19.36000061035156,127.41,1.91,-0.65
142,2023-06-21,ZM=F,2,0,0.028777726084652525,0.022096702697607634,0.019959145398541794,0.018204831267587016,0.016852329712166898,1.5807741176865577,0.03801986983696,0.0285030980819772,0.026013676906855597,0.009003544741330395,-0.038260592696151716,-0.019622610799921225,-0.03825271355638682,-0.03825271355638682,-0.054585151221924644,-0.09561379037603468,6.19917333930515,0.0541894755215262,0.8374300924106213,0.3523219328767389,0.3523219328767389,0.3523219328767389,0.3523219328767389,0.3523219328767389,0.23945039152053685,0.048583994287985495,0.02973874947530502,0.028925632309338086,0.028389886231932164,0.032918785961413545,0.2713914860578734,0.20382009146576385,0.1821641434915541,0.1634380104414271,13.199999809265137,127.87,1.96,-0.96
143,2023-08-14,ZM=F,2,0,0.01900167343769906,0.014402766556535102,0.015367647559356871,0.014246832009945217,0.015057539381353086,1.3337472797064396,-0.0163454540542796,-0.04103258764163491,-0.013413851279321803,0.015919113299730496,0.08076776004065579,-0.04459888809870571,-0.06533658827398359,-0.08263400775843899,-0.08263400775843899,-0.08263400775843899,5.65096826018417,0.037421562296722874,0.4359328044415148,0.0511586438650686,0.0511586438650686,0.0511586438650686,0.0511586438650686,0.1028848901496199,0.07996706773392592,0.05391616930243857,0.07459566289757627,0.09103938980833451,0.09217165061691412,0.0861748776208657,0.09016814708372774,0.16104228253315467,0.17077104648395586,0.18177887230968548,14.81999969482422,114.97,1.84,-0.77
144,2024-07-15,ZM=F,1,0,0.013353460832897793,0.01930155308830708,0.018760815646003837,0.0184493079381022,0.016952684940903434,0.7237919643218554,-0.0489839814003905,0.0202857664434163,0.03002565126203611,0.022781244997944004,-0.0016269149427726032,-0.02898550724637683,-0.04780361757105944,-0.04780361757105944,-0.04780361757105944,-0.04780361757105944,-9.889873697155311,0.015578227672843505,0.99998794432255,0.0889019237259102,0.1187592098014606,0.1187592098014606,0.1187592098014606,0.1187592098014606,0.16394671863880467,0.026431980224339395,0.02358055023874121,0.024590178236761573,0.02548262151457554,0.02714837913568648,0.057058467438376365,0.15449699700561803,0.11679906777433405,0.1451331672244964,13.119999885559082,67.88,1.58,-0.21
145,2001-07-13,ZW=F,1,0,0.006001314740085648,0.010029469178917765,0.013091841985256432,0.014066695828038578,0.014752002028040207,0.42663286484971613,0.0443660029549843,0.0622769295215144,0.011385322225125394,0.001888574687868098,0.0171269647928006,0.0,-0.017068273092369468,-0.04019607843137252,-0.07291666666666663,-0.09183673469387754,8.23622216157697,0.016507384882710686,0.9606579406674308,0.0154489823916534,0.0156841804779998,0.0466882732588747,0.0466882732588747,0.0467247886087933,0.14755587766791986,0.012799405295860131,0.01577433078140031,0.018006499752269374,0.02818291676073748,0.04208714845971971,-0.02619061020677772,-0.06690280504139211,0.04669382250750068,0.023711041630422005,21.13999938964844,61.94,2.71,1.15
146,2002-10-15,ZW=F,1,0,0.011073031163600673,0.015229497723169,0.020350281204540285,0.021562096643543003,0.022958997851051894,0.5135414865565315,-0.0496746416483493,-0.0875847386245101,-0.0697725628604104,-0.09824648903926998,0.002756721249600298,-0.048461034708578876,-0.08385876418663307,-0.0997521685254027,-0.1204600484261501,-0.12680288461538458,7.93542394879948,0.004450095359186269,0.9398457979373648,0.0437530863391614,0.1069786939552322,0.2984493454262398,0.2984493454262398,0.2984493454262398,0.2990786892615351,0.14812590636398076,0.15468568810874098,0.14334119719004815,0.12026345987926246,0.11464125519212483,0.14711517280889796,0.07436156679728523,0.039303109331608306,0.09192902648668524,34.02000045776367,195.05,3.74,1.99
147,2003-05-09,ZW=F,1,0,0.014518279362823282,0.017733599034620615,0.01616827210851285,0.01541294005916213,0.016080784879277686,0.9419539235924672,0.063290010675182,0.0025586367903246993,0.040857486348265706,0.0223954235085305,0.03202350663750621,-0.008445945945945943,-0.058119658119658135,-0.06372132540356834,-0.06372132540356834,-0.06372132540356834,7.70241346091294,0.0,0.9400054698844243,0.0617994076390994,0.0617994076390994,0.0617994076390994,0.0617994076390994,0.0617994076390994,0.14381723188001252,0.01449451957481967,0.02580163935567455,0.037393015034875195,0.030778983101075897,0.04697239012134037,-0.03472295947472909,0.01209370280041308,0.02176887987939254,0.021009292647357177,19.690000534057617,192.16,2.81,2.24
148,2003-12-30,ZW=F,3,1,0.018167525641724136,0.017650085016754052,0.016873303089438133,0.016175936701096294,0.02133728739045778,1.123120470698483,-0.07983135820640691,-0.07792720022071681,-0.1024028493685772,-0.111044878462406,-0.10858333875795911,-0.05836575875486383,-0.07926442612555484,-0.1135531135531136,-0.12477396021699816,-0.12477396021699816,8.48914575547496,0.005047318611987382,0.98081140041841,0.1062778018412096,0.1062778018412096,0.1062778018412096,0.1129637605214237,0.724336625725656,0.17692094043611592,0.02363462754491524,0.020049604273962997,0.028802276297699683,0.036664161851938715,0.04989287222579561,0.11320273634369911,0.19553443910159374,0.21014880994280993,0.18351319155389334,17.68000030517578,191.78,2.33,2.43
149,2004-03-17,ZW=F,4,1,0.022854446662992533,0.017798053215002538,0.015563735755077579,0.019958090622803834,0.017372073862572616,1.1451219004326678,0.024491020008295797,-0.005361943141385399,-0.05364268294931657,-0.0086986162404248,-0.03434948001463749,-0.011142061281337101,-0.04248145650708024,-0.08387096774193548,-0.09554140127388533,-0.09554140127388533,5.10916611577113,0.006385696040868455,0.4425221220649339,0.1319284873290144,0.1319284873290144,0.1319284873290144,0.3030102629785201,0.3030102629785201,0.08992591302189523,0.06671237456143618,0.07255714592440589,0.06178892108777725,0.056831653087875904,0.045419057775667106,0.27218149815470993,0.2166235151713607,0.15769265810822383,0.09331746954600609,18.11000061035156,182.45,2.33,2.18
150,2006-07-14,ZW=F,2,0,0.029798691421569108,0.023887426719920186,0.021800463071020106,0.019687027952552828,0.019746664455056837,1.5136206182764675,-0.036557595733797396,0.01069528911674781,0.010695289116748004,0.04001890396325259,-0.0454919244675631,-0.055276381909547756,-0.055276381909547756,-0.055276381909547756,-0.055276381909547756,-0.11207430340557278,-2.69558099885282,0.0,0.1746615216562727,0.1761985461868764,0.1761985461868764,0.1761985461868764,0.1761985461868764,0.1761985461868764,0.17147404136151714,0.20956281481460556,0.21367673891843067,0.21724044558357164,0.23286739641955131,0.24723682133096542,0.16302137658477672,0.1090312377139819,0.20954385934682135,0.23178158731818652,18.049999237060547,171.88,1.69,-0.01
151,2006-10-04,ZW=F,7,1,0.024481199381197034,0.020990585565798896,0.02200999009735807,0.020983775902428944,0.019952280648774197,1.1666727425526524,0.038265538078953595,0.07192256108243,0.12270125363178772,0.08422283916408171,0.1836876772249978,-0.014573991031390121,-0.01838671411625148,-0.01838671411625148,-0.06567534076827752,-0.06683168316831678,5.63996884621246,0.06612903225806452,0.5558679026071114,0.2808853871732117,0.2808853871732117,0.2808853871732117,0.2808853871732117,0.2808853871732117,0.25036203489271897,0.11126720358683391,0.0964416211540626,0.10894158279280548,0.10455014404212586,0.07944956186415207,0.1594105549353615,0.14044489290695333,0.14826293356988737,0.14280544712088367,11.859999656677246,130.08,1.74,-0.03
152,2008-02-22,ZW=F,31,1,0.020827103480035712,0.02830742709541776,0.025976168639970078,0.025180322758141294,0.024019374533061265,0.8271182097259615,0.0376095785079935,-0.003393942651794296,0.10974115055316142,0.12889358276791751,0.1261349603288379,-0.015444015444015413,-0.09286367795059469,-0.09286367795059469,-0.09286367795059469,-0.09286367795059469,1.92406127928435,0.03525488327775131,0.0925688181897749,0.6673491154510056,0.6673491154510056,0.6673491154510056,0.6673491154510056,0.6673491154510056,0.038847509985268446,0.08775885040999966,0.09132907620433812,0.07530660881087194,0.06966891543096797,0.05835247682030144,0.23925581544134836,0.21533441290924063,0.2386811255616109,0.270255834820218,24.059999465942383,81.02,3.12,1.81
153,2008-06-05,ZW=F,6,1,0.02949525275120959,0.024589069024132285,0.022637803136134126,0.020702357940767357,0.021561021052452074,1.4247291461001719,-0.0079365495957365,-0.0403437925505145,-0.04225522989578241,-0.0680185147067348,-0.12322782874118232,-0.04089456869009589,-0.04434447300771205,-0.06005056890012639,-0.08096415327564899,-0.09987893462469732,4.22552298957822,0.04169318905155952,0.3272163657890894,0.2065623311766931,0.2065623311766931,0.2065623311766931,0.2065623311766931,0.4136715576211091,0.16050716293747216,0.1551550626456242,0.13443418695736792,0.12270415770120131,0.12153032524194107,0.14828512358474435,0.30163778303125877,0.18824560616100577,0.1480509519858248,0.20029061654858812,18.6299991607666,69.2,3.01,1.54
154,2008-08-06,ZW=F,11,1,0.027396148648660478,0.022356398469980377,0.021510659785557076,0.01920403096983498,0.02441807109920283,1.426583236180643,-0.015267472130788495,-0.021247033613808503,-0.0389741344317754,-0.053966001572836,-0.1048796308204757,-0.04439546599496225,-0.0644266337854501,-0.09022781774580335,-0.09022781774580335,-0.1788419913419913,-1.84381739707528,0.050930460333006855,0.1209837876577271,0.1669758822237697,0.1669758822237697,0.1669758822237697,0.4251998240225542,0.8594779161520988,0.2353766931076353,0.1592164296790071,0.13867250115869065,0.1660765887140154,0.16700142660175565,0.17312367793322747,0.2457708103024609,0.11335684742372866,0.14728537470699377,0.17493078783028493,20.229999542236328,41.06,3.24,1.5
155,2008-09-16,ZW=F,37,1,0.01847756897215803,0.022124548982323196,0.019786072541628976,0.025033900564558016,0.03478600738630672,0.7381018760743112,0.005863096637063799,-0.06940544111392721,-0.17438089708274446,-0.1255474044183211,-0.08815698371361673,-0.010892480674631111,-0.06818934127772258,-0.16245165129425765,-0.21565895792699918,-0.21565895792699918,-5.22348799422142,0.06630434782608696,0.402081607195734,0.1186262084221003,0.5658410382651387,0.7171844009236091,0.9428905852456572,0.9973650732201508,0.47913640968835935,0.23503810704890765,0.19589825348174608,0.18452850976587867,0.21695192881796774,0.25396038404340715,0.17484656312122474,0.1451704496663882,0.21905412473509486,0.2501969349851529,30.299999237060547,125.66,3.68,1.59
156,2008-11-21,ZW=F,13,1,0.026051017207074707,0.020190448459607428,0.02791797007455664,0.03423798946765256,0.034498604750528225,0.7608804609186308,-0.0504869117030732,-0.020788759297566996,-0.0500223356203853,-0.02174523952352381,-0.16697892494873723,-0.07668019846639607,-0.07668019846639607,-0.10611353711790394,-0.10611353711790394,-0.1304163126593033,-2.52301287898802,0.036072144288577156,0.1093254034026335,0.2755223283672592,0.6469350682765486,0.9824274242250016,0.998900042593261,0.998900042593261,0.43324743228719603,0.4673018468935975,0.5133844533509969,0.569563208212077,0.5838577907428675,0.6125748783957492,0.24825279836806757,0.39618136768284273,0.37736532724865207,0.40956773531211654,72.66999816894531,93.93,5.88,2.11
157,2009-01-07,ZW=F,4,1,0.016205738990737004,0.014955988276097116,0.01713776058015254,0.017662481504232025,0.029750187699422892,0.9175233382044319,0.0834153921521752,0.1331984477238267,0.23890424170407099,0.34059884348156017,0.2290858024947814,0.0,-0.01209845640383811,-0.014435695538057791,-0.014435695538057791,-0.156221198156682,-4.81493438975827,0.059926620464737054,0.4666178420457104,0.1551883516301126,0.3106905146670549,0.8256724948240854,0.8292014093546093,0.9773060694852992,0.5934079116039408,0.4252798843056015,0.447336917898208,0.49851772149430723,0.5353884309136884,0.5588826950334831,-0.0031692416029170402,0.05554382356946743,0.13520549380651875,0.2996588983026131,43.38999938964844,136.82,5.71,1.7
158,2009-03-11,ZW=F,8,1,0.023569646954423602,0.02333264463759497,0.020100925188282437,0.020155033717066215,0.01990839144401077,1.1694173914710981,0.0641878732322873,0.014451118538174604,0.013966034851728409,-0.07772239283769769,-0.1252475347005423,-0.01514411333659016,-0.06574559313959027,-0.06574559313959027,-0.11825539568345322,-0.17639647207055864,-4.69983701046697,0.05162907268170426,0.2642031523960804,0.1789783568671953,0.1789783568671953,0.1789783568671953,0.1789783568671953,0.2765084655643458,0.5696304596871256,0.5307810265952412,0.5127484253026358,0.5089963826189055,0.49043703723500987,0.467288481191837,0.21184478548382624,0.16058494013111638,0.19711929224845934,0.1711437031059399,43.61000061035156,108.67,5.45,1.92
159,2009-06-01,ZW=F,4,1,0.012709858999529653,0.013551699154983882,0.014260476430508871,0.019947550613727404,0.021216897667666927,0.6371638927329276,0.0711248292065018,0.0915510712975056,0.13101257010112552,0.19519337347419533,0.19424008455548203,-0.0008163265306122547,-0.007109995817649484,-0.008583690987124415,-0.03364737550471064,-0.04556129638327855,5.680963239158561,0.06226834692364715,0.4390072307445887,0.061582972658448,0.061582972658448,0.4431660416726101,0.7024019298801876,0.7024019298801876,0.2892134889776178,0.08185295983508396,0.10918796507197781,0.126956413081074,0.1702657208076434,0.22209215264363438,0.23557058892072988,0.22033372917194943,0.21855736327763384,0.2749274338053171,30.040000915527344,85.28,4.26,2.74
160,2009-09-15,ZW=F,1,0,0.021089290061855618,0.016565919611112572,0.0170174000134704,0.015656504614326473,0.01913615430877962,1.346998616955529,-0.029716472328476996,-0.08022116756514931,-0.06566173000943919,-0.11131721719072749,-0.20346156639241772,-0.02433503112620261,-0.08917197452229297,-0.10391644908616193,-0.10391644908616193,-0.21893491124260356,8.768786892168649,0.0669500531349628,0.989806265251422,0.0422854647674074,0.0422854647674074,0.0424280991439785,0.0490619923367366,0.5310759213779946,0.310355002924804,0.14486853049386697,0.13551111785265454,0.10313031527343657,0.09722849348075092,0.08527916529496103,0.12343433358060153,0.11041877385730874,0.1760731973723854,0.2511931743808217,23.420000076293945,91.68,2.93,2.51
161,2010-07-07,ZW=F,7,1,0.02704163703918312,0.02274505861411824,0.018918286443768192,0.017447196690283957,0.01699297365441616,1.5499130043190343,0.0918660921211547,0.064437054951091,0.0874265731757895,0.1309978214694296,0.04302296044727431,0.0,-0.04535637149028082,-0.04535637149028082,-0.04535637149028082,-0.08498129342597538,4.56202059185316,0.048473097430925836,0.483827024345373,0.4262961595628557,0.4262961595628557,0.4262961595628557,0.4262961595628557,0.4262961595628557,0.1022566494120383,0.08557329207649149,0.04895486929343795,0.04956546972326298,0.0713556371062822,0.11247976800628944,0.14658556371669307,0.07374404403682251,0.07329559856246164,0.1350680203160658,26.84000015258789,93.79,3.08,2.37
162,2010-07-30,ZW=F,8,1,0.01748506884289699,0.01642711134178096,0.02631645175063126,0.02515756776328017,0.023961463742461473,0.6950222297887672,0.050664429467968196,0.051083628803388,0.16134783204574407,0.3002440444043853,0.307803475651202,-0.01132075471698113,-0.017454235845040467,-0.03228511530398326,-0.03228511530398326,-0.04535637149028082,5.27663125490713,0.0563114134542706,0.5305236468331128,0.1135399394416486,0.8261239548922421,0.9961231302819298,0.9961231302819298,0.9961231302819298,0.08147464836208154,0.019790189868589457,0.05064309353130984,0.05892963896300928,0.06720904954340058,0.05550524479622349,0.297570588796865,0.19511198423645779,0.14359096265435692,0.15964803339542183,23.5,74.98,2.91,2.39
163,2010-10-08,ZW=F,1,0,0.019632126274050303,0.020794499648968644,0.020581921088998256,0.020010649174236596,0.02258251173089301,0.981083927018538,-0.0221272856789109,-0.0560412012742021,-0.087106177198261,-0.0695741713403035,0.017598005791176995,-0.011832061068702271,-0.1010416666666667,-0.12445045654379439,-0.12445045654379439,-0.12445045654379439,8.71061771982613,0.08654848800834203,0.985109806510615,0.0728395019356949,0.1322590351477191,0.134951712814556,0.3061892327339874,0.5084954257849152,0.28770514527640473,0.04641640399598892,0.0336020920518591,0.02859587712661107,0.029641089055798316,0.035018732757704264,0.330750756524825,0.2519045552106647,0.17492475721902054,0.1297475089064631,20.709999084472656,67.21,3.21,2.06
164,2011-02-22,ZW=F,1,0,0.02391963715710562,0.021009434074590282,0.019930199746096763,0.019129291581903952,0.01810752061133539,1.2504193924114404,-0.052994491711375394,-0.0375939258158334,-0.0042475792017325,-0.0027326569304872914,0.04127816422329199,-0.05705275229357798,-0.0719525959367946,-0.0719525959367946,-0.0719525959367946,-0.0719525959367946,-7.5769899200802096,0.09609708101016727,0.9370191667317864,0.0880693682307238,0.0880693682307238,0.0880693682307238,0.0880693682307238,0.0880693682307238,0.22199785414141773,0.012327411240817066,0.009652631522416844,0.010755337719791347,0.010930775131362886,0.012286998860754381,0.0976291721666967,0.11719662138920266,0.11433175198545818,0.10267284372252525,20.799999237060547,163.83,2.62,2.72
165,2011-03-16,ZW=F,2,0,0.019992519705826977,0.022979290746278455,0.023719527289768755,0.02718527278843561,0.025089211131628854,0.7354172923485113,-0.11782463385934688,-0.1499164513384192,-0.13236073387829378,-0.266875571918909,-0.2303804986303083,-0.0880846705360191,-0.1658338538413492,-0.1658338538413492,-0.215104319717896,-0.24633182844243795,-0.8648296053062001,0.06268882175226587,0.2071715441323335,0.3507967062160407,0.3507967062160407,0.7362627947694053,0.9370191667317864,0.9370191667317864,0.039733948488611025,0.03745659368464837,0.03520939676524007,0.057928251708566345,0.05737141489068812,0.04130594006216646,0.18258523568235854,0.23381095474567776,0.14608841319298257,0.11625137686391393,29.399999618530277,166.35,2.71,2.64
166,2011-05-09,ZW=F,8,1,0.013933038646675026,0.02785043926223726,0.026872236928152358,0.02686118943510557,0.025357161264355717,0.5187052003164679,-0.05993425244141409,-0.09850477051327189,-0.021843871947116608,-0.06512064980444211,-0.02049252039011759,-0.05027932960893855,-0.1253026634382567,-0.1253026634382567,-0.1253026634382567,-0.1253026634382567,4.68493421651211,0.012183075403358577,0.4422033392577738,0.4451495473375836,0.6438985444617575,0.6438985444617575,0.6438985444617575,0.6438985444617575,0.1170072577047426,0.07073751193955179,0.06280649190824843,0.0492490986246274,0.04496618922802352,0.04071410016800059,0.38647101796957917,0.4173034256643892,0.4293217828313564,0.3604558940550331,17.15999984741211,126.04,2.64,2.6
167,2011-06-22,ZW=F,15,1,0.028177061633712877,0.0241410577926508,0.02287310463858587,0.02440601554650161,0.030068383828635584,1.1545129757057708,-0.08115443652622678,-0.08456740912246669,-0.148573420529152,-0.17475375192692233,-0.11873014190601879,-0.06951305575158784,-0.1317089232795522,-0.14798061389337647,-0.19579139981701743,-0.19579139981701743,-5.48709058982461,0.10027418723070897,0.6385431779319394,0.4036254926081696,0.4036254926081696,0.4414462933707024,0.4414462933707024,0.9960460012651258,0.09474568708647042,0.036426861572210756,0.028151352725637308,0.034495953786573684,0.03793079995208527,0.0644613793944455,0.10382442341373499,0.07895484573290765,0.10745398781965856,0.2362636645059572,18.520000457763672,56.08,2.74,2.62
168,2011-09-29,ZW=F,10,1,0.030013583232346815,0.02089846943600439,0.018465080740608663,0.018910378961058464,0.019155727486964706,1.5871486919512732,-0.042902021544209704,-0.09406407372407802,-0.11241968968450732,-0.16089334280256243,-0.1263136262838506,-0.029624003038359326,-0.08943965517241381,-0.10645047585477618,-0.14961422341496144,-0.16857986224991806,2.39763998923409,0.04432556362246848,0.1005595216056419,0.2103109494121938,0.2103109494121938,0.2103109494121938,0.2103109494121938,0.2103109494121938,0.3340547464595685,0.400665178806672,0.2896476319453563,0.269832575195103,0.25568492973446577,0.25771144147413605,0.5002286582458135,0.44702803638195915,0.36134422348641404,0.3531895254193518,38.84000015258789,93.69,3.3,1.72
169,2012-03-30,ZW=F,1,0,0.02016841366942417,0.018575447815331488,0.018424727839427398,0.018311504104682158,0.01723770553791485,1.1014067197389432,-0.053637483403756805,-0.08186208770424691,-0.028964212986092207,-0.07355388281451411,-0.021801428681216397,-0.07126611068991662,-0.08854166666666663,-0.08854166666666663,-0.08854166666666663,-0.08854166666666663,7.58266110655165,0.08475217555807794,0.9438077121758184,0.0613776950826592,0.0613776950826592,0.0613776950826592,0.0613776950826592,0.0613776950826592,0.14565338320124097,0.013534671970673273,0.015972393926570506,0.020435447797660027,0.025907131092471718,0.025423978286585044,0.4141973805360202,0.3845615249717439,0.30866458088466564,0.18642616767689935,15.5,103.07,3.07,1.9
170,2012-06-25,ZW=F,1,0,0.014513965005288622,0.019971776497430514,0.020706650950261023,0.02429985588011487,0.02570524647982802,0.5972860529253482,0.09947778277038181,0.06600016562367879,0.0949760358594305,0.015341741505845193,0.1239755825086405,-0.0033885542168674565,-0.03330689928628072,-0.05025321386832882,-0.10367647058823526,-0.13423295454545459,7.30199049577514,0.0597169485674836,0.91983512211352,0.155537050110384,0.155537050110384,0.4877396886477236,0.5281078110631015,0.8277203161574931,0.15180787375744323,0.039895529762604576,0.04924354593963427,0.06692833865520212,0.07016827372777015,0.07101875287942948,0.2138224347267093,0.20218576175218367,0.1758356289534003,0.16068337247408188,20.3799991607666,99.97,3.36,1.32
171,2012-07-03,ZW=F,2,0,0.011600963284922763,0.022775095250913382,0.02402583378849498,0.02350018117299597,0.02557583399671334,0.4936542063026057,0.040918641558443596,0.17993871213987378,0.17954212280292864,0.18391328017020833,0.08178378509382869,-0.008196721311475419,-0.008196721311475419,-0.02245388933440262,-0.05025321386832882,-0.13423295454545459,3.61191043410879,0.032278683285394696,0.3258756934627277,0.7104304861244334,0.91983512211352,0.91983512211352,0.91983512211352,0.91983512211352,0.16588132384223567,0.11806619517069573,0.08879048387761432,0.07901405078187036,0.08131070696779422,0.08470568793680143,0.3924510671327602,0.3334294209315225,0.2878831600613991,0.25482138450424074,16.65999984741211,77.42,3.41,1.35
172,2015-06-26,ZW=F,4,1,0.01936133587840916,0.020077917243498136,0.02102922920127898,0.022552734774935794,0.022920368266480588,0.8584917116094751,0.086328083488497,0.05357131250732321,0.01562901810529679,0.0847923780420686,0.10077621923588309,-0.006711409395973145,-0.03126550868486355,-0.08313762329732266,-0.08313762329732266,-0.08620689655172409,5.53031014977805,0.06402845709204091,0.6220518519127409,0.1461020789454187,0.1461020789454187,0.1461020789454187,0.2635846081605957,0.2635846081605957,0.09299500202450905,0.018002041972488957,0.014716540817343754,0.015509632850229544,0.018304414653671826,0.017854177591252234,0.04677424646576849,0.10241071679670508,0.10138093816647198,0.19181763642302854,14.020000457763672,81.49,2.81,1.77
173,2017-06-29,ZW=F,4,1,0.012235952897912667,0.015607030089017211,0.016397205655903295,0.014945647255533514,0.014007674174440786,0.8186967542260438,-0.0157312709829182,0.03166051722583939,0.0277179607250307,0.06319078749339008,0.0749073831566396,-0.024390243902439046,-0.04761904761904767,-0.04761904761904767,-0.04761904761904767,-0.04761904761904767,4.90765143776909,0.05726184279021343,0.2152864730427116,0.0174015158121946,0.0495161513932664,0.0495161513932664,0.0495161513932664,0.0495161513932664,0.031654078865215526,0.003017503575520162,0.00476351749820734,0.004453822567052147,0.003931696514056976,0.0038571424128687353,0.010091346065647214,0.018843638856856543,-0.004003840716887828,0.04017674118197407,11.4399995803833,103.36,2.11,0.89
174,2022-02-22,ZW=F,20,1,0.016640611458817917,0.017073315527387865,0.01799168709975313,0.019384618100674992,0.019257552190093192,0.8584441216429471,-0.0009405863681376959,0.04326904717522769,0.013579870775564806,0.021560759106577405,0.0661290785864541,-0.024397873005943094,-0.024397873005943094,-0.024397873005943094,-0.08099022004889977,-0.08099022004889977,5.7593980475462,0.05122890139176784,0.465957712947603,0.0541106403219903,0.0750979313677115,0.1011399686835699,0.1011399686835699,0.1677521976687652,0.07566682618766993,0.02860905566237157,0.03638070325067049,0.06449822573410233,0.0694781790595204,0.073562345046862,0.031865285650272475,0.047777972158456174,-0.011639479761852325,0.04359882700395811,28.809999465942383,279.43,2.13,0.38
175,2022-05-12,ZW=F,6,1,0.017046776962769607,0.01909555744922335,0.017090257983491255,0.01681360497031121,0.01901679300491854,1.0138680546420666,0.039319928897999304,0.0262722135055239,0.0188921062079015,0.004519781705619695,0.0890838315372329,-0.012534184138559668,-0.03747672253258849,-0.04569582275559658,-0.0774207942882642,-0.0774207942882642,5.76092704751782,0.06066411238825032,0.5118837398851395,0.0857967826318086,0.0857967826318086,0.0857967826318086,0.127372433737741,0.4967699833690974,0.18461462198650555,0.20039604244003076,0.15521965519391645,0.11391657782142352,0.09482907499196869,0.10049012374545936,0.20063402082978388,0.21346927431409926,0.24619154759394724,0.2734772419296164,31.770000457763672,158.26,2.2,0.28
176,2022-05-31,ZW=F,2,0,0.018804809135460916,0.03186694843341944,0.030486616053490137,0.027598829898991015,0.024540080887880945,0.6813625506691644,-0.009672294642507604,-0.008388047890657415,0.05368332568515871,0.1034425097953236,0.05413921810244629,-0.03928571428571426,-0.10508806262230919,-0.10508806262230919,-0.10508806262230919,-0.10508806262230919,-6.238102299755,0.06413793103448276,0.7620235815005099,0.5251545337940314,0.956233882360618,0.956233882360618,0.956233882360618,0.956233882360618,0.20750632309093223,0.1313631267236221,0.18170950046879733,0.19016079202268027,0.17670919116537484,0.1329233391683333,0.14360696068166048,0.27246207159493996,0.20727245798566973,0.21841177368934353,26.190000534057617,190.31,2.18,0.32
177,2022-06-17,ZW=F,20,1,0.016427693864746407,0.021679695759030698,0.02701357523775875,0.025343409029608435,0.028934222171505295,0.6482037931658723,0.006513165615963098,0.0187227561269196,-0.0628996876779501,-0.13228438311035728,0.011426030802162493,-0.019607843137254943,-0.03934126258005488,-0.10151187904967607,-0.13369429404414823,-0.18590998043052842,-4.16628301864316,0.051728305535412133,0.1867901466490111,0.1550750596147574,0.8703354921848234,0.8703354921848234,0.8703354921848234,0.956233882360618,0.19496708060567952,0.19093845232033438,0.1564599935970273,0.15567914866920257,0.1619416586608798,0.17701699713661748,0.18350146376313886,0.22772815782764808,0.18983322495106136,0.23887178061411815,31.1299991607666,114.05,2.13,0.08
178,2022-07-22,ZW=F,1,0,0.02668804755871753,0.03552248790713545,0.03659725179125179,0.03304663548122273,0.030044646803730198,0.8075874342452143,0.0149955949603569,-0.022383273889671,-0.1270764960045825,-0.1915808822067508,-0.2846542373681035,-0.016168395363026278,-0.11657662780779077,-0.11657662780779077,-0.1712456655108029,-0.2796197542313935,-6.03920907143522,0.07015810276679842,0.8298221588359447,0.7495369833592516,0.9905768704628244,0.9905768704628244,0.9905768704628244,0.9905768704628244,0.1487792706912169,0.2064674226605238,0.24918571492662805,0.26459549335944416,0.24727995311158588,0.22371901726767615,0.16549333635976285,0.28012032173836954,0.26702322334602024,0.22272684291786368,23.030000686645508,125.48,2.28,-0.21
179,2022-09-19,ZW=F,2,0,0.013838591798633518,0.022048740841008652,0.02620945541943707,0.025162926974070014,0.02418071274844094,0.5499595421825911,0.007589061525559101,0.10313366669578189,0.11057586250776558,0.1615444288521962,0.09414772689806719,-0.010248901903367469,-0.019358741681790637,-0.05426829268292688,-0.05426829268292688,-0.09774899784150481,-3.4613720259026004,0.050571944611679714,0.1593351143757486,0.5210639563229605,0.7156857475610929,0.7156857475610929,0.7156857475610929,0.7156857475610929,0.08663543594094499,0.21412880341019364,0.14391238795719524,0.12238093182173705,0.10052737140452907,0.09038391384942625,0.29251174872349317,0.2774426094705828,0.23618639440491213,0.20796516900152598,25.76000022888184,122.18,2.15,-0.46
180,2022-10-31,ZW=F,3,1,0.0082077173915057,0.008438629113079299,0.024108975309755316,0.0213919868003191,0.02635564390499862,0.38368186499550694,-0.0255966355538532,-0.0361199714852138,-0.0596842802080001,-0.1054810992827159,-0.03611997148521347,-0.013384889946460476,-0.03687572590011612,-0.1159381663113006,-0.1159381663113006,-0.1159381663113006,6.19537847282175,0.044771890053839615,0.5440561654064686,0.0367195995729143,0.3681988457051236,0.8051456424382408,0.8051456424382408,0.9639718548585644,0.2703888159229194,0.07983591451737018,0.09231241499686048,0.10979251536624976,0.10315673996182774,0.10481947308480158,0.05373853873411801,0.0725591072513371,0.08365910920843928,0.16198466286278304,25.8799991607666,113.79,2.28,-0.41
181,2023-06-16,ZW=F,12,1,0.021901294040124267,0.017346402276348302,0.020207172440422676,0.020578169630317136,0.022516751312012633,1.0642974780350638,0.0547603311559356,0.0798222734171603,0.0872175413033173,0.05595865364804449,0.054760331155936,-0.009430255402750443,-0.017522899243329393,-0.04058441558441561,-0.05022097227802336,-0.10556186152099889,3.92788543783333,0.059593023255813955,0.4004995919943928,0.2027820409998664,0.2027820409998664,0.2027820409998664,0.3643083863209555,0.4894057002334765,0.11596265600322898,0.01615803104309959,0.015403503955555639,0.019542701188294157,0.02562084743706351,0.029168441970234143,0.21679312411192062,0.18959325363239393,0.1466850872855362,0.13809414377297285,13.539999961853027,111.43,1.96,-0.93
182,2023-07-12,ZW=F,14,1,0.029969379914205434,0.030684788427832916,0.030182189797820433,0.029868146883195498,0.026624075999572307,1.0033893308281168,0.032866808080352396,-0.10893380053880519,-0.057586001822688915,0.030086270042625506,0.07221481652706219,-0.03889728096676737,-0.08248175182481754,-0.1495263870094723,-0.1495263870094723,-0.1495263870094723,-4.446925869981571,0.03822937625754527,0.5109955682834435,0.825702545217102,0.8618666417163175,0.8618666417163175,0.8618666417163175,0.8618666417163175,0.0804189057224812,0.07908198675357579,0.09328976030594081,0.11219713001805479,0.09346414827196177,0.06907892473274464,0.24218102252699839,0.2172318563232635,0.24012737933811507,0.18410973845769274,13.539999961853027,203.19,1.88,-0.86
183,2000-03-16,^GSPC,1,0,0.019716250342048193,0.01797290396763262,0.01586272350410809,0.015682419873097975,0.014297987460391435,1.2572198998363737,0.0184431028282268,0.009345814253035798,0.022850261122463206,-0.007093344050981797,-0.012236814370790147,-0.030349020661095127,-0.03800112630708408,-0.03800112630708408,-0.03954592369431653,-0.07516021665338757,4.65457788590508,0.04547227411003177,0.972064040665358,0.1318598287568431,0.1318598287568431,0.1318598287568431,0.1318598287568431,0.1318598287568431,0.972064040665358,0.0787220480354008,0.05703658178384151,0.04325238169175403,0.04269708860347578,0.03639586904599377,,,,,20.770000457763672,68.68,2.16,-0.24
184,2000-04-13,^GSPC,4,1,0.013461529746733357,0.010696349451019205,0.010362641812302816,0.014990227148237542,0.015752067506050134,0.8980203977973796,-0.0136740512243426,-0.027793645526585302,-0.022556288386641178,0.05249326306349142,0.06183907731652721,-0.032433100822665484,-0.032433100822665484,-0.039470702037376904,-0.039470702037376904,-0.039470702037376904,-1.8338180821660701,0.026504538984182067,0.0409340022614211,0.0285208485830552,0.0481701075178439,0.6246519214056495,0.972064040665358,0.972064040665358,0.0409340022614211,0.0110069120597811,0.015872772068927295,0.10076971952953845,0.2731430195290404,0.20110754028064085,,,,,29.399999618530277,44.2,2.45,-0.46
185,2001-01-02,^GSPC,2,0,0.012441404878250005,0.01706244774902453,0.015506640318889157,0.016655850799529845,0.015342181092206853,0.7469690397683676,0.035007500336075706,-0.015519585635441004,-0.0174715434440226,0.004045252545684601,-0.05132323180586722,-0.010448008358699412,-0.043848375665820005,-0.08365451747731723,-0.08365451747731723,-0.08365451747731723,-2.84323345214164,0.034466620271317666,0.166515509981288,0.3024216332833631,0.3024216332833631,0.3024216332833631,0.3949022152908648,0.3949022152908648,0.1709318965127276,0.04860647998460459,0.08475431433294822,0.08739720375958669,0.08750437384407315,0.06577949635704007,-0.04049938333782387,-0.017398590703998185,-0.0008336387908990245,0.011642911630155763,29.989999771118164,48.01,2.99,0.05
186,2001-03-09,^GSPC,23,1,0.005941980652042065,0.009441471673298708,0.01132453026440393,0.010680315443314952,0.009700068020710073,0.5563487973345659,0.0187637520137657,0.009469592241227301,-0.0396695144406174,-0.05846702378611292,-0.07577495264029191,0.0,-0.026403163379889127,-0.06967377952920373,-0.0738069487543429,-0.10158468457549041,-2.50757253239428,0.02944653483405922,0.0388824187930939,0.0076978109629186,0.0209788951998925,0.0427842565725762,0.0427842565725762,0.0427842565725762,0.024162234960037183,0.008203391313622733,0.008130306106360223,0.009621600409372214,0.011954554824991276,0.03199727737979883,-0.07946947527310844,0.06722750201868148,0.055598440305529497,0.08914426356107052,25.6200008392334,48.48,2.82,0.48
187,2001-09-17,^GSPC,6,1,0.012596758989919844,0.010197130177219677,0.011920788745537583,0.010853253329694279,0.009914242334566812,1.160643597570451,-0.036875431220796506,-0.08117845009718651,-0.061611518983885505,-0.085582484241907,-0.09865449254761312,-0.041626136025214366,-0.07923095524595636,-0.0836758457628336,-0.08856786030768571,-0.11056315437487196,-5.04679566281062,0.05302432404610132,0.9658431117697652,0.0435531198446648,0.0435531198446648,0.0435531198446648,0.0435531198446648,0.0435531198446648,0.2952001277042375,0.04528030802793812,0.027760129074280736,0.025425029685633944,0.026657090322962092,0.02329729342317057,,,,0.08396908366518466,41.7599983215332,744.77,3.45,1.67
188,2002-07-05,^GSPC,43,1,0.017235002600594712,0.013354748414884349,0.014509454057809673,0.013618755760270138,0.01258059562201911,1.2655343046002936,-0.020275492095422603,-0.06689491375801021,-0.067159606352375,-0.0957970447981548,-0.12395202837903942,-0.04295201805276272,-0.057836162977560224,-0.08586110509211653,-0.08586110509211653,-0.13580589853725467,3.60715154784126,0.03546911221167164,0.4646513522187853,0.0681636272978189,0.0681636272978189,0.068255460957706,0.068255460957706,0.068255460957706,0.17598308694135031,0.047721925444501136,0.03151174245977205,0.03156944169711621,0.026183814512783083,0.021367736921189703,0.15490901971329057,0.041320273746126644,0.08002389043816024,0.07965681556204537,27.11000061035156,148.07,3.15,2.0
189,2002-09-19,^GSPC,20,1,0.012815089798267164,0.013655602124702584,0.01656480337685554,0.016287838393995627,0.018277962508081756,0.7867888597784306,-0.0449676800507816,-0.0271620816876526,-0.0724816506640227,-0.0752697260196212,0.011440081830834897,-0.024284540686977385,-0.044108263553930604,-0.05274164467959397,-0.09685259068462904,-0.09685259068462904,-3.0525863220725697,0.03126926301779227,0.4021347595135218,0.4644141960089716,0.8404766151898636,0.9266998202451476,0.9266998202451476,0.9926312966723982,0.08966380424830901,0.05192781383325652,0.08174161271735046,0.08244947173322019,0.08530943569173566,0.10706105378602923,0.089870453720972,0.18335756974599574,0.15009204979369065,0.08967837655866344,40.650001525878906,186.92,3.55,1.86
190,2008-03-14,^GSPC,4,1,0.020836665528593624,0.017916310137892896,0.015564653847195152,0.014078094364776386,0.014154100984396388,1.48007713179756,0.008504463680239303,-0.038914309789497496,-0.020354312151398896,-0.038570535249717694,-0.0301975017327847,-0.01546347918654778,-0.0452350290645791,-0.07812989371773016,-0.07812989371773016,-0.08746473820388112,-2.10022743914945,0.03618394337690334,0.206447996535477,0.4185715602201387,0.4185715602201387,0.4185715602201387,0.4185715602201387,0.4185715602201387,0.26178350310387805,0.21673390445223695,0.17405050342480227,0.15617883034971727,0.13907383536478782,0.11574271958029458,0.33004980494270575,0.2244678916788972,0.21679162752130884,0.21085174036437163,31.15999984741211,89.45,3.42,1.97
191,2008-09-08,^GSPC,75,1,0.013534337105233435,0.014487403826533428,0.012653497379326912,0.012816873997100811,0.014069801565651897,1.0559780105737886,-0.04591464897232439,-0.0281046197346155,-0.039938405246205594,-0.018944975073449697,-0.008200923825606887,-0.03585822094572211,-0.04908977997631381,-0.04908977997631381,-0.052469887117781,-0.052469887117781,2.0302661013164798,0.021533572584552504,0.0735627435560783,0.0980759527580948,0.0980759527580948,0.0980759527580948,0.1429237384103387,0.1429237384103387,0.12462593235021957,0.14626724842280034,0.17421841633693588,0.23083270113216267,0.26601795050304267,0.23085683637316684,0.19544251016165393,0.27622066917242066,0.26561455560736896,0.2509828420367456,22.63999938964844,85.22,3.37,1.36
192,2008-12-29,^GSPC,78,1,0.010800520452584325,0.020487963797267587,0.023811103451161206,0.032365101386634995,0.03927035419059142,0.33370884038213905,-0.014197591710339498,-0.0009047682473760869,0.0321095066943667,-0.016904888902641593,0.023767857327009312,-0.027841635809271237,-0.054775641092050575,-0.054775641092050575,-0.0892952436107991,-0.17431331345242895,-0.38801175284807,0.019127700317110155,0.0888265601881405,0.7723827488682615,0.9995057560634248,0.9995057560634248,0.9999999999985504,0.9999999999985504,0.3759702228474398,0.5129920203252623,0.5601163099507757,0.5932195861655419,0.5927055044379463,0.5700864497365725,0.12289543249591528,0.2404230527439585,0.30498571297182264,0.31782952948951304,43.900001525878906,156.54,5.92,1.35
193,2010-05-06,^GSPC,21,1,0.016951189987436045,0.01415804517466896,0.01246244944060821,0.011335484510871477,0.0096146701935793,1.4954093908538921,-0.0216279141635128,-0.0337917119928184,-0.0376898403792895,-0.014120930654717501,-0.007093967194951209,-0.03390015842698657,-0.04223353126838281,-0.04223353126838281,-0.04223353126838281,-0.04223353126838281,-3.2888440643963603,0.09022728785123685,0.3221579511390228,0.0654611177188421,0.0654611177188421,0.0654611177188421,0.0654611177188421,0.0654611177188421,0.06466468010032422,0.026864428425930682,0.03150043357121264,0.03154779604102872,0.02635653720516219,0.029666438577283953,0.08310104279463786,0.14144066253465687,0.1523912536534215,0.16951809307483523,32.79999923706055,69.15,2.41,2.66
194,2011-08-04,^GSPC,27,1,0.011439517309286128,0.011352354292064566,0.01098476222264428,0.010654353072196292,0.010390528267137456,1.0736942197963018,-0.0347372585468157,-0.0506646963403016,-0.044521449469277996,-0.060705834341410594,-0.027530675318457907,-0.035843060531920434,-0.06763465924829037,-0.06763465924829037,-0.07328440609952858,-0.07328440609952858,-4.90016550437416,0.050572003401901315,0.949865286589224,0.048165324859541,0.048165324859541,0.048165324859541,0.048165324859541,0.048165324859541,0.22460498330011802,0.03595609867868159,0.02555402597254779,0.03787682416427988,0.057593965065669814,0.06853252785052878,0.058301876462588165,0.13008650331425034,0.18444634296428608,0.1713181801996269,31.65999984741211,77.04,2.77,2.2
195,2011-09-19,^GSPC,38,1,0.0047149839933117756,0.018193952636001123,0.016926981157606137,0.017381249965686817,0.02599485381847162,0.2712684071985535,0.052141577160648,0.009576855472168194,0.04778450170278411,0.06397671846485979,0.013195171555786098,0.0,-0.03703426843308877,-0.05304829262904187,-0.05304829262904187,-0.0672151380201561,-0.9850948688080299,0.022116291671503325,0.1378943118438098,0.7001869696296871,0.8702058314437866,0.9269192239247191,0.9754302595294596,0.9999995605817344,0.17820631206540818,0.20405145256363438,0.22203832894632392,0.224551609883421,0.2378673449740736,0.24701987589258062,0.00790758885803564,0.10302172480531184,0.1431511086149914,0.20136514971470815,32.72999954223633,56.63,3.31,1.81
196,2015-08-21,^GSPC,6,1,0.010788543849817115,0.009331884027538508,0.007761062730572599,0.008040432331122671,0.007637479041971,1.3417865365345012,-0.0231418558156143,-0.023223529950275802,-0.035183924600236303,-0.032106116728666236,-0.007624174681905139,-0.031729781966033266,-0.032530464787060676,-0.032530464787060676,-0.03457216600123103,-0.04348584187894722,-3.23692425218784,0.03206162745591965,0.1949161825476411,0.0161487522937432,0.0161487522937432,0.0161487522937432,0.0161487522937432,0.0161487522937432,0.03985072406841008,0.03869628685455775,0.04206131020558341,0.030459113432396354,0.026347693101463877,0.023784781085560015,0.24375677384604982,0.21091363716631747,0.21154752672504207,0.2203042570390915,28.030000686645508,86.26,3.1,1.41
197,2018-12-21,^GSPC,3,1,0.008374018523536019,0.011106556577742933,0.013140798507991804,0.014052800116565841,0.013519364907047278,0.5958967930999379,-0.071590368903528,-0.0885775901143033,-0.10616715190141712,-0.0683214907894128,-0.11040771227077581,-0.05097406941896698,-0.06927396928366647,-0.1157374046271723,-0.1157374046271723,-0.12312847479106026,-2.0803120498540597,0.03966691438156743,0.0574258819041316,0.0496393157291416,0.1806321289680372,0.1808807932807405,0.1808807932807405,0.1808807932807405,0.025056997850855443,0.0345829552017554,0.027319592477689014,0.025306155633449973,0.027037791018459965,0.03952761844959347,-0.030833473049461955,0.050321530710488366,0.12025159831384302,0.11243918130757968,30.11000061035156,210.32,2.31,0.16
198,2020-02-24,^GSPC,42,1,0.005855411754282575,0.0056710309988966725,0.008455351635554734,0.00877361589042195,0.0075205578712641335,0.6673886602073448,-0.0107842562641946,-0.002402931721863198,0.0163383001014872,0.0036648486054283967,0.0257038944777263,-0.01429349076077513,-0.01429349076077513,-0.01429349076077513,-0.02122609272538767,-0.03126485724869488,-3.4088079420440702,0.013999286322171426,0.148458623920597,0.0012615609248471,0.0066525949997566,0.0147379880888644,0.0147379880888644,0.0147379880888644,0.03598632262286267,0.007193848105940246,0.004584099789471077,0.004347307525029619,0.004266253320108556,0.0035043523517218093,0.07372423567705239,0.08968371448803703,0.1498734022260338,0.10443602894868208,25.030000686645508,80.92,2.13,0.12
199,2020-06-11,^GSPC,1,0,0.01434368839552174,0.010334092297212985,0.010002922925623402,0.012316554651839813,0.013925472501691244,1.164586103905212,0.021312280988929004,0.049481129789644196,0.0874748302916934,0.10571088773368201,0.1080585692373711,-0.013070824190178909,-0.013070824190178909,-0.013070824190178909,-0.013070824190178909,-0.04065643912372796,-6.07526929962889,0.0413177559133816,0.9982743389583866,0.046769091538696,0.046769091538696,0.168373865418999,0.2766235656433526,0.8404585056367431,0.20760623804441575,0.036336668846441315,0.027829681900080984,0.04176605900910875,0.07233489948948657,0.12116175104217132,-0.059824864501755795,0.07212269799036607,0.1239764180864853,0.12114872309093824,40.790000915527344,87.41,2.91,0.47
200,2022-04-26,^GSPC,17,1,0.017334459802009212,0.013668896443029264,0.011967383321595606,0.011610261239201483,0.012440846869434708,1.4930292647921004,-0.022001788441362,-0.043757189943523005,-0.056504581521389506,-0.05588848966446341,0.02160211352626309,-0.04267620247551984,-0.04267620247551984,-0.06783433616611267,-0.07768812179662954,-0.07768812179662954,-2.85500089285977,0.024693450094201604,0.2128561819721732,0.0918539125174374,0.0918539125174374,0.0918539125174374,0.0918539125174374,0.1224193086260594,0.047777041764132944,0.030840867250695736,0.03967098421716203,0.05588843601693918,0.08894919773640961,0.17507593147867812,0.32624915527940307,0.3338858802184237,0.2961713178441223,0.18839989020329856,33.52000045776367,160.54,2.06,0.23
201,2022-06-09,^GSPC,6,1,0.014319050713693675,0.014161458219760257,0.017171932265461595,0.01676346871281342,0.019188615485750855,0.8541818497712639,0.003539017704328599,0.04326965932198059,0.0065621608538769995,0.028269102784676495,-0.014336366464963701,-0.016347313992415624,-0.016347313992415624,-0.016347313992415624,-0.045993385451217006,-0.09287537238490307,-2.40864576651555,0.0253695222899496,0.120730834823783,0.2636741542514269,0.6176238706318524,0.9897436627717844,0.9897436627717844,0.9897436627717844,0.07096514081883529,0.14399676379158136,0.14128769116156414,0.1655634465517821,0.17287747263402253,0.16216214253852762,0.25155363116041435,0.19807899116360272,0.15232943566023247,0.19191954794281546,26.09000015258789,115.55,2.07,0.21
202,2022-11-10,^GSPC,1,0,0.014646296666233793,0.015477576164423934,0.015253848040707306,0.016621347456027363,0.017251483966093547,0.8811738461626731,-0.0029620394505766034,-0.0216470222210829,0.014350620722594201,0.04684159681066179,0.007908871191131008,-0.02077788695478977,-0.046441265526410036,-0.046441265526410036,-0.046441265526410036,-0.05642412447628098,5.39525156647976,0.024881439964179602,0.9921231796207166,0.080385398323387,0.157544141741415,0.3705360257967208,0.7093275119732306,0.7093275119732306,0.29659942313313437,0.25543915972801107,0.23370930243306068,0.17770892687867518,0.16645510706902814,0.1449408172895766,0.19461274626247604,0.14835109377328162,0.1806538840586996,0.13360199194075734,23.530000686645508,98.15,2.36,-0.52
203,2025-04-03,^GSPC,7,1,0.01104062266809371,0.010207902745956707,0.011453467015849199,0.01253540084722597,0.01213565495438426,0.8807554543049936,-0.007244055791643799,-0.0007614534358995001,0.012718661784073302,-0.029820801044401688,-0.0801401768852353,-0.01973722070834405,-0.033879491443318255,-0.033879491443318255,-0.043097321992964566,-0.09742510005642258,-4.960591182899661,0.020142556061654677,0.9173106100067616,0.0222131972275195,0.0222131972275195,0.048173665466779,0.0893139871440482,0.0893139871440482,0.16342033212097454,0.009130729097866854,0.00984770989192981,0.012996133983072268,0.01672546459145772,0.018998710060928906,-0.05917927622280065,-0.026250942308748842,-0.030427841521191733,0.012611754736200822,30.020000457763672,97.94,1.89,0.35
